text,difficulty,importance
have networking event easy simple,0.083,0.113
ship unit testing simple urgent need,0.148,0.934
lead networking event hard zero payoff,0.606,0.027
complete expense report extreme critical,0.804,0.87
finish email low priority,0.305,0.151
do meditation simple worth doing,0.121,0.481
go for stretch difficult pointless,0.676,0.056
study for homework hard needs focus,0.696,0.657
do workout easy very important,0.085,0.834
handle groceries complex nobody asked for,0.723,0.05
have doctor appointment hard cannot miss,0.633,0.886
have presentation quick nothing important,0.069,0.034
complete timesheet quick but matters,0.118,0.698
complete deployment complex nobody asked for,0.687,0.087
complete documentation hard needs focus,0.711,0.63
simple expense report,0.185,0.147
go to team standup easy should do,0.186,0.579
run slides hard doesn't matter,0.599,0.076
do walk hardest thing ever very important,0.906,0.958
write deployment easy no big deal,0.131,0.089
review exam prep quick urgent,0.124,0.929
handle groceries difficult pointless,0.677,0.08
write email hard very important,0.744,0.929
lead slides important needs focus,0.437,0.691
submit timesheet hard doesn't matter,0.652,0.031
go for walk decent effort important,0.398,0.572
write unit testing complex nobody asked for,0.562,0.09
get dishes brutal intense,0.922,0.947
go to sprint planning easy no big deal,0.146,0.175
lead interview not hard but important,0.231,0.685
have doctor appointment complex nobody asked for,0.693,0.052
have presentation extremely hard life or death,0.935,0.945
lead networking event quick nothing important,0.047,0.067
complete deployment quick can't miss,0.051,0.921
push documentation difficult pointless,0.781,0.106
get dishes hard critical,0.606,0.899
go for stretch simple critical,0.089,0.936
go to dentist hard zero payoff,0.693,0.078
complete performance review hard needs focus,0.631,0.618
do exam prep light and simple,0.069,0.134
work on documentation important moderate effort,0.393,0.775
join sprint planning hard demanding,0.785,0.72
finish deployment not urgent,0.37,0.23
take care of groceries easy should do,0.08,0.528
finish vacuuming hard zero payoff,0.739,0.078
ship deployment hard quite important,0.588,0.644
attend sprint planning easy moderate important,0.14,0.671
moderate study session,0.419,0.424
have doctor appointment tough no benefit,0.598,0.052
fix documentation extremely hard life or death,0.847,0.975
write performance review not difficult,0.186,0.313
take care of dishes complex nobody asked for,0.624,0.033
do cooking extreme critical,0.948,0.931
go to team standup simple urgent need,0.169,0.911
run interview hard waste of time,0.721,0.077
do gym session simple pointless,0.027,0.034
have slides easy but critical,0.083,0.82
write email not important but hard,0.71,0.164
lead team standup hard demanding,0.789,0.688
join team standup takes no time,0.083,0.087
refactor code review quick urgent,0.083,0.886
go for stretch complex nobody asked for,0.686,0.073
prepare for presentation extreme critical,0.912,0.943
study for study session simple enough,0.178,0.197
go through study session easy must do,0.154,0.85
review performance review complex nobody asked for,0.603,0.083
take care of groceries hard needs focus,0.722,0.594
attend networking event medium effort,0.464,0.474
debug documentation simple critical,0.12,0.886
take care of dishes tough no benefit,0.678,0.052
lead retrospective hard hard,0.573,0.694
go for stretch this week,0.308,0.469
review homework simple worth doing,0.153,0.552
push email complex nobody asked for,0.601,0.077
do doctor appointment grueling most important,0.939,0.944
go for meditation moderate doesn't matter,0.386,0.192
go for run simple urgent need,0.152,0.845
have standup tough no benefit,0.63,0.044
lead retrospective complex very important,0.733,0.857
submit invoice important needs focus,0.392,0.757
finish cleaning not important but hard,0.688,0.201
have doctor appointment difficult needs doing,0.682,0.571
have dentist barely anything,0.065,0.075
complete code review quick can't miss,0.131,0.865
take care of groceries not important but hard,0.722,0.215
write email not urgent,0.311,0.198
get checkup simple worth doing,0.106,0.611
join meeting hard nobody cares,0.711,0.112
take care of vacuuming hard quite important,0.71,0.734
finish cleaning not hard,0.184,0.344
go for gym session hard waste of time,0.75,0.087
do dishes moderate effort,0.354,0.398
run team standup quick urgent,0.091,0.888
finish dishes complex nobody asked for,0.563,0.053
review homework complex very important,0.612,0.925
prepare for homework easy no effort,0.069,0.077
prepare for homework easy but critical,0.144,0.845
review report brutal intense,0.833,0.865
prepare for sprint planning standard routine,0.434,0.46
do dishes quick but matters,0.172,0.696
review unit testing hard zero payoff,0.718,0.073
join slides hard quite important,0.723,0.636
finish homework regular task,0.342,0.365
push report simple worth doing,0.11,0.466
do expense report hard nobody cares,0.8,0.055
handle shopping easy no effort,0.05,0.024
have checkup simple urgent need,0.136,0.833
go to medication tough no benefit,0.584,0.069
debug report difficult needs doing,0.743,0.527
fill out timesheet simple critical,0.088,0.94
go to dentist difficult pointless,0.739,0.05
go through exam prep hardest thing ever very important,0.952,0.935
review email moderate doesn't matter,0.314,0.147
file timesheet easy moderate important,0.093,0.692
submit expense report hard doesn't matter,0.637,0.093
take care of shopping extreme critical,0.921,0.904
do yoga whenever,0.456,0.139
handle groceries easy very important,0.108,0.868
do yoga hard zero payoff,0.667,0.06
go for meditation brutal intense,0.832,0.92
get laundry simple critical,0.089,0.944
write report not important but hard,0.729,0.174
go for run difficult urgent,0.594,0.904
take care of vacuuming not important,0.311,0.054
have slides medium priority,0.441,0.554
get dishes difficult pointless,0.744,0.052
hard budget session,0.593,0.597
pointless call with client,0.257,0.028
do medication quick can't miss,0.086,0.88
do workout hard waste of time,0.609,0.024
attend retrospective moderate nothing special,0.394,0.338
review documentation important moderate effort,0.488,0.696
finish deployment not important but hard,0.615,0.194
complete unit testing hard quite important,0.712,0.79
complete invoice easy simple,0.147,0.13
finish reading quick can't miss,0.128,0.888
do taxes hard zero payoff,0.661,0.07
hard unit testing session,0.675,0.553
review email moderate effort,0.335,0.361
complete code review quick but matters,0.149,0.594
do groceries hard waste of time,0.741,0.076
fill out expense report light and simple,0.093,0.145
prepare for sprint planning important moderate effort,0.465,0.614
go for workout hard waste of time,0.719,0.086
finish assignment tough challenging,0.644,0.561
do invoice not a priority,0.308,0.133
write report simple worth doing,0.168,0.571
do dusting complex nobody asked for,0.742,0.087
lead retrospective not critical should do,0.413,0.483
work on unit testing simple worth doing,0.156,0.548
finish performance review tough no benefit,0.632,0.046
get doctor appointment tough urgent must do,0.682,0.9
do cleaning simple urgent need,0.177,0.861
complete deployment extreme critical,0.913,0.913
go through reading decent amount of work,0.46,0.486
fill out invoice easy moderate important,0.095,0.695
study for study session hard doesn't matter,0.612,0.021
do groceries hard critical,0.748,0.941
take care of cleaning straightforward,0.16,0.213
join presentation simple worth doing,0.18,0.646
finish study session hard quite important,0.723,0.655
go for run not a priority,0.253,0.08
go for meditation quick urgent,0.111,0.898
do checkup not important but hard,0.787,0.23
study for study session hardest thing ever very important,0.9,0.986
prepare for homework regular task,0.449,0.441
mandatory code review,0.496,0.914
tough performance review,0.743,0.466
join team standup tough challenging,0.655,0.591
go to slides straightforward,0.109,0.222
do laundry tough no benefit,0.675,0.091
do workout extreme critical,0.81,0.913
do timesheet barely anything,0.035,0.01
fix report quick but matters,0.097,0.56
go for walk tough no benefit,0.709,0.043
do dentist hard quite important,0.599,0.682
review homework simple enough,0.098,0.173
join networking event quick can't miss,0.1,0.908
take care of groceries hard waste of time,0.692,0.073
do run whenever,0.423,0.126
review homework easy should do,0.182,0.471
do workout tough no benefit,0.665,0.099
critical call with client,0.46,0.878
do doctor appointment hard waste of time,0.736,0.078
hard code review,0.574,0.588
attend standup not hard,0.086,0.273
have call with client important needs focus,0.415,0.683
take care of shopping difficult needs doing,0.601,0.706
finish documentation standard routine,0.461,0.394
review assignment quick can't miss,0.136,0.922
lead slides tough no benefit,0.568,0.052
have dentist tough challenging,0.641,0.635
take care of vacuuming quick can't miss,0.097,0.912
fix code review difficult urgent,0.68,0.818
lead presentation medium effort,0.499,0.323
get checkup quick urgent,0.107,0.887
finish laundry hard doesn't matter,0.727,0.085
prepare for reading hard very important,0.557,0.856
have dentist moderate effort,0.471,0.365
get dusting standard routine,0.349,0.325
fill out budget easy very important,0.163,0.883
do invoice complex nobody asked for,0.616,0.032
lead standup hard very important,0.722,0.822
finish report this week,0.46,0.372
submit budget easy but critical,0.086,0.918
review study session hard nobody cares,0.635,0.025
do walk tough challenging,0.699,0.595
push code review not hard,0.166,0.389
work on deployment important needs focus,0.442,0.793
get medication hard zero payoff,0.685,0.029
attend team standup hard demanding,0.78,0.614
take care of vacuuming easy no big deal,0.108,0.143
handle groceries easy should do,0.199,0.556
complete expense report hard zero payoff,0.62,0.076
hard study session session,0.636,0.678
go for yoga not difficult,0.148,0.346
run team standup decent effort important,0.433,0.625
review unit testing not important but hard,0.613,0.225
lead standup tough challenging,0.699,0.575
do meditation simple pointless,0.067,0.045
go through exam prep simple worth doing,0.122,0.583
do stretch hard nobody cares,0.794,0.08
do shopping hardest thing ever very important,0.916,0.915
prepare for meeting quick doesn't matter,0.048,0.045
do vacuuming important moderate effort,0.415,0.761
go for run hard waste of time,0.606,0.042
finish dusting hard cannot miss,0.601,0.937
write report quick nothing important,0.031,0.071
do meditation not hard but important,0.132,0.684
do dusting tough no benefit,0.612,0.046
write deployment hard needs focus,0.581,0.701
file invoice decent amount of work,0.439,0.385
go to meeting simple worth doing,0.113,0.601
file budget hard zero payoff,0.622,0.074
review assignment extremely complex critical,0.85,0.855
prepare for interview simple pointless,0.021,0.024
attend meeting quick urgent,0.133,0.879
review homework not important but hard,0.749,0.126
extreme doctor appointment,0.835,0.812
study for exam prep quick nothing important,0.052,0.079
finish dusting quick but matters,0.172,0.672
join meeting hard zero payoff,0.742,0.053
file taxes hard hard,0.743,0.534
join presentation moderate doesn't matter,0.318,0.177
do cleaning complex nobody asked for,0.617,0.033
go for stretch extremely complex critical,0.826,0.941
have call with client straightforward,0.128,0.139
file budget not important but hard,0.693,0.185
join team standup regular task,0.473,0.425
do gym session easy very important,0.127,0.895
study for reading tough no benefit,0.651,0.045
do expense report hard needs focus,0.624,0.607
fill out expense report quick but important,0.095,0.871
work on deployment tough no benefit,0.671,0.06
go to medication tough challenging,0.712,0.667
get medication not a priority,0.329,0.085
go for walk quick but matters,0.132,0.622
go to dentist hard waste of time,0.677,0.082
hard performance review,0.712,0.42
do doctor appointment no rush,0.321,0.209
go for stretch decent effort important,0.316,0.683
debug unit testing hard zero payoff,0.626,0.077
run standup grueling most important,0.899,0.929
take care of cleaning not critical should do,0.273,0.434
go to interview easy but critical,0.086,0.827
attend team standup not important but hard,0.638,0.25
do dishes difficult urgent,0.719,0.815
file invoice standard routine,0.475,0.424
fill out taxes quick urgent,0.091,0.933
join presentation not important but hard,0.609,0.155
do reading extreme critical,0.843,0.925
prepare for reading medium priority,0.436,0.614
do study session hard waste of time,0.756,0.06
hard slides session,0.71,0.528
push performance review not important,0.375,0.075
go for gym session simple urgent need,0.109,0.914
tough networking event,0.579,0.487
study for study session extremely hard life or death,0.933,0.993
refactor unit testing not urgent,0.376,0.135
have medication quick can't miss,0.053,0.943
handle shopping hard doesn't matter,0.578,0.049
do taxes hard quite important,0.702,0.694
lead team standup barely anything,0.002,0.022
complete timesheet hard waste of time,0.624,0.039
do laundry extremely hard life or death,0.809,0.984
go for workout not a priority,0.315,0.166
do study session easy but critical,0.111,0.836
do cooking difficult pointless,0.705,0.056
finish homework demanding critical,0.775,0.854
refactor documentation this week,0.449,0.421
submit budget quick can't miss,0.123,0.913
fill out expense report hard doesn't matter,0.559,0.075
do groceries easy no big deal,0.086,0.158
refactor code review important needs focus,0.39,0.758
finish dishes hard waste of time,0.703,0.099
go for workout hard very important,0.557,0.897
prepare for meeting simple pointless,0.089,0.027
take care of laundry tough no benefit,0.745,0.06
study for exam prep extremely complex critical,0.79,0.858
take care of dishes whenever,0.401,0.162
go for workout decent effort important,0.321,0.616
get checkup not important but hard,0.721,0.164
go for stretch hard cannot miss,0.689,0.923
write deployment decent amount of work,0.478,0.458
study for reading hard nobody cares,0.629,0.081
go for walk hard quite important,0.563,0.756
run team standup no rush,0.487,0.105
ship documentation quick but matters,0.175,0.574
join retrospective hard critical,0.742,0.853
prepare for slides not critical should do,0.347,0.412
submit taxes important moderate effort,0.441,0.643
work on documentation not important but hard,0.64,0.12
refactor unit testing difficult needs doing,0.73,0.611
go for workout should take some time,0.492,0.41
fill out timesheet easy must do,0.151,0.939
prepare for call with client tough no benefit,0.652,0.03
do taxes not difficult,0.217,0.31
handle shopping easy very important,0.111,0.95
finish documentation hard zero payoff,0.754,0.086
have dentist tough urgent must do,0.728,0.895
complete timesheet easy no big deal,0.168,0.158
do cleaning easy must do,0.157,0.819
go to sprint planning difficult pointless,0.704,0.05
take care of vacuuming barely anything,0.02,0.064
push unit testing quick urgent,0.124,0.911
run sprint planning hard doesn't matter,0.668,0.078
do dusting extreme critical,0.908,0.911
take care of dusting easy no effort,0.006,0.095
submit expense report not important but hard,0.778,0.182
finish assignment brutal intense,0.837,0.921
prepare for reading not difficult,0.092,0.212
go to team standup easy moderate important,0.136,0.568
do assignment tough no benefit,0.697,0.089
join presentation hard cannot miss,0.703,0.861
fix performance review easy simple,0.112,0.11
do study session important needs focus,0.539,0.773
do yoga hard doesn't matter,0.713,0.113
take care of laundry difficult needs doing,0.65,0.629
finish cleaning not urgent,0.256,0.242
debug deployment quick can't miss,0.072,0.885
get dentist not important but hard,0.72,0.226
do exam prep difficult urgent,0.657,0.927
do walk this week,0.446,0.503
go for walk easy should do,0.086,0.562
take care of vacuuming difficult pointless,0.677,0.065
review performance review extreme critical,0.902,0.862
do walk moderate doesn't matter,0.459,0.101
fix code review simple critical,0.14,0.902
handle shopping hard nobody cares,0.627,0.053
go to standup extremely hard life or death,0.822,0.989
do meditation hard waste of time,0.695,0.021
go to checkup complex very important,0.717,0.92
lead sprint planning quick can't miss,0.122,0.908
ship code review hard zero payoff,0.63,0.074
finish cleaning straightforward,0.15,0.147
take care of vacuuming quick but important,0.121,0.828
join retrospective not important but hard,0.705,0.147
have dentist grueling most important,0.895,0.885
optional gym session,0.297,0.244
do workout quick can't miss,0.144,0.948
go for gym session not important but hard,0.663,0.152
go to medication straightforward,0.135,0.157
do shopping medium priority,0.485,0.631
take care of vacuuming complex nobody asked for,0.716,0.042
have presentation hard quite important,0.572,0.748
fill out timesheet simple pointless,0.074,0.042
do shopping quick but important,0.06,0.8
join sprint planning hard doesn't matter,0.551,0.075
do workout light and simple,0.126,0.114
finish code review easy very important,0.145,0.835
review code review hard zero payoff,0.776,0.034
do workout brutal intense,0.828,0.912
go for meditation quick and easy,0.03,0.072
get laundry quick but matters,0.179,0.609
do medication difficult needs doing,0.696,0.662
get dusting quick and easy,0.074,0.095
prepare for assignment easy must do,0.141,0.896
debug email hard quite important,0.645,0.787
go for meditation no rush,0.309,0.213
important expense report,0.445,0.702
do run complex nobody asked for,0.562,0.029
have medication demanding critical,0.737,0.942
do walk easy simple,0.157,0.193
handle groceries quick can't miss,0.146,0.898
handle shopping tough no benefit,0.633,0.064
ship documentation not critical should do,0.362,0.441
get cleaning simple urgent need,0.086,0.882
do laundry tough challenging,0.686,0.643
lead standup not a priority,0.289,0.087
handle groceries simple worth doing,0.135,0.462
complete email hard waste of time,0.745,0.052
go to checkup hardest thing ever very important,0.859,0.942
prepare for standup quick but important,0.079,0.777
prepare for reading hard zero payoff,0.675,0.091
get dishes demanding critical,0.616,0.946
review assignment should take some time,0.374,0.499
fix email quick urgent,0.131,0.872
review exam prep hard waste of time,0.693,0.078
do stretch demanding critical,0.765,0.875
attend meeting decent amount of work,0.388,0.475
complete report simple worth doing,0.154,0.637
review reading complex nobody asked for,0.563,0.068
intense code review,0.805,0.61
finish deployment not hard,0.12,0.243
take care of dusting not hard but important,0.249,0.647
do doctor appointment tough no benefit,0.597,0.09
fill out budget complex very important,0.66,0.809
go for stretch whenever,0.389,0.085
go to team standup not hard but important,0.148,0.683
prepare for presentation hard zero payoff,0.637,0.063
do expense report easy should do,0.109,0.491
attend call with client not important but hard,0.769,0.114
write code review hard very important,0.625,0.891
do doctor appointment light and simple,0.13,0.151
do run easy moderate important,0.105,0.681
run meeting complex nobody asked for,0.737,0.097
do medication brutal intense,0.937,0.904
go for workout not urgent,0.479,0.183
go to slides quick but matters,0.133,0.572
hard dusting session,0.624,0.583
complete budget straightforward,0.102,0.192
join networking event simple worth doing,0.115,0.489
have dentist complex nobody asked for,0.65,0.072
file expense report hard very important,0.703,0.873
have sprint planning not difficult,0.109,0.359
tough doctor appointment,0.557,0.569
attend networking event hard hard,0.632,0.669
do walk straightforward,0.101,0.186
study for study session not important but hard,0.603,0.18
do workout hard hard,0.656,0.555
attend retrospective not a priority,0.363,0.161
complete taxes simple urgent need,0.132,0.836
study for assignment hard waste of time,0.763,0.041
run presentation hard cannot miss,0.792,0.896
easy unit testing session,0.11,0.179
do shopping easy very important,0.121,0.857
go through exam prep hard nobody cares,0.741,0.028
push performance review tough urgent must do,0.713,0.936
get checkup takes no time,0.023,0.135
do gym session important moderate effort,0.309,0.615
lead interview hard doesn't matter,0.736,0.051
study for assignment hard quite important,0.7,0.743
go through homework medium effort,0.332,0.348
write deployment difficult pointless,0.7,0.117
complete invoice complex very important,0.646,0.811
prepare for homework quick but matters,0.129,0.571
ship unit testing hard doesn't matter,0.686,0.086
debug unit testing difficult urgent,0.71,0.907
run team standup straightforward,0.146,0.222
debug email easy should do,0.118,0.471
attend standup not important but hard,0.672,0.14
finish cleaning difficult needs doing,0.636,0.639
ship unit testing quick doesn't matter,0.022,0.028
get vacuuming hard zero payoff,0.678,0.027
have sprint planning hardest thing ever very important,0.918,0.969
finish documentation decent amount of work,0.41,0.399
refactor documentation simple worth doing,0.113,0.51
get laundry hard waste of time,0.789,0.078
finish assignment extremely hard life or death,0.816,0.93
fill out invoice simple worth doing,0.178,0.622
join call with client hard waste of time,0.664,0.096
go for yoga tough urgent must do,0.636,0.89
go for yoga not urgent,0.492,0.217
lead meeting important moderate effort,0.463,0.679
go to dentist complex nobody asked for,0.668,0.064
do workout extremely hard life or death,0.941,0.921
do run low priority,0.418,0.097
study for homework important moderate effort,0.432,0.743
review assignment not important but hard,0.798,0.172
review study session extremely complex critical,0.889,0.937
do dishes takes no time,0.079,0.054
do stretch simple urgent need,0.157,0.899
file expense report hard nobody cares,0.713,0.085
write email tough urgent must do,0.793,0.893
get vacuuming this week,0.344,0.499
do dentist quick but matters,0.117,0.593
go for workout tough no benefit,0.75,0.059
go to team standup hard demanding,0.623,0.738
finish cooking medium effort,0.369,0.457
get checkup medium priority,0.395,0.588
do dentist hard hard,0.72,0.63
go for meditation moderate effort,0.403,0.433
have retrospective quick but matters,0.103,0.581
join call with client hard zero payoff,0.679,0.079
have interview hardest thing ever very important,0.906,0.9
ship documentation decent amount of work,0.5,0.462
go for walk simple urgent need,0.16,0.881
take care of laundry complex nobody asked for,0.642,0.041
go to meeting extreme critical,0.858,0.889
have dentist should take some time,0.519,0.423
do checkup complex nobody asked for,0.611,0.035
finish dusting extremely complex critical,0.808,0.91
do checkup whenever,0.296,0.144
work on email not important but hard,0.724,0.23
finish vacuuming hard quite important,0.589,0.677
prepare for reading low priority,0.421,0.13
go to networking event easy must do,0.088,0.805
prepare for sprint planning hard nobody cares,0.655,0.074
complete performance review quick but matters,0.135,0.698
go to slides hard waste of time,0.775,0.023
have presentation hard demanding,0.688,0.749
prepare for interview easy must do,0.142,0.918
complete invoice hard nobody cares,0.714,0.073
go for workout difficult needs doing,0.615,0.676
finish performance review not a priority,0.397,0.162
fill out expense report simple worth doing,0.19,0.648
prepare for presentation hard doesn't matter,0.6,0.091
review unit testing low priority,0.344,0.089
go for walk not hard but important,0.212,0.739
work on unit testing not important but hard,0.665,0.1
join interview not urgent,0.304,0.164
get vacuuming important moderate effort,0.365,0.657
fix deployment not important but hard,0.758,0.234
write report tough challenging,0.675,0.667
do exam prep simple enough,0.124,0.1
do gym session quick urgent,0.142,0.88
fill out expense report tough no benefit,0.6,0.05
do checkup hard needs focus,0.629,0.611
complete email whenever,0.414,0.15
finish cooking easy moderate important,0.089,0.619
prepare for meeting hard nobody cares,0.602,0.054
join networking event complex very important,0.739,0.872
go for yoga barely anything,0.058,0.01
run standup important needs focus,0.377,0.755
fill out taxes hard doesn't matter,0.564,0.076
join team standup extremely hard life or death,0.853,0.921
optional unit testing,0.337,0.229
finish homework quick urgent,0.133,0.909
do gym session hard zero payoff,0.663,0.031
submit invoice hard critical,0.661,0.91
do run easy no effort,0.068,0.066
finish assignment not hard but important,0.191,0.638
join presentation hard nobody cares,0.757,0.099
do invoice demanding critical,0.623,0.9
go for walk not critical should do,0.472,0.302
finish study session quick urgent,0.107,0.934
fix code review hardest thing ever very important,0.859,0.926
get dishes simple worth doing,0.164,0.466
prepare for interview hard waste of time,0.617,0.026
do timesheet hard quite important,0.657,0.678
attend presentation medium effort,0.44,0.446
attend retrospective hard nobody cares,0.662,0.094
join sprint planning hard hard,0.692,0.64
have slides should take some time,0.455,0.457
do gym session medium priority,0.325,0.656
do cooking hard nobody cares,0.667,0.063
work on documentation hard very important,0.692,0.886
get dusting not difficult,0.167,0.211
do dusting medium priority,0.331,0.655
complete email complex nobody asked for,0.698,0.02
have team standup hard needs focus,0.644,0.627
file expense report takes no time,0.055,0.137
go for yoga quick can't miss,0.082,0.892
review code review difficult needs doing,0.595,0.629
go for run quick nothing important,0.09,0.089
go to call with client easy very important,0.135,0.801
go for walk hard waste of time,0.748,0.039
hard presentation session,0.696,0.609
take care of dishes quick and easy,0.093,0.003
complete performance review hard zero payoff,0.77,0.078
finish deployment extremely complex critical,0.897,0.892
finish cooking decent amount of work,0.369,0.484
do budget medium priority,0.392,0.65
have standup hardest thing ever very important,0.858,0.966
go through assignment moderate nothing special,0.352,0.313
complete documentation decent effort important,0.364,0.604
attend team standup hard doesn't matter,0.706,0.078
lead meeting difficult needs doing,0.64,0.579
go for run should take some time,0.543,0.342
have dentist important moderate effort,0.47,0.618
attend team standup hard nobody cares,0.643,0.106
review report medium effort,0.352,0.498
work on performance review quick but matters,0.136,0.61
fix email difficult pointless,0.761,0.034
do walk hard critical,0.576,0.932
attend standup easy very important,0.1,0.897
finish deployment tough no benefit,0.575,0.095
do laundry hardest thing ever very important,0.906,0.972
have interview no rush,0.421,0.126
ship code review important moderate effort,0.356,0.777
finish vacuuming complex nobody asked for,0.679,0.06
do study session hard needs focus,0.568,0.627
do dishes not critical should do,0.312,0.499
finish dishes easy should do,0.174,0.522
finish homework tough no benefit,0.733,0.06
do stretch simple pointless,0.085,0.038
do gym session easy must do,0.09,0.899
finish homework complex nobody asked for,0.665,0.099
have checkup difficult needs doing,0.585,0.648
lead networking event hard doesn't matter,0.648,0.029
do meditation hard critical,0.554,0.898
do yoga easy no big deal,0.114,0.098
prepare for team standup easy but critical,0.065,0.906
refactor documentation difficult pointless,0.769,0.106
extreme performance review,0.941,0.779
go through exam prep medium effort,0.365,0.495
take care of vacuuming easy moderate important,0.158,0.535
do dusting not urgent,0.463,0.216
fill out taxes easy must do,0.14,0.938
complete documentation difficult pointless,0.787,0.034
refactor unit testing hard cannot miss,0.796,0.867
go to checkup not hard,0.082,0.242
fix email medium priority,0.351,0.522
join sprint planning hard zero payoff,0.688,0.054
study for homework brutal intense,0.932,0.853
do dentist not important,0.358,0.078
debug code review easy must do,0.125,0.92
refactor documentation hard nobody cares,0.664,0.115
push documentation difficult needs doing,0.728,0.54
handle shopping barely anything,0.027,0.099
file invoice easy but critical,0.093,0.898
join call with client hard doesn't matter,0.561,0.053
review assignment moderate nothing special,0.359,0.269
complete timesheet hard zero payoff,0.618,0.086
run sprint planning brutal intense,0.83,0.804
go to meeting moderate nothing special,0.495,0.345
attend slides easy should do,0.137,0.629
take care of groceries difficult needs doing,0.639,0.566
easy team standup session,0.164,0.148
finish dishes simple urgent need,0.089,0.852
finish cooking complex nobody asked for,0.661,0.087
get dusting grueling most important,0.939,0.944
go to medication not important,0.26,0.059
get dusting not hard but important,0.186,0.703
have sprint planning difficult pointless,0.79,0.065
hard dentist session,0.575,0.585
submit invoice light and simple,0.15,0.155
write documentation decent effort important,0.482,0.733
go for gym session hard zero payoff,0.711,0.064
finish cooking hard hard,0.707,0.625
complete budget easy simple,0.13,0.098
debug performance review simple urgent need,0.172,0.884
get dentist decent amount of work,0.431,0.424
do checkup quick but important,0.09,0.882
do walk hard nobody cares,0.749,0.112
go for gym session tough urgent must do,0.763,0.88
go for run quick doesn't matter,0.098,0.018
do expense report decent effort important,0.354,0.633
go through study session complex nobody asked for,0.638,0.093
push deployment brutal intense,0.914,0.93
do assignment simple enough,0.087,0.185
prepare for call with client not hard but important,0.232,0.606
do groceries complex nobody asked for,0.717,0.04
handle groceries hard cannot miss,0.741,0.877
complete report not urgent,0.409,0.119
handle shopping medium priority,0.398,0.589
simple networking event,0.174,0.132
review study session quick can't miss,0.118,0.877
go to dentist hard nobody cares,0.773,0.117
do invoice brutal intense,0.937,0.897
easy run session,0.105,0.177
take care of groceries simple worth doing,0.187,0.62
file taxes complex nobody asked for,0.643,0.074
have doctor appointment hardest thing ever very important,0.863,0.951
submit timesheet easy moderate important,0.088,0.698
submit expense report hard waste of time,0.652,0.077
hard deployment session,0.58,0.653
work on report not urgent,0.415,0.202
go through homework important needs focus,0.402,0.684
go to call with client hard nobody cares,0.717,0.119
do doctor appointment should take some time,0.451,0.469
run slides important needs focus,0.37,0.626
do groceries standard routine,0.374,0.417
complete budget easy moderate important,0.086,0.627
prepare for meeting difficult pointless,0.694,0.039
finish dusting easy no big deal,0.179,0.114
work on unit testing quick urgent,0.102,0.922
do timesheet tough no benefit,0.676,0.034
lead sprint planning hard hard,0.64,0.542
finish unit testing simple enough,0.129,0.192
critical exam prep,0.387,0.906
do walk hard zero payoff,0.601,0.063
fix report tough urgent must do,0.751,0.903
do run moderate effort,0.345,0.482
attend sprint planning simple urgent need,0.118,0.888
take care of cooking hard nobody cares,0.66,0.049
go for meditation complex very important,0.778,0.949
study for assignment should take some time,0.5,0.333
run interview quick can't miss,0.072,0.948
do dishes demanding critical,0.775,0.876
pointless expense report,0.399,0.073
study for homework quick but important,0.119,0.813
intense doctor appointment,0.795,0.66
join standup not critical should do,0.317,0.421
do workout simple urgent need,0.131,0.893
prepare for slides difficult pointless,0.7,0.081
finish study session extremely complex critical,0.896,0.886
run interview simple enough,0.084,0.16
go to doctor appointment easy moderate important,0.12,0.501
attend team standup difficult pointless,0.767,0.087
run slides extremely complex critical,0.761,0.922
easy slides session,0.126,0.197
debug code review quick but important,0.06,0.776
attend meeting tough no benefit,0.71,0.045
fill out expense report hard needs focus,0.552,0.578
submit taxes standard routine,0.372,0.388
join meeting easy very important,0.117,0.851
go through homework hard zero payoff,0.792,0.042
attend sprint planning brutal intense,0.92,0.897
attend sprint planning easy no big deal,0.15,0.086
finish dusting simple worth doing,0.189,0.547
do taxes hard doesn't matter,0.672,0.098
write code review not urgent,0.278,0.162
do dentist important moderate effort,0.431,0.602
do taxes tough no benefit,0.654,0.075
go for stretch complex very important,0.732,0.837
do taxes straightforward,0.201,0.193
take care of shopping easy but critical,0.114,0.824
go to presentation hard doesn't matter,0.565,0.069
review reading not urgent,0.454,0.112
do yoga quick but matters,0.089,0.6
prepare for assignment not important but hard,0.749,0.103
ship unit testing hard needs focus,0.661,0.55
complete taxes complex nobody asked for,0.719,0.047
study for reading brutal intense,0.907,0.854
go for meditation quick doesn't matter,0.081,0.018
prepare for standup difficult pointless,0.609,0.036
do assignment light and simple,0.069,0.192
do meditation quick but matters,0.162,0.538
get cleaning extremely hard life or death,0.869,0.959
finish vacuuming not urgent,0.251,0.21
go through homework hard doesn't matter,0.696,0.033
prepare for homework extreme critical,0.891,0.882
pointless gym session,0.383,0.081
have standup decent effort important,0.494,0.641
take care of cleaning hard zero payoff,0.721,0.091
have dentist light and simple,0.071,0.166
lead retrospective quick urgent,0.149,0.915
get doctor appointment hard cannot miss,0.712,0.908
go to doctor appointment simple urgent need,0.083,0.822
go for workout complex nobody asked for,0.603,0.083
do workout hard quite important,0.718,0.738
easy performance review,0.055,0.172
have checkup complex nobody asked for,0.652,0.084
have slides regular task,0.493,0.311
fill out invoice tough no benefit,0.701,0.064
join meeting easy nothing to stress,0.146,0.124
have standup quick but important,0.093,0.833
attend team standup hard waste of time,0.601,0.057
complete timesheet hard quite important,0.736,0.719
do stretch medium effort,0.398,0.415
do cooking decent effort important,0.405,0.741
go for meditation hard cannot miss,0.644,0.871
complete taxes moderate doesn't matter,0.359,0.193
do expense report easy moderate important,0.2,0.665
complete expense report difficult pointless,0.734,0.065
go for yoga extreme critical,0.837,0.854
do workout easy simple,0.126,0.145
finish cleaning not hard but important,0.223,0.675
go to call with client not important but hard,0.609,0.235
do dishes extremely complex critical,0.762,0.86
prepare for interview quick nothing important,0.037,0.07
prepare for retrospective tough urgent must do,0.608,0.857
go to networking event this week,0.412,0.465
finish exam prep simple worth doing,0.127,0.576
ship email hard nobody cares,0.678,0.032
go to checkup hard demanding,0.751,0.667
lead sprint planning hard zero payoff,0.764,0.022
take care of dishes hard critical,0.577,0.889
submit expense report straightforward,0.136,0.235
attend meeting easy but critical,0.105,0.883
do vacuuming hard nobody cares,0.715,0.059
do stretch difficult urgent,0.592,0.911
have team standup low priority,0.476,0.182
attend call with client easy must do,0.102,0.925
push deployment hard doesn't matter,0.684,0.077
go to doctor appointment extremely hard life or death,0.897,0.907
take care of laundry this week,0.32,0.495
debug performance review medium priority,0.326,0.631
finish reading difficult pointless,0.78,0.052
lead team standup extreme critical,0.899,0.919
simple exam prep,0.124,0.147
get medication easy but critical,0.081,0.918
go for meditation hard waste of time,0.768,0.031
do gym session easy nothing to stress,0.115,0.058
do timesheet difficult pointless,0.778,0.105
attend interview hardest thing ever very important,0.925,0.977
mandatory networking event,0.455,0.898
review unit testing hard waste of time,0.627,0.06
fill out taxes hard cannot miss,0.7,0.916
get dusting not a priority,0.228,0.099
get laundry easy moderate important,0.193,0.508
do doctor appointment difficult pointless,0.653,0.043
take care of shopping extremely complex critical,0.886,0.886
push performance review takes no time,0.004,0.097
take care of cooking hardest thing ever very important,0.935,0.984
finish assignment no rush,0.493,0.133
do invoice medium priority,0.397,0.596
have retrospective extremely complex critical,0.847,0.871
do doctor appointment moderate doesn't matter,0.42,0.173
handle shopping simple worth doing,0.177,0.594
file expense report not important but hard,0.696,0.189
fill out budget hard hard,0.599,0.526
get dusting easy no big deal,0.143,0.084
finish cooking quick but important,0.067,0.888
do workout hard nobody cares,0.776,0.093
hard shopping session,0.64,0.699
easy budget session,0.163,0.152
prepare for homework not important but hard,0.719,0.11
finish cleaning hard quite important,0.572,0.64
complete taxes straightforward,0.173,0.143
attend meeting quick but important,0.138,0.83
do dishes not important but hard,0.732,0.235
take care of shopping not critical should do,0.357,0.488
go to checkup medium priority,0.418,0.648
prepare for networking event hard zero payoff,0.627,0.058
finish study session hard demanding,0.657,0.725
ship email light and simple,0.051,0.169
fill out expense report not hard but important,0.118,0.601
go through exam prep tough no benefit,0.632,0.029
review exam prep hardest thing ever very important,0.883,0.985
do assignment moderate doesn't matter,0.422,0.199
go to retrospective simple worth doing,0.146,0.562
easy sprint planning session,0.125,0.164
do vacuuming simple critical,0.131,0.952
finish unit testing hard doesn't matter,0.628,0.084
debug documentation brutal intense,0.939,0.865
easy homework session,0.117,0.153
prepare for call with client hard doesn't matter,0.678,0.064
intense call with client,0.84,0.704
attend sprint planning quick but important,0.086,0.848
prepare for assignment hard waste of time,0.756,0.048
go to medication hardest thing ever very important,0.876,0.902
fill out invoice medium priority,0.493,0.555
have slides not important but hard,0.786,0.186
take care of cleaning complex very important,0.701,0.884
lead slides standard routine,0.489,0.461
handle groceries not important but hard,0.754,0.214
do shopping extremely hard life or death,0.934,0.986
run networking event this week,0.314,0.477
do stretch quick can't miss,0.13,0.891
have dentist hard waste of time,0.65,0.027
go for yoga hard demanding,0.711,0.586
do dentist quick and simple,0.139,0.112
prepare for presentation easy moderate important,0.168,0.547
prepare for presentation hard waste of time,0.641,0.036
attend meeting extreme critical,0.853,0.928
do dishes not urgent,0.403,0.215
take care of dusting easy moderate important,0.125,0.563
take care of cleaning not important but hard,0.637,0.215
push deployment demanding critical,0.644,0.908
take care of cleaning whenever,0.37,0.134
do groceries easy should do,0.183,0.605
submit taxes demanding critical,0.716,0.883
handle shopping easy nothing to stress,0.105,0.074
join interview decent effort important,0.373,0.65
do reading tough no benefit,0.623,0.052
prepare for networking event hardest thing ever very important,0.867,0.958
finish vacuuming quick doesn't matter,0.078,0.064
join team standup easy should do,0.104,0.61
complete timesheet hard nobody cares,0.635,0.07
go for run grueling most important,0.944,0.929
quick performance review,0.136,0.107
do timesheet quick but important,0.072,0.788
go for walk not important but hard,0.749,0.139
do dentist hard cannot miss,0.604,0.862
finish laundry important needs focus,0.421,0.735
fill out timesheet difficult pointless,0.676,0.049
go through study session difficult needs doing,0.678,0.732
submit expense report easy must do,0.114,0.847
finish reading hard waste of time,0.721,0.052
run slides easy no effort,0.01,0.023
write performance review easy very important,0.101,0.86
review unit testing hard demanding,0.621,0.674
go through reading medium effort,0.346,0.448
fix report quick urgent,0.089,0.934
take care of shopping tough no benefit,0.722,0.046
go for run simple worth doing,0.143,0.578
finish reading not important but hard,0.708,0.221
fix email hard cannot miss,0.682,0.866
go for stretch not critical should do,0.454,0.47
finish laundry easy moderate important,0.144,0.638
finish vacuuming hard hard,0.66,0.538
file expense report not urgent,0.312,0.207
fill out timesheet easy should do,0.106,0.466
go for gym session difficult urgent,0.68,0.88
do dishes complex nobody asked for,0.614,0.032
run standup difficult needs doing,0.744,0.571
attend team standup not hard,0.204,0.247
take care of laundry easy moderate important,0.106,0.584
finish unit testing not important but hard,0.739,0.105
finish dishes hard needs focus,0.603,0.628
study for homework easy nothing to stress,0.069,0.134
prepare for homework simple urgent need,0.177,0.907
take care of shopping tough challenging,0.654,0.696
push code review medium effort,0.487,0.332
do run not hard but important,0.118,0.696
attend interview tough no benefit,0.728,0.089
prepare for sprint planning hard critical,0.677,0.882
attend presentation decent amount of work,0.467,0.379
do dishes simple pointless,0.048,0.012
take care of vacuuming quick urgent,0.114,0.882
finish homework not important but hard,0.747,0.103
get medication hard quite important,0.6,0.608
quick call with client,0.079,0.205
take care of groceries easy must do,0.134,0.849
complete timesheet hard very important,0.658,0.868
submit taxes no rush,0.433,0.232
critical doctor appointment,0.348,0.944
get vacuuming complex nobody asked for,0.655,0.06
do yoga extreme critical,0.842,0.891
have standup quick doesn't matter,0.062,0.005
fix performance review quick but important,0.07,0.823
have checkup hard zero payoff,0.732,0.062
fix documentation hard needs focus,0.623,0.671
work on unit testing quick and simple,0.116,0.191
mandatory study session,0.312,0.923
write code review hard nobody cares,0.765,0.047
do cooking difficult urgent,0.566,0.832
have call with client quick doesn't matter,0.078,0.043
lead retrospective not hard but important,0.199,0.714
study for exam prep hard cannot miss,0.735,0.92
take care of cleaning simple enough,0.159,0.166
go for stretch easy must do,0.133,0.89
study for assignment medium priority,0.492,0.589
get cooking hard nobody cares,0.797,0.08
prepare for interview difficult urgent,0.551,0.948
have checkup regular task,0.304,0.464
go to standup difficult pointless,0.608,0.056
prepare for slides hard cannot miss,0.778,0.875
run interview medium effort,0.318,0.38
join retrospective easy very important,0.152,0.919
finish dusting difficult pointless,0.719,0.05
go for meditation hard demanding,0.756,0.734
run networking event whenever,0.354,0.167
get dishes hard nobody cares,0.661,0.024
review deployment tough urgent must do,0.7,0.872
complete unit testing not hard,0.208,0.315
go to standup simple worth doing,0.115,0.529
finish vacuuming difficult pointless,0.695,0.095
do checkup hard very important,0.567,0.875
go through assignment easy no big deal,0.128,0.1
do yoga complex nobody asked for,0.564,0.082
do stretch tough challenging,0.684,0.585
do run regular task,0.369,0.431
review reading medium priority,0.423,0.698
have networking event hard doesn't matter,0.638,0.112
intense unit testing,0.756,0.752
prepare for team standup simple pointless,0.039,0.05
go to meeting important needs focus,0.353,0.739
get dishes not important but hard,0.694,0.15
hard vacuuming session,0.659,0.65
debug code review easy should do,0.15,0.583
have checkup hard doesn't matter,0.562,0.04
review documentation hard needs focus,0.643,0.739
do walk decent amount of work,0.483,0.483
do homework easy but critical,0.079,0.933
go for yoga hard zero payoff,0.702,0.077
finish cleaning extreme critical,0.88,0.869
attend sprint planning important needs focus,0.417,0.679
do run tough no benefit,0.687,0.048
join slides extremely complex critical,0.791,0.856
have networking event easy no effort,0.076,0.095
review unit testing decent effort important,0.479,0.681
go for run complex very important,0.648,0.823
lead standup not hard,0.172,0.241
tough team standup,0.732,0.486
do vacuuming hardest thing ever very important,0.969,0.932
refactor report easy nothing to stress,0.082,0.138
submit timesheet simple worth doing,0.195,0.511
attend retrospective hard doesn't matter,0.706,0.031
fill out taxes extreme critical,0.893,0.911
handle shopping easy moderate important,0.096,0.669
do shopping tough no benefit,0.587,0.051
debug email difficult needs doing,0.589,0.508
prepare for call with client low priority,0.306,0.161
review reading simple critical,0.087,0.971
go through homework demanding critical,0.755,0.911
do dusting regular task,0.379,0.488
complete code review not hard but important,0.116,0.691
tough code review,0.658,0.597
complete deployment demanding critical,0.703,0.913
go for workout moderate nothing special,0.388,0.427
push deployment easy must do,0.122,0.892
push unit testing hard doesn't matter,0.643,0.085
do checkup tough challenging,0.586,0.617
join retrospective not urgent,0.353,0.168
do medication hard waste of time,0.665,0.072
get cleaning moderate doesn't matter,0.317,0.156
go to sprint planning easy should do,0.146,0.459
go to medication hard doesn't matter,0.582,0.034
finish reading complex very important,0.662,0.91
attend call with client easy nothing to stress,0.062,0.063
finish code review hard doesn't matter,0.58,0.085
go for run hard needs focus,0.683,0.718
have retrospective barely anything,0.004,0.042
complete invoice important needs focus,0.472,0.738
go for walk hard needs focus,0.569,0.61
debug documentation quick nothing important,0.081,0.087
go for gym session easy moderate important,0.096,0.639
complete timesheet hard needs focus,0.572,0.696
have medication barely anything,0.039,0.069
take care of cooking simple worth doing,0.153,0.513
file timesheet hard doesn't matter,0.673,0.07
run networking event brutal intense,0.921,0.933
work on report moderate nothing special,0.496,0.25
prepare for slides hard hard,0.678,0.638
do yoga quick nothing important,0.045,0.061
do dusting simple urgent need,0.149,0.851
get dentist hard doesn't matter,0.589,0.103
do shopping brutal intense,0.92,0.897
go for meditation not difficult,0.232,0.307
take care of dusting tough no benefit,0.661,0.021
refactor report hard cannot miss,0.613,0.865
finish dusting no rush,0.407,0.226
go for run easy must do,0.14,0.93
go to presentation hard nobody cares,0.654,0.029
take care of cooking extremely hard life or death,0.924,0.93
get cleaning quick but matters,0.131,0.66
take care of cooking complex nobody asked for,0.618,0.059
get cooking tough urgent must do,0.629,0.937
go to medication quick and simple,0.122,0.135
do invoice easy but critical,0.081,0.807
take care of cooking tough no benefit,0.643,0.024
go to interview hard hard,0.666,0.562
go for yoga light and simple,0.069,0.113
attend meeting simple urgent need,0.107,0.824
do workout hard very important,0.578,0.906
go for meditation simple enough,0.087,0.174
go to dentist quick but important,0.063,0.821
do assignment difficult pointless,0.677,0.029
optional call with client,0.271,0.15
get checkup hard doesn't matter,0.569,0.1
get medication tough challenging,0.641,0.637
submit taxes not important,0.246,0.042
have doctor appointment medium priority,0.378,0.64
go for workout hard cannot miss,0.696,0.935
lead presentation hard zero payoff,0.718,0.039
do meditation difficult needs doing,0.745,0.596
urgent doctor appointment,0.439,0.826
do yoga not important but hard,0.623,0.189
ship documentation extremely hard life or death,0.826,0.996
finish homework quick doesn't matter,0.075,0.048
prepare for interview easy moderate important,0.157,0.512
do timesheet hard doesn't matter,0.727,0.11
go for workout hard quite important,0.682,0.691
go for run important needs focus,0.464,0.783
complete taxes tough no benefit,0.748,0.067
refactor deployment demanding critical,0.77,0.935
join presentation simple urgent need,0.166,0.93
prepare for assignment hard zero payoff,0.725,0.077
do shopping complex very important,0.709,0.899
go for walk light and simple,0.106,0.181
have standup quick urgent,0.1,0.937
finish laundry hard nobody cares,0.614,0.022
prepare for study session hard quite important,0.567,0.728
do stretch simple worth doing,0.146,0.54
get laundry hard doesn't matter,0.635,0.021
have medication takes no time,0.098,0.085
finish unit testing simple urgent need,0.138,0.944
tough gym session,0.747,0.597
complete unit testing extremely complex critical,0.762,0.939
go to doctor appointment not important,0.326,0.086
handle groceries tough no benefit,0.657,0.021
go for stretch brutal intense,0.886,0.85
submit invoice moderate nothing special,0.334,0.389
do taxes hard nobody cares,0.731,0.049
debug documentation difficult urgent,0.647,0.819
attend slides this week,0.327,0.406
run team standup simple urgent need,0.14,0.937
refactor code review brutal intense,0.827,0.879
prepare for team standup barely anything,0.077,0.06
do homework easy moderate important,0.17,0.583
take care of dusting not important but hard,0.745,0.125
attend meeting hard needs focus,0.678,0.701
handle shopping simple enough,0.126,0.157
debug email hard waste of time,0.629,0.09
do cooking extremely hard life or death,0.857,0.932
review exam prep quick doesn't matter,0.093,0.051
mandatory gym session,0.472,0.894
do dentist hard waste of time,0.731,0.051
fix documentation regular task,0.41,0.435
finish reading simple worth doing,0.092,0.471
fix code review complex nobody asked for,0.695,0.04
do doctor appointment extreme critical,0.814,0.944
critical expense report,0.326,0.935
go to slides hard doesn't matter,0.729,0.09
take care of groceries extremely hard life or death,0.899,0.908
go for yoga whenever,0.423,0.147
review deployment easy must do,0.158,0.842
have slides hard zero payoff,0.667,0.025
lead call with client extremely hard life or death,0.81,0.998
lead team standup not urgent,0.295,0.174
go through reading simple worth doing,0.106,0.579
take care of dusting hard waste of time,0.621,0.026
do expense report extremely hard life or death,0.803,0.95
have checkup takes no time,0.066,0.04
finish laundry easy should do,0.149,0.553
push documentation hard zero payoff,0.681,0.078
do shopping hard critical,0.551,0.945
work on unit testing tough no benefit,0.657,0.097
review code review difficult urgent,0.68,0.826
refactor performance review light and simple,0.08,0.127
have call with client easy moderate important,0.09,0.627
fill out budget hard nobody cares,0.639,0.092
submit expense report brutal intense,0.858,0.919
study for reading not urgent,0.383,0.225
review code review quick but important,0.084,0.801
finish cooking difficult pointless,0.642,0.085
do expense report quick nothing important,0.023,0.031
run presentation easy moderate important,0.189,0.624
do run hard doesn't matter,0.553,0.083
write documentation extremely hard life or death,0.892,0.984
attend networking event easy simple,0.14,0.176
get dentist simple critical,0.123,0.955
get dishes tough no benefit,0.574,0.075
ship code review tough urgent must do,0.767,0.929
prepare for team standup easy nothing to stress,0.084,0.062
join sprint planning simple worth doing,0.1,0.524
ship performance review complex nobody asked for,0.735,0.023
do laundry demanding critical,0.756,0.852
have medication quick and easy,0.001,0.111
finish cooking hard doesn't matter,0.591,0.084
pointless unit testing,0.236,0.06
attend call with client medium priority,0.384,0.612
do gym session extremely hard life or death,0.916,0.966
take care of shopping light and simple,0.061,0.098
refactor deployment easy must do,0.096,0.938
file taxes hard waste of time,0.642,0.04
get dishes hard needs focus,0.571,0.56
attend meeting simple enough,0.159,0.158
prepare for networking event complex nobody asked for,0.699,0.092
do study session tough challenging,0.615,0.52
file budget no rush,0.473,0.111
file taxes quick but important,0.139,0.772
run call with client hard doesn't matter,0.627,0.034
attend standup hard cannot miss,0.795,0.87
do workout simple worth doing,0.101,0.519
attend networking event hard doesn't matter,0.666,0.075
lead interview complex very important,0.771,0.873
go through exam prep not important,0.367,0.048
lead networking event quick can't miss,0.075,0.893
do cleaning hard needs focus,0.748,0.697
go to checkup whenever,0.383,0.128
review email quick but matters,0.13,0.517
do expense report complex nobody asked for,0.577,0.044
get medication hard hard,0.646,0.561
go for walk quick urgent,0.141,0.891
have checkup hard nobody cares,0.772,0.027
do gym session extremely complex critical,0.755,0.893
push deployment barely anything,0.05,0.034
go for walk medium priority,0.478,0.522
do meditation grueling most important,0.942,0.87
finish cleaning quick can't miss,0.082,0.94
prepare for reading hard waste of time,0.611,0.05
have medication extremely complex critical,0.829,0.862
review unit testing simple critical,0.169,0.91
finish performance review hard doesn't matter,0.608,0.116
prepare for team standup hard very important,0.572,0.822
go for workout quick and simple,0.102,0.155
urgent study session,0.486,0.871
prepare for networking event hard nobody cares,0.658,0.026
go for meditation extremely complex critical,0.847,0.891
do run quick but matters,0.11,0.526
lead sprint planning hard quite important,0.621,0.691
prepare for retrospective simple enough,0.151,0.134
do yoga quick urgent,0.091,0.862
do vacuuming not important but hard,0.652,0.128
take care of cleaning hard doesn't matter,0.551,0.094
do vacuuming easy moderate important,0.188,0.528
join networking event hard waste of time,0.605,0.069
fill out expense report hard cannot miss,0.618,0.856
moderate gym session,0.405,0.456
go to dentist easy but critical,0.058,0.927
go for walk extremely complex critical,0.892,0.941
finish homework straightforward,0.186,0.176
review reading easy but critical,0.078,0.853
prepare for study session difficult pointless,0.643,0.109
go through exam prep difficult urgent,0.583,0.909
finish unit testing low priority,0.285,0.15
take care of cooking simple critical,0.11,0.978
study for homework difficult pointless,0.787,0.079
do study session hard hard,0.632,0.683
do laundry easy must do,0.163,0.843
finish vacuuming hard waste of time,0.767,0.044
go to slides hard critical,0.555,0.85
go for workout not important,0.225,0.087
attend presentation easy must do,0.129,0.903
ship documentation difficult pointless,0.753,0.069
run slides hard cannot miss,0.716,0.907
do walk not important,0.395,0.102
go for yoga important moderate effort,0.333,0.612
go for walk hard doesn't matter,0.621,0.025
prepare for call with client not critical should do,0.41,0.315
mandatory sprint planning,0.337,0.862
have dentist tough no benefit,0.724,0.086
push performance review hard very important,0.687,0.903
do meditation important needs focus,0.425,0.697
prepare for call with client difficult pointless,0.644,0.07
do cooking grueling most important,0.93,0.933
attend standup low priority,0.365,0.089
prepare for standup easy moderate important,0.122,0.638
do meditation not important but hard,0.778,0.19
go to networking event easy no big deal,0.166,0.094
go through exam prep quick urgent,0.095,0.948
study for exam prep difficult pointless,0.616,0.097
hard cleaning session,0.572,0.659
debug documentation not important,0.224,0.045
fill out invoice easy but critical,0.125,0.917
finish unit testing complex nobody asked for,0.587,0.048
prepare for sprint planning hard very important,0.74,0.852
do cleaning not a priority,0.356,0.154
get cooking simple urgent need,0.162,0.914
go to dentist moderate doesn't matter,0.44,0.078
do exam prep easy must do,0.163,0.947
go for walk extremely hard life or death,0.817,0.914
go for run easy should do,0.114,0.57
do exam prep complex nobody asked for,0.661,0.043
have dentist hard demanding,0.779,0.71
go to dentist easy nothing to stress,0.051,0.117
write unit testing easy should do,0.133,0.582
lead call with client hard demanding,0.673,0.59
take care of laundry not urgent,0.281,0.226
prepare for assignment tough no benefit,0.645,0.068
write performance review extremely complex critical,0.792,0.927
attend standup this week,0.398,0.396
do laundry simple urgent need,0.154,0.925
go to team standup hard doesn't matter,0.627,0.088
get doctor appointment extreme critical,0.893,0.926
take care of laundry not difficult,0.114,0.332
do groceries extremely hard life or death,0.847,0.938
do run takes no time,0.018,0.099
prepare for homework easy moderate important,0.132,0.562
review deployment brutal intense,0.884,0.823
submit taxes this week,0.399,0.544
finish code review important needs focus,0.414,0.606
refactor report tough no benefit,0.62,0.079
go for stretch demanding critical,0.619,0.885
run presentation should take some time,0.361,0.349
debug documentation important needs focus,0.469,0.782
do yoga difficult pointless,0.668,0.022
finish cleaning extremely hard life or death,0.899,0.942
refactor report decent amount of work,0.354,0.394
work on performance review easy should do,0.148,0.514
take care of laundry difficult pointless,0.738,0.041
do exam prep difficult needs doing,0.673,0.591
push documentation not urgent,0.409,0.246
finish dusting simple critical,0.109,0.856
go to medication complex nobody asked for,0.675,0.097
finish cooking hardest thing ever very important,0.894,0.907
submit expense report whenever,0.302,0.16
take care of dishes not hard but important,0.221,0.687
finish cleaning complex nobody asked for,0.633,0.04
take care of groceries easy nothing to stress,0.108,0.071
mandatory exam prep,0.407,0.93
have team standup hard nobody cares,0.704,0.056
prepare for exam prep hard quite important,0.699,0.753
fill out timesheet regular task,0.472,0.482
go to sprint planning simple worth doing,0.112,0.507
attend call with client complex nobody asked for,0.631,0.029
finish laundry hard critical,0.709,0.881
go to sprint planning whenever,0.412,0.084
fix report hard nobody cares,0.793,0.069
review documentation hard demanding,0.663,0.61
go through assignment moderate doesn't matter,0.434,0.183
do cleaning quick urgent,0.097,0.907
prepare for meeting brutal intense,0.933,0.836
go through homework regular task,0.366,0.417
finish performance review quick can't miss,0.144,0.872
prepare for slides complex nobody asked for,0.744,0.055
go to presentation regular task,0.409,0.395
do run quick urgent,0.105,0.922
complete deployment hard nobody cares,0.768,0.086
have checkup hard very important,0.661,0.846
prepare for reading easy simple,0.144,0.108
go to slides easy but critical,0.141,0.859
do run difficult pointless,0.787,0.096
file expense report difficult needs doing,0.733,0.658
finish laundry takes no time,0.027,0.012
study for exam prep simple worth doing,0.191,0.517
go for stretch hard doesn't matter,0.69,0.071
run retrospective easy no effort,0.061,0.064
do assignment quick but matters,0.159,0.527
have sprint planning hard waste of time,0.663,0.027
fill out expense report extremely complex critical,0.857,0.927
run retrospective easy moderate important,0.185,0.527
finish study session tough no benefit,0.71,0.036
get dusting difficult needs doing,0.629,0.594
complete expense report easy no effort,0.076,0.092
review assignment hard waste of time,0.74,0.034
do walk complex very important,0.72,0.822
prepare for call with client easy moderate important,0.094,0.643
join standup hard waste of time,0.658,0.06
hard workout session,0.67,0.699
debug report low priority,0.295,0.175
go to presentation important moderate effort,0.347,0.69
go for yoga not important but hard,0.617,0.17
intense exam prep,0.732,0.677
do stretch decent effort important,0.486,0.644
go for run hard nobody cares,0.651,0.082
finish cooking quick but matters,0.093,0.563
join standup hard doesn't matter,0.602,0.051
get laundry simple worth doing,0.187,0.513
hard code review session,0.58,0.546
join meeting this week,0.333,0.443
finish vacuuming quick but important,0.094,0.898
prepare for retrospective hard cannot miss,0.619,0.937
get dusting simple enough,0.155,0.199
do laundry hard zero payoff,0.784,0.04
go to dentist tough urgent must do,0.605,0.918
refactor performance review not urgent,0.343,0.239
get medication quick urgent,0.082,0.896
go to doctor appointment not important but hard,0.726,0.14
finish reading tough urgent must do,0.794,0.916
finish vacuuming decent effort important,0.46,0.699
study for assignment difficult pointless,0.68,0.038
finish assignment hard hard,0.72,0.533
go through exam prep straightforward,0.114,0.184
do stretch important needs focus,0.531,0.721
prepare for homework tough no benefit,0.653,0.059
finish exam prep hard very important,0.663,0.863
run networking event not hard but important,0.151,0.693
complete expense report hard doesn't matter,0.736,0.073
take care of shopping hard demanding,0.658,0.637
do run straightforward,0.218,0.209
do vacuuming not hard but important,0.164,0.714
study for study session hard nobody cares,0.703,0.071
go to slides extremely hard life or death,0.899,0.957
write report this week,0.417,0.504
study for assignment quick but matters,0.098,0.536
go for yoga difficult pointless,0.683,0.09
submit invoice quick and simple,0.069,0.17
study for assignment simple urgent need,0.123,0.803
get checkup hard nobody cares,0.634,0.068
attend call with client important needs focus,0.368,0.627
complete report hard nobody cares,0.739,0.039
go through exam prep brutal intense,0.897,0.897
run team standup easy moderate important,0.131,0.523
review reading not important but hard,0.793,0.171
study for assignment hard critical,0.59,0.907
get medication standard routine,0.302,0.426
complete invoice simple worth doing,0.182,0.597
finish cleaning hard waste of time,0.607,0.052
review exam prep hard critical,0.693,0.903
file expense report regular task,0.411,0.354
submit expense report easy moderate important,0.094,0.625
do workout not important but hard,0.74,0.103
lead networking event brutal intense,0.852,0.835
prepare for homework quick urgent,0.142,0.922
lead sprint planning tough no benefit,0.709,0.084
hard doctor appointment session,0.606,0.65
do laundry easy no big deal,0.097,0.096
have presentation simple worth doing,0.193,0.549
attend networking event quick nothing important,0.047,0.029
prepare for team standup hard nobody cares,0.754,0.076
attend meeting not hard,0.216,0.393
critical performance review,0.422,0.962
run team standup not a priority,0.3,0.184
join call with client medium priority,0.367,0.528
take care of shopping hard zero payoff,0.754,0.021
go for walk difficult urgent,0.651,0.813
finish cooking moderate doesn't matter,0.426,0.087
prepare for study session quick can't miss,0.064,0.893
do cooking hard quite important,0.704,0.744
join sprint planning barely anything,0.027,0.04
have doctor appointment hard nobody cares,0.796,0.118
take care of vacuuming complex very important,0.68,0.902
do gym session regular task,0.482,0.302
go through homework difficult urgent,0.567,0.881
attend interview easy no big deal,0.132,0.134
fill out timesheet not hard but important,0.183,0.704
submit budget hard nobody cares,0.606,0.1
run slides easy simple,0.168,0.181
do expense report not hard but important,0.153,0.61
get dusting hard critical,0.711,0.949
do medication should take some time,0.41,0.433
do yoga easy should do,0.142,0.5
prepare for exam prep tough no benefit,0.641,0.032
join standup hard demanding,0.618,0.635
finish cooking quick and simple,0.095,0.124
join standup complex very important,0.765,0.822
do cooking not difficult,0.102,0.341
lead sprint planning simple critical,0.126,0.854
study for study session tough no benefit,0.734,0.03
get cooking tough challenging,0.624,0.558
go for run easy simple,0.125,0.199
file budget easy moderate important,0.083,0.529
handle shopping should take some time,0.364,0.309
prepare for homework important needs focus,0.463,0.78
take care of groceries hard doesn't matter,0.702,0.07
optional networking event,0.333,0.161
go through reading decent effort important,0.408,0.742
go to medication hard waste of time,0.729,0.089
do run hardest thing ever very important,0.932,0.977
debug report difficult pointless,0.732,0.073
review assignment barely anything,0.065,0.061
go for meditation quick but important,0.099,0.89
go for yoga hard doesn't matter,0.633,0.106
get dishes hard very important,0.568,0.947
finish unit testing moderate nothing special,0.329,0.301
ship deployment important needs focus,0.54,0.736
go for run tough no benefit,0.586,0.077
go for yoga tough challenging,0.614,0.583
complete deployment no rush,0.485,0.235
finish laundry quick can't miss,0.125,0.909
attend networking event hard demanding,0.697,0.631
complete performance review decent amount of work,0.461,0.417
prepare for interview not important but hard,0.617,0.195
lead presentation hard quite important,0.625,0.797
fix code review whenever,0.49,0.136
fill out expense report quick but matters,0.176,0.624
go for gym session hard nobody cares,0.612,0.112
moderate sprint planning,0.468,0.356
go for gym session difficult pointless,0.766,0.093
hard yoga session,0.672,0.691
do gym session this week,0.496,0.492
submit invoice decent effort important,0.368,0.642
join retrospective brutal intense,0.801,0.801
push documentation easy very important,0.159,0.897
go through reading hard nobody cares,0.779,0.102
submit invoice tough challenging,0.621,0.663
go to checkup no rush,0.294,0.215
study for reading simple urgent need,0.126,0.94
hard run session,0.568,0.623
easy code review session,0.178,0.196
attend interview easy moderate important,0.189,0.641
prepare for meeting complex nobody asked for,0.747,0.071
get vacuuming hard very important,0.664,0.874
do gym session complex nobody asked for,0.726,0.078
quick exam prep,0.138,0.1
take care of laundry hard waste of time,0.624,0.061
attend networking event extremely complex critical,0.864,0.938
do yoga decent amount of work,0.534,0.406
do dusting easy should do,0.103,0.466
complete documentation complex nobody asked for,0.746,0.054
hard timesheet session,0.583,0.562
submit budget easy no effort,0.038,0.081
do meditation important moderate effort,0.349,0.695
ship documentation tough no benefit,0.654,0.039
review reading extreme critical,0.866,0.86
review code review easy simple,0.09,0.087
attend standup decent effort important,0.478,0.689
study for exam prep not important but hard,0.611,0.192
go for workout tough challenging,0.686,0.612
prepare for networking event not urgent,0.274,0.213
do taxes not important but hard,0.759,0.232
work on report tough urgent must do,0.73,0.918
fix performance review not critical should do,0.332,0.338
prepare for study session hard doesn't matter,0.677,0.046
fix code review extreme critical,0.867,0.874
submit expense report easy no big deal,0.111,0.124
have team standup important needs focus,0.467,0.708
do walk not important but hard,0.662,0.151
complete deployment extremely complex critical,0.838,0.918
review deployment not a priority,0.364,0.147
prepare for call with client medium priority,0.339,0.54
get checkup difficult pointless,0.668,0.087
take care of dusting extreme critical,0.904,0.935
optional performance review,0.26,0.149
fill out timesheet quick but important,0.1,0.888
handle shopping complex nobody asked for,0.643,0.037
do assignment tough urgent must do,0.761,0.888
push report quick and easy,0.036,0.009
complete timesheet simple urgent need,0.094,0.866
go to call with client tough no benefit,0.559,0.022
go to retrospective difficult needs doing,0.594,0.565
do meditation hard zero payoff,0.731,0.091
do walk difficult urgent,0.641,0.855
go through exam prep not critical should do,0.494,0.5
prepare for standup easy very important,0.092,0.932
go for walk complex nobody asked for,0.588,0.05
ship code review extreme critical,0.864,0.914
moderate team standup,0.338,0.407
prepare for standup quick can't miss,0.055,0.93
do taxes hard demanding,0.757,0.708
complete expense report simple enough,0.131,0.19
go for yoga medium priority,0.4,0.593
do budget hard very important,0.666,0.896
join presentation quick and simple,0.072,0.104
get dusting simple critical,0.111,0.966
debug unit testing tough no benefit,0.601,0.027
work on code review extremely hard life or death,0.878,0.923
take care of groceries not a priority,0.324,0.131
go for gym session simple worth doing,0.124,0.55
do cleaning hard cannot miss,0.78,0.879
refactor documentation decent amount of work,0.535,0.32
have dentist quick but important,0.105,0.8
hard medication session,0.691,0.7
go for stretch quick and easy,0.077,0.034
work on email easy should do,0.179,0.602
lead networking event hard critical,0.695,0.871
get checkup easy very important,0.111,0.828
refactor report complex nobody asked for,0.638,0.088
work on email hard quite important,0.666,0.626
get dentist should take some time,0.418,0.384
go for meditation hard doesn't matter,0.581,0.115
finish dishes demanding critical,0.641,0.889
go through reading light and simple,0.097,0.119
get vacuuming important needs focus,0.369,0.621
finish report hard nobody cares,0.765,0.08
easy groceries session,0.109,0.143
prepare for study session medium priority,0.404,0.534
have interview hard demanding,0.678,0.731
get doctor appointment quick and simple,0.081,0.178
fill out budget easy must do,0.14,0.941
tough call with client,0.693,0.492
fill out invoice hard quite important,0.639,0.765
finish laundry not critical should do,0.332,0.414
go for workout quick but matters,0.138,0.647
do study session extreme critical,0.924,0.935
go to checkup easy must do,0.15,0.814
complete timesheet complex nobody asked for,0.727,0.033
join interview difficult urgent,0.683,0.81
do walk low priority,0.498,0.146
prepare for study session simple urgent need,0.13,0.917
do groceries hard doesn't matter,0.601,0.071
take care of groceries hard demanding,0.728,0.685
study for assignment standard routine,0.449,0.471
go to standup easy but critical,0.075,0.906
get vacuuming not important but hard,0.697,0.11
extreme gym session,0.943,0.728
go to retrospective simple enough,0.164,0.173
fix documentation simple urgent need,0.133,0.859
go through reading hard needs focus,0.729,0.656
do expense report simple pointless,0.087,0.065
do invoice easy should do,0.163,0.539
fix report hard critical,0.59,0.852
complete documentation standard routine,0.464,0.436
run sprint planning simple urgent need,0.16,0.925
finish dishes grueling most important,0.931,0.912
review email easy must do,0.081,0.898
go for gym session complex nobody asked for,0.642,0.025
get dusting quick doesn't matter,0.077,0.063
file timesheet important moderate effort,0.492,0.72
lead networking event not hard,0.145,0.328
lead presentation difficult pointless,0.662,0.094
do workout hard demanding,0.612,0.625
run presentation straightforward,0.145,0.203
push code review hard waste of time,0.664,0.083
complete report complex very important,0.73,0.843
complete deployment standard routine,0.369,0.341
do yoga quick can't miss,0.111,0.888
do laundry not important but hard,0.726,0.11
hard interview session,0.56,0.698
have interview barely anything,0.014,0.055
go to presentation complex nobody asked for,0.599,0.034
go to call with client difficult urgent,0.665,0.945
prepare for assignment not important,0.216,0.117
file taxes easy must do,0.127,0.863
review report hard doesn't matter,0.714,0.099
do run complex very important,0.771,0.914
do shopping quick but matters,0.108,0.612
have team standup tough no benefit,0.577,0.058
go for walk hard hard,0.553,0.6
go for walk not urgent,0.481,0.241
review documentation easy moderate important,0.117,0.698
get dusting hard nobody cares,0.798,0.032
hard stretch session,0.703,0.691
go through exam prep moderate doesn't matter,0.439,0.148
do walk quick can't miss,0.074,0.853
do dentist hard doesn't matter,0.602,0.066
do doctor appointment hard very important,0.599,0.887
get medication quick and easy,0.012,0.011
push unit testing easy should do,0.165,0.645
finish exam prep complex nobody asked for,0.725,0.033
moderate unit testing,0.362,0.382
mandatory team standup,0.415,0.954
review documentation difficult needs doing,0.713,0.5
do exam prep not critical should do,0.354,0.358
join call with client easy must do,0.117,0.906
get dusting hard doesn't matter,0.651,0.031
go to call with client difficult needs doing,0.59,0.687
finish performance review low priority,0.36,0.19
ship email hard hard,0.562,0.65
review email takes no time,0.01,0.078
critical gym session,0.404,0.975
go for meditation not important but hard,0.751,0.191
go for stretch not urgent,0.345,0.109
go through assignment simple urgent need,0.08,0.931
take care of cooking hard doesn't matter,0.555,0.032
refactor email not important,0.303,0.086
go for yoga easy but critical,0.113,0.931
do taxes complex nobody asked for,0.671,0.052
handle shopping hard cannot miss,0.686,0.943
run call with client quick doesn't matter,0.079,0.024
go to medication quick urgent,0.141,0.938
handle shopping difficult needs doing,0.729,0.739
easy doctor appointment,0.086,0.082
go to sprint planning simple urgent need,0.123,0.907
run slides hard zero payoff,0.753,0.038
do doctor appointment brutal intense,0.943,0.901
do invoice quick can't miss,0.143,0.927
go through homework tough no benefit,0.625,0.077
hard exam prep,0.746,0.69
easy meeting session,0.106,0.115
lead meeting decent effort important,0.448,0.737
review homework tough no benefit,0.575,0.045
prepare for call with client hard hard,0.612,0.618
do walk no rush,0.495,0.148
review performance review not hard but important,0.2,0.718
do groceries difficult urgent,0.717,0.875
handle shopping hard waste of time,0.799,0.077
hard homework session,0.649,0.641
run networking event standard routine,0.331,0.443
finish laundry quick but important,0.142,0.866
attend sprint planning hard waste of time,0.797,0.073
take care of shopping grueling most important,0.901,0.892
finish performance review simple critical,0.15,0.921
debug deployment tough no benefit,0.7,0.066
go through reading extremely hard life or death,0.898,0.958
prepare for interview not important,0.258,0.034
do dusting simple critical,0.154,0.851
attend retrospective hard needs focus,0.569,0.745
file budget easy simple,0.198,0.158
write code review quick urgent,0.124,0.89
fill out invoice complex nobody asked for,0.629,0.044
hard doctor appointment,0.736,0.633
go for gym session not difficult,0.227,0.33
join meeting medium priority,0.302,0.523
fill out budget hard very important,0.689,0.814
finish exam prep no rush,0.371,0.197
go to medication hard demanding,0.704,0.667
prepare for retrospective quick and simple,0.147,0.188
fill out expense report difficult pointless,0.608,0.078
write code review hard demanding,0.712,0.72
get dishes easy simple,0.141,0.124
go to presentation simple worth doing,0.197,0.582
go for workout hard nobody cares,0.789,0.072
take care of cooking hard quite important,0.665,0.739
pointless performance review,0.308,0.037
have interview quick can't miss,0.054,0.864
join slides extreme critical,0.863,0.905
run slides simple enough,0.12,0.11
attend interview simple worth doing,0.193,0.479
run call with client hard waste of time,0.799,0.076
get cleaning hard cannot miss,0.713,0.915
prepare for exam prep low priority,0.455,0.118
do gym session easy but critical,0.146,0.837
hard gym session,0.572,0.673
easy networking event session,0.107,0.092
take care of cooking simple urgent need,0.158,0.819
finish deployment grueling most important,0.885,0.86
go for stretch regular task,0.489,0.378
do dentist easy moderate important,0.151,0.552
do gym session hard doesn't matter,0.579,0.077
review exam prep quick but matters,0.13,0.555
go for run complex nobody asked for,0.611,0.089
complete documentation tough urgent must do,0.769,0.913
go for workout barely anything,0.013,0.006
get cleaning easy but critical,0.146,0.864
go to dentist not important but hard,0.7,0.203
review email demanding critical,0.603,0.869
do walk hard needs focus,0.635,0.626
do dishes standard routine,0.483,0.35
attend interview important needs focus,0.41,0.659
do laundry hard needs focus,0.737,0.728
join retrospective simple urgent need,0.081,0.934
attend call with client tough no benefit,0.552,0.054
join meeting extremely complex critical,0.827,0.865
join networking event quick and easy,0.016,0.079
lead retrospective easy should do,0.125,0.523
do reading hard waste of time,0.622,0.055
do stretch hard quite important,0.621,0.687
prepare for assignment easy simple,0.103,0.085
join call with client decent effort important,0.48,0.582
review assignment tough urgent must do,0.75,0.928
finish report no rush,0.283,0.244
do dentist quick urgent,0.104,0.851
do invoice hard nobody cares,0.736,0.054
review unit testing complex very important,0.696,0.842
have retrospective moderate effort,0.424,0.459
do checkup important moderate effort,0.453,0.773
push performance review hard zero payoff,0.64,0.077
fill out budget extreme critical,0.827,0.949
easy gym session session,0.092,0.128
fix unit testing quick urgent,0.11,0.912
fill out timesheet hard zero payoff,0.681,0.045
finish cleaning hard critical,0.617,0.898
go for gym session simple pointless,0.044,0.022
attend retrospective simple worth doing,0.11,0.629
go to interview hard nobody cares,0.61,0.094
do exam prep brutal intense,0.842,0.891
do run this week,0.49,0.423
go to standup simple urgent need,0.147,0.902
complete budget tough no benefit,0.698,0.049
lead interview extreme critical,0.856,0.915
complete timesheet no rush,0.272,0.116
fill out expense report simple urgent need,0.084,0.945
push documentation complex nobody asked for,0.691,0.094
lead call with client extreme critical,0.851,0.923
take care of vacuuming straightforward,0.105,0.145
review study session difficult pointless,0.782,0.027
do checkup moderate nothing special,0.309,0.363
do cleaning easy should do,0.139,0.556
finish vacuuming hard doesn't matter,0.638,0.071
finish email demanding critical,0.721,0.871
fill out timesheet hard needs focus,0.657,0.608
complete deployment decent amount of work,0.535,0.354
take care of vacuuming tough no benefit,0.567,0.076
do yoga hard quite important,0.632,0.722
do gym session quick and easy,0.082,0.026
do budget important moderate effort,0.494,0.707
go for yoga grueling most important,0.877,0.894
do assignment quick and simple,0.108,0.177
do walk quick but matters,0.103,0.645
prepare for retrospective not important but hard,0.619,0.127
run retrospective difficult needs doing,0.588,0.623
prepare for retrospective moderate nothing special,0.304,0.283
attend team standup easy should do,0.162,0.488
study for assignment hard zero payoff,0.649,0.093
ship email extremely complex critical,0.771,0.925
fix email quick doesn't matter,0.05,0.002
push performance review hard nobody cares,0.758,0.021
join standup tough urgent must do,0.771,0.858
have checkup easy moderate important,0.099,0.511
do study session difficult urgent,0.571,0.933
prepare for exam prep quick and easy,0.091,0.003
get dentist quick urgent,0.105,0.879
attend networking event difficult pointless,0.698,0.119
go to meeting difficult urgent,0.621,0.892
join retrospective barely anything,0.072,0.06
do exam prep not hard but important,0.15,0.636
debug performance review hard waste of time,0.725,0.043
go to medication brutal intense,0.899,0.94
fill out expense report quick and easy,0.086,0.117
do shopping decent effort important,0.33,0.639
do gym session difficult pointless,0.716,0.116
finish homework hard demanding,0.665,0.576
review study session regular task,0.399,0.396
mandatory expense report,0.367,0.954
finish dishes hard zero payoff,0.684,0.06
ship unit testing grueling most important,0.92,0.873
run networking event low priority,0.382,0.173
refactor report easy very important,0.104,0.8
go to standup hard cannot miss,0.672,0.935
do study session not difficult,0.105,0.371
attend standup simple critical,0.163,0.857
finish exam prep hard doesn't matter,0.625,0.023
work on documentation hard needs focus,0.69,0.683
do study session easy very important,0.105,0.802
do expense report brutal intense,0.862,0.851
do expense report moderate nothing special,0.322,0.262
take care of vacuuming hard zero payoff,0.736,0.09
do exam prep hardest thing ever very important,0.915,0.971
run standup decent amount of work,0.545,0.404
do assignment simple critical,0.12,0.857
do homework brutal intense,0.847,0.896
go to call with client simple pointless,0.084,0.052
do meditation simple urgent need,0.09,0.854
do gym session light and simple,0.114,0.084
refactor email hard nobody cares,0.663,0.114
go for yoga difficult urgent,0.742,0.875
refactor performance review should take some time,0.545,0.441
get cleaning simple worth doing,0.188,0.551
do budget hard nobody cares,0.717,0.058
write unit testing difficult urgent,0.582,0.902
easy expense report session,0.168,0.177
complete invoice easy must do,0.179,0.875
get medication extreme critical,0.928,0.893
finish documentation moderate effort,0.342,0.442
work on unit testing hard waste of time,0.709,0.098
do workout tough challenging,0.641,0.534
write unit testing quick nothing important,0.042,0.049
take care of shopping easy must do,0.151,0.869
lead meeting not important but hard,0.73,0.121
prepare for assignment brutal intense,0.806,0.929
finish reading medium priority,0.317,0.583
run presentation hard nobody cares,0.724,0.084
go for workout grueling most important,0.851,0.935
join networking event simple enough,0.137,0.202
handle groceries quick but matters,0.147,0.57
tough unit testing,0.73,0.493
do exam prep tough challenging,0.733,0.684
file invoice not urgent,0.332,0.148
go for gym session simple critical,0.15,0.912
run team standup hard nobody cares,0.709,0.115
hard invoice session,0.614,0.506
prepare for exam prep simple pointless,0.095,0.029
get medication hard very important,0.631,0.845
have slides low priority,0.381,0.16
take care of shopping hard doesn't matter,0.59,0.114
get checkup grueling most important,0.94,0.866
push email should take some time,0.533,0.414
take care of laundry hard quite important,0.729,0.787
lead slides easy simple,0.175,0.161
run standup easy but critical,0.149,0.941
complete code review not important but hard,0.728,0.187
hard sprint planning session,0.634,0.609
run call with client no rush,0.304,0.131
run meeting hard waste of time,0.779,0.06
finish study session brutal intense,0.897,0.868
do meditation should take some time,0.516,0.385
get vacuuming easy must do,0.126,0.856
study for study session quick doesn't matter,0.027,0.001
do dishes easy moderate important,0.17,0.625
have doctor appointment not important but hard,0.701,0.221
finish vacuuming complex very important,0.642,0.917
go to meeting easy simple,0.103,0.136
get medication quick but matters,0.121,0.664
take care of cleaning hard nobody cares,0.788,0.098
go through study session hard very important,0.726,0.84
fix code review moderate effort,0.301,0.486
take care of cooking easy but critical,0.065,0.856
do exam prep tough no benefit,0.584,0.066
file expense report grueling most important,0.977,0.869
run standup simple pointless,0.084,0.046
lead standup hard zero payoff,0.646,0.077
submit timesheet tough challenging,0.676,0.657
quick unit testing,0.066,0.148
fill out budget easy but critical,0.094,0.894
ship unit testing hard nobody cares,0.724,0.074
handle groceries demanding critical,0.605,0.923
go to networking event should take some time,0.387,0.431
finish homework simple critical,0.134,0.882
do timesheet hard nobody cares,0.655,0.113
join interview easy very important,0.088,0.927
work on documentation difficult pointless,0.698,0.022
finish email not hard,0.217,0.236
do dishes tough no benefit,0.647,0.069
have meeting difficult needs doing,0.654,0.564
attend interview simple critical,0.167,0.865
do checkup tough no benefit,0.578,0.027
refactor unit testing hard very important,0.605,0.83
have slides not hard but important,0.242,0.784
do run tough challenging,0.667,0.653
prepare for reading quick and simple,0.145,0.139
take care of cleaning extremely hard life or death,0.825,0.903
moderate expense report,0.382,0.421
have doctor appointment hard doesn't matter,0.622,0.027
refactor email hard cannot miss,0.629,0.881
take care of dusting quick and easy,0.072,0.026
fill out invoice quick can't miss,0.106,0.889
finish exam prep hardest thing ever very important,0.966,0.942
finish laundry regular task,0.34,0.31
join meeting quick but important,0.149,0.813
lead presentation hard doesn't matter,0.67,0.079
do dusting hard hard,0.607,0.629
study for assignment not difficult,0.128,0.368
urgent expense report,0.484,0.806
go through study session difficult pointless,0.694,0.103
study for assignment difficult urgent,0.605,0.913
do expense report important needs focus,0.489,0.691
attend networking event tough no benefit,0.738,0.028
get checkup hard hard,0.578,0.699
easy walk session,0.097,0.103
file budget hard very important,0.69,0.939
go to medication hard critical,0.568,0.927
attend interview easy very important,0.088,0.874
do laundry complex nobody asked for,0.644,0.051
take care of cooking tough urgent must do,0.642,0.909
do cleaning medium effort,0.442,0.431
review reading quick urgent,0.095,0.886
do dusting complex very important,0.633,0.846
have meeting straightforward,0.155,0.134
work on report easy but critical,0.139,0.828
finish cleaning hard cannot miss,0.686,0.865
do walk not a priority,0.267,0.133
do exam prep quick but important,0.115,0.86
ship code review easy simple,0.106,0.086
go to retrospective hard doesn't matter,0.613,0.027
take care of shopping extremely hard life or death,0.821,0.901
do budget easy but critical,0.109,0.945
fix code review not important but hard,0.775,0.171
lead networking event hardest thing ever very important,0.938,0.929
write performance review not a priority,0.233,0.098
take care of laundry important needs focus,0.511,0.667
go for meditation hard hard,0.716,0.56
do timesheet easy simple,0.112,0.142
do doctor appointment quick urgent,0.149,0.936
get checkup tough no benefit,0.65,0.04
go through homework hard cannot miss,0.641,0.859
get dentist quick doesn't matter,0.097,0.07
go for stretch not hard but important,0.126,0.782
hard meditation session,0.558,0.604
do dentist simple urgent need,0.177,0.875
do workout difficult urgent,0.647,0.81
do budget not difficult,0.087,0.257
do stretch quick but important,0.099,0.751
join call with client hard demanding,0.743,0.579
moderate code review,0.484,0.358
prepare for homework medium priority,0.35,0.636
go to slides hard zero payoff,0.793,0.028
have dentist extreme critical,0.847,0.906
debug unit testing simple worth doing,0.147,0.51
take care of cleaning hard quite important,0.655,0.739
prepare for study session not difficult,0.14,0.293
study for study session easy but critical,0.141,0.804
take care of dusting extremely complex critical,0.806,0.912
go through assignment simple pointless,0.08,0.031
finish cooking easy but critical,0.096,0.914
finish dusting tough urgent must do,0.719,0.932
complete budget standard routine,0.473,0.324
prepare for reading difficult pointless,0.695,0.103
do shopping hard needs focus,0.735,0.61
file taxes moderate effort,0.468,0.432
lead sprint planning hard doesn't matter,0.714,0.086
have doctor appointment quick doesn't matter,0.097,0.039
lead meeting hard zero payoff,0.63,0.043
complete expense report demanding critical,0.602,0.88
join standup not hard,0.087,0.381
do stretch quick but matters,0.108,0.696
do cleaning tough no benefit,0.731,0.062
take care of dusting difficult needs doing,0.681,0.588
take care of shopping easy should do,0.088,0.618
have medication not important but hard,0.721,0.127
submit budget hard quite important,0.69,0.718
finish laundry easy must do,0.103,0.9
attend presentation tough no benefit,0.702,0.099
study for study session difficult needs doing,0.696,0.596
work on documentation simple pointless,0.069,0.009
go to retrospective medium priority,0.421,0.668
complete timesheet difficult pointless,0.74,0.058
go through reading grueling most important,0.876,0.875
review exam prep moderate nothing special,0.345,0.398
go to doctor appointment simple critical,0.089,0.853
refactor email complex nobody asked for,0.557,0.031
do meditation complex very important,0.714,0.93
finish dusting not critical should do,0.374,0.466
get vacuuming not hard but important,0.153,0.724
write performance review hard demanding,0.625,0.653
do meditation not urgent,0.308,0.19
join slides quick can't miss,0.132,0.879
complete taxes grueling most important,0.925,0.935
go to checkup medium effort,0.38,0.311
do meditation hard needs focus,0.578,0.659
do dusting moderate effort,0.399,0.471
complete invoice medium priority,0.496,0.69
run networking event hard needs focus,0.571,0.649
attend networking event should take some time,0.436,0.361
lead call with client quick but important,0.053,0.867
join standup hard needs focus,0.627,0.625
lead meeting whenever,0.387,0.092
complete deployment medium priority,0.37,0.569
complete email grueling most important,0.924,0.949
go to retrospective simple pointless,0.026,0.01
go to presentation quick but important,0.081,0.84
run meeting hard doesn't matter,0.671,0.068
join interview hard demanding,0.615,0.738
go through reading should take some time,0.53,0.472
do workout important needs focus,0.538,0.756
file taxes hard needs focus,0.619,0.632
get cooking decent amount of work,0.366,0.482
do walk important needs focus,0.498,0.642
go for gym session tough challenging,0.554,0.667
review report important moderate effort,0.471,0.677
do homework hard zero payoff,0.689,0.038
refactor report important moderate effort,0.462,0.718
write deployment hard zero payoff,0.773,0.083
have presentation easy must do,0.176,0.87
do gym session hard nobody cares,0.656,0.088
finish dusting hard critical,0.704,0.88
have doctor appointment takes no time,0.062,0.054
prepare for reading tough no benefit,0.717,0.088
go for stretch hard hard,0.638,0.593
do taxes hard critical,0.676,0.865
easy dentist session,0.091,0.085
important networking event,0.363,0.811
do stretch hard waste of time,0.795,0.021
go for yoga easy simple,0.141,0.108
go for meditation hard nobody cares,0.665,0.099
lead team standup simple enough,0.117,0.135
do doctor appointment complex nobody asked for,0.626,0.067
complete documentation demanding critical,0.753,0.915
join networking event moderate effort,0.46,0.497
join presentation decent effort important,0.45,0.573
do cleaning hard zero payoff,0.672,0.048
prepare for reading hard cannot miss,0.731,0.911
easy standup session,0.137,0.179
fill out budget quick can't miss,0.128,0.891
attend meeting hard waste of time,0.759,0.047
finish dusting complex very important,0.684,0.947
finish email light and simple,0.14,0.185
get medication simple urgent need,0.122,0.915
get vacuuming whenever,0.339,0.12
prepare for reading hard nobody cares,0.615,0.112
complete budget easy no big deal,0.153,0.152
submit budget easy very important,0.095,0.801
ship deployment tough challenging,0.596,0.599
finish exam prep not critical should do,0.474,0.416
attend team standup decent effort important,0.377,0.701
submit taxes complex nobody asked for,0.636,0.042
get cleaning hard doesn't matter,0.569,0.075
get dishes hard hard,0.67,0.508
do walk quick and easy,0.049,0.099
review reading important needs focus,0.538,0.714
extreme exam prep,0.938,0.724
run networking event medium priority,0.461,0.649
take care of cooking takes no time,0.043,0.14
do timesheet simple critical,0.164,0.936
run networking event hard nobody cares,0.649,0.079
hard retrospective session,0.603,0.53
push unit testing not urgent,0.321,0.13
get vacuuming simple critical,0.08,0.859
file taxes hard doesn't matter,0.558,0.089
go for workout easy nothing to stress,0.138,0.134
go for stretch easy moderate important,0.176,0.578
have meeting extremely hard life or death,0.849,0.966
go for stretch not difficult,0.243,0.332
finish laundry quick urgent,0.134,0.898
prepare for interview complex nobody asked for,0.556,0.041
run slides complex very important,0.612,0.916
prepare for exam prep regular task,0.382,0.462
go to networking event important moderate effort,0.482,0.654
review report standard routine,0.326,0.408
do stretch easy very important,0.158,0.85
have call with client hard nobody cares,0.704,0.056
do workout grueling most important,0.901,0.922
attend presentation moderate doesn't matter,0.366,0.082
do cooking quick but important,0.135,0.863
tough sprint planning,0.63,0.497
do checkup difficult urgent,0.555,0.895
go through homework takes no time,0.027,0.019
do gym session easy should do,0.096,0.598
study for study session difficult pointless,0.615,0.092
attend team standup hard hard,0.699,0.608
go for run decent effort important,0.385,0.699
complete expense report not important but hard,0.641,0.14
join networking event brutal intense,0.856,0.864
finish assignment easy should do,0.082,0.549
handle shopping demanding critical,0.754,0.895
do timesheet quick doesn't matter,0.071,0.027
get laundry simple urgent need,0.136,0.831
handle shopping difficult pointless,0.628,0.082
take care of laundry hardest thing ever very important,0.949,0.906
attend team standup low priority,0.328,0.121
debug email decent effort important,0.438,0.67
handle groceries tough urgent must do,0.792,0.874
write unit testing not important,0.303,0.106
finish email simple worth doing,0.164,0.525
prepare for study session not urgent,0.285,0.231
go for workout easy but critical,0.08,0.865
submit taxes hard quite important,0.608,0.737
go to interview not critical should do,0.401,0.394
do shopping quick urgent,0.091,0.922
fix documentation tough no benefit,0.633,0.032
push performance review difficult urgent,0.69,0.83
handle groceries not difficult,0.136,0.212
review exam prep hard nobody cares,0.786,0.047
lead slides difficult urgent,0.623,0.915
lead slides simple urgent need,0.153,0.842
file expense report difficult pointless,0.625,0.072
submit invoice tough urgent must do,0.715,0.935
optional sprint planning,0.334,0.171
fill out taxes quick can't miss,0.149,0.859
go through exam prep hard needs focus,0.577,0.711
have meeting not important,0.265,0.07
do cooking tough no benefit,0.612,0.062
submit timesheet extreme critical,0.926,0.946
take care of laundry straightforward,0.201,0.193
join call with client complex very important,0.643,0.884
complete email moderate doesn't matter,0.336,0.162
submit budget quick but matters,0.116,0.539
go for gym session hard hard,0.671,0.507
go to slides not urgent,0.261,0.204
do medication tough challenging,0.558,0.506
study for study session easy nothing to stress,0.137,0.063
do yoga quick but important,0.094,0.857
tough expense report,0.605,0.571
do yoga hard hard,0.617,0.634
complete documentation simple worth doing,0.181,0.584
finish cleaning hard needs focus,0.605,0.59
debug email easy nothing to stress,0.114,0.134
handle groceries important moderate effort,0.412,0.624
attend meeting difficult pointless,0.713,0.066
do budget difficult needs doing,0.696,0.546
go for walk simple enough,0.159,0.126
do run easy very important,0.168,0.941
do workout hard doesn't matter,0.612,0.058
prepare for networking event hard very important,0.578,0.847
go for workout light and simple,0.077,0.104
fill out timesheet tough no benefit,0.704,0.062
lead team standup hard needs focus,0.74,0.667
take care of vacuuming simple critical,0.114,0.976
join interview difficult pointless,0.703,0.041
go for walk not important,0.228,0.079
important performance review,0.48,0.764
do meditation hard nobody cares,0.632,0.068
handle groceries difficult needs doing,0.733,0.577
file taxes easy nothing to stress,0.125,0.094
go for meditation complex nobody asked for,0.601,0.05
intense networking event,0.76,0.608
go for gym session not a priority,0.222,0.131
write deployment hard doesn't matter,0.576,0.053
go for stretch difficult urgent,0.709,0.821
have team standup not urgent,0.291,0.1
prepare for presentation easy must do,0.11,0.812
run team standup complex nobody asked for,0.637,0.078
do shopping grueling most important,0.96,0.887
go through assignment should take some time,0.37,0.41
handle groceries simple critical,0.171,0.937
go to standup complex nobody asked for,0.703,0.028
go to presentation quick can't miss,0.139,0.868
join standup demanding critical,0.783,0.915
refactor unit testing light and simple,0.054,0.116
go for workout easy should do,0.158,0.535
join slides hard zero payoff,0.735,0.058
work on performance review difficult needs doing,0.583,0.671
file expense report barely anything,0.028,0.073
finish cleaning easy but critical,0.066,0.819
get doctor appointment not important but hard,0.602,0.198
review reading easy simple,0.152,0.176
take care of dishes medium priority,0.456,0.642
finish dishes difficult pointless,0.757,0.118
take care of groceries light and simple,0.101,0.154
push report complex very important,0.667,0.844
work on report decent amount of work,0.386,0.371
go to meeting decent effort important,0.36,0.557
file timesheet grueling most important,0.862,0.923
handle groceries whenever,0.473,0.115
lead team standup hard nobody cares,0.615,0.057
prepare for exam prep standard routine,0.485,0.45
do expense report easy but critical,0.068,0.912
take care of dusting hard zero payoff,0.793,0.083
run presentation difficult urgent,0.673,0.881
finish exam prep simple pointless,0.05,0.038
file invoice easy must do,0.108,0.901
do study session hard doesn't matter,0.686,0.047
do yoga not difficult,0.182,0.395
attend networking event quick can't miss,0.072,0.921
handle groceries hard waste of time,0.746,0.069
prepare for homework complex very important,0.727,0.849
lead interview quick urgent,0.112,0.924
ship code review hard doesn't matter,0.685,0.046
do stretch hard demanding,0.726,0.662
go for run quick and simple,0.125,0.144
lead team standup decent effort important,0.39,0.643
join presentation difficult urgent,0.661,0.874
take care of dusting easy should do,0.106,0.648
review assignment hard doesn't matter,0.723,0.097
submit invoice complex very important,0.67,0.833
have doctor appointment regular task,0.454,0.426
prepare for assignment not hard but important,0.18,0.678
prepare for sprint planning not important but hard,0.657,0.239
go for meditation difficult needs doing,0.63,0.501
file budget easy nothing to stress,0.118,0.06
fill out taxes simple worth doing,0.129,0.577
do yoga hardest thing ever very important,0.945,0.995
refactor unit testing simple enough,0.137,0.157
file expense report easy but critical,0.124,0.933
complete report light and simple,0.082,0.115
have sprint planning extreme critical,0.926,0.937
review code review not difficult,0.203,0.214
review documentation not hard but important,0.249,0.772
go for workout extremely hard life or death,0.872,0.973
finish cleaning takes no time,0.036,0.107
prepare for slides simple worth doing,0.174,0.471
have doctor appointment difficult pointless,0.744,0.057
go to interview hard quite important,0.733,0.759
handle groceries quick doesn't matter,0.046,0.055
go for meditation easy moderate important,0.17,0.651
lead slides not important but hard,0.666,0.168
lead team standup hard very important,0.669,0.914
take care of dusting moderate nothing special,0.305,0.426
take care of dusting important needs focus,0.411,0.743
run team standup not important but hard,0.743,0.201
do stretch not important but hard,0.724,0.126
go for walk hardest thing ever very important,0.961,0.931
do shopping not urgent,0.412,0.231
refactor documentation easy moderate important,0.188,0.503
do walk not critical should do,0.475,0.448
do dishes hard waste of time,0.711,0.063
go to presentation hard needs focus,0.639,0.655
have presentation easy nothing to stress,0.119,0.115
go for gym session quick but matters,0.098,0.696
finish documentation difficult pointless,0.749,0.093
lead presentation extremely complex critical,0.795,0.871
lead interview not important but hard,0.639,0.181
study for exam prep brutal intense,0.845,0.801
complete timesheet not hard,0.212,0.239
review study session quick but matters,0.179,0.55
prepare for slides extremely complex critical,0.793,0.915
take care of shopping hard nobody cares,0.664,0.117
have dentist difficult needs doing,0.586,0.69
complete timesheet quick doesn't matter,0.094,0.035
have networking event easy must do,0.099,0.816
finish cooking hard waste of time,0.7,0.046
lead interview tough challenging,0.687,0.686
do assignment straightforward,0.139,0.145
finish cooking easy must do,0.141,0.824
study for study session not hard,0.132,0.313
fill out expense report easy should do,0.087,0.532
do medication not important but hard,0.753,0.103
hard walk session,0.682,0.551
get vacuuming regular task,0.385,0.376
do gym session simple critical,0.142,0.907
review code review hardest thing ever very important,0.911,0.997
file budget not urgent,0.312,0.248
go for gym session quick but important,0.06,0.846
run standup not important but hard,0.785,0.117
do study session hard demanding,0.665,0.705
do vacuuming straightforward,0.171,0.195
have doctor appointment quick but matters,0.105,0.615
go for yoga not hard,0.207,0.243
have dentist quick can't miss,0.096,0.883
attend standup hard waste of time,0.721,0.095
lead meeting hard demanding,0.713,0.745
ship unit testing simple enough,0.16,0.202
review documentation quick but matters,0.141,0.699
run team standup hard waste of time,0.693,0.091
go for meditation tough urgent must do,0.615,0.915
study for exam prep not critical should do,0.445,0.448
study for homework easy should do,0.149,0.451
prepare for slides hard nobody cares,0.645,0.063
finish dishes hard critical,0.667,0.927
do stretch light and simple,0.127,0.149
attend retrospective simple critical,0.157,0.877
finish code review hard nobody cares,0.707,0.114
do yoga grueling most important,0.895,0.857
do gym session quick and simple,0.07,0.1
study for reading simple critical,0.157,0.854
join interview hard zero payoff,0.605,0.089
prepare for interview hard needs focus,0.639,0.63
lead retrospective no rush,0.398,0.119
do groceries not important,0.251,0.031
refactor performance review easy but critical,0.088,0.863
file expense report difficult urgent,0.596,0.905
submit expense report not important,0.203,0.116
do dusting quick but important,0.064,0.787
do shopping hard doesn't matter,0.654,0.034
have doctor appointment hard needs focus,0.669,0.592
do study session moderate doesn't matter,0.424,0.173
do doctor appointment easy must do,0.174,0.945
attend sprint planning tough no benefit,0.726,0.029
go for walk brutal intense,0.831,0.861
study for study session easy moderate important,0.084,0.674
attend networking event difficult needs doing,0.57,0.587
take care of shopping low priority,0.497,0.093
prepare for standup simple worth doing,0.183,0.557
have slides hard nobody cares,0.662,0.067
do taxes tough urgent must do,0.731,0.887
get dusting not important,0.299,0.103
have team standup quick urgent,0.095,0.863
do workout difficult pointless,0.749,0.092
have doctor appointment hard critical,0.595,0.868
go to standup not hard but important,0.187,0.777
have presentation straightforward,0.176,0.229
finish dusting complex nobody asked for,0.676,0.085
lead slides extremely hard life or death,0.949,0.945
take care of cleaning not hard,0.1,0.256
go for meditation decent effort important,0.499,0.587
push report hard demanding,0.756,0.635
attend meeting easy no big deal,0.089,0.178
push unit testing not important but hard,0.687,0.248
get cleaning difficult needs doing,0.63,0.735
complete report straightforward,0.201,0.149
complete timesheet hard cannot miss,0.632,0.918
prepare for study session hard waste of time,0.678,0.062
do run extremely hard life or death,0.848,0.972
do run quick nothing important,0.04,0.064
critical study session,0.419,0.859
join presentation hard doesn't matter,0.646,0.036
have call with client difficult needs doing,0.679,0.598
do gym session should take some time,0.364,0.493
do dentist easy should do,0.095,0.598
lead meeting not important,0.246,0.064
run meeting hard nobody cares,0.676,0.109
get medication extremely hard life or death,0.864,0.917
complete invoice moderate nothing special,0.345,0.271
finish laundry medium priority,0.348,0.67
have doctor appointment hard very important,0.678,0.849
get laundry should take some time,0.367,0.32
important doctor appointment,0.399,0.818
finish laundry difficult pointless,0.799,0.103
study for homework extreme critical,0.878,0.943
refactor code review hard zero payoff,0.763,0.077
go through exam prep not urgent,0.453,0.194
submit timesheet easy but critical,0.072,0.827
work on report difficult pointless,0.658,0.061
do stretch hard very important,0.622,0.902
handle groceries decent amount of work,0.439,0.31
complete taxes brutal intense,0.928,0.85
do homework decent effort important,0.424,0.678
do yoga hard cannot miss,0.751,0.946
take care of cleaning easy simple,0.103,0.117
get doctor appointment complex nobody asked for,0.569,0.077
go for stretch hard very important,0.579,0.851
do workout easy no big deal,0.172,0.09
complete code review decent effort important,0.5,0.639
have presentation hard critical,0.717,0.948
debug email not hard,0.19,0.243
take care of shopping quick can't miss,0.146,0.936
complete timesheet difficult needs doing,0.72,0.645
go for walk no rush,0.437,0.206
ship performance review not a priority,0.342,0.144
complete expense report quick can't miss,0.122,0.922
work on deployment complex nobody asked for,0.643,0.066
finish documentation extreme critical,0.866,0.909
refactor deployment easy no effort,0.045,0.056
have dentist easy moderate important,0.184,0.53
run slides difficult pointless,0.791,0.048
do medication hard hard,0.693,0.598
take care of dishes not urgent,0.304,0.168
finish cleaning decent effort important,0.347,0.71
submit budget hard doesn't matter,0.703,0.118
do stretch hard hard,0.744,0.511
run sprint planning quick nothing important,0.069,0.062
prepare for retrospective simple critical,0.105,0.928
go to meeting hard doesn't matter,0.556,0.113
get checkup hard demanding,0.619,0.631
do meditation low priority,0.345,0.137
finish exam prep simple urgent need,0.111,0.827
have call with client not important but hard,0.618,0.139
do invoice quick doesn't matter,0.062,0.002
urgent sprint planning,0.312,0.856
have retrospective hardest thing ever very important,0.923,0.986
go through reading quick urgent,0.122,0.907
study for reading hard doesn't matter,0.651,0.101
prepare for meeting extreme critical,0.806,0.904
do dentist medium effort,0.487,0.322
handle groceries hard doesn't matter,0.749,0.112
run meeting grueling most important,0.958,0.928
quick team standup,0.057,0.137
do stretch easy moderate important,0.103,0.581
go to medication not important but hard,0.762,0.236
finish cooking extremely complex critical,0.764,0.915
prepare for assignment simple critical,0.109,0.931
refactor performance review hard zero payoff,0.616,0.022
take care of laundry grueling most important,0.913,0.889
debug unit testing simple pointless,0.062,0.003
review deployment demanding critical,0.638,0.946
run networking event simple critical,0.09,0.973
lead interview tough no benefit,0.565,0.036
run presentation easy simple,0.191,0.081
go to networking event decent effort important,0.497,0.747
go for gym session quick and simple,0.144,0.158
do doctor appointment hard needs focus,0.689,0.64
do laundry quick nothing important,0.071,0.029
run slides easy must do,0.134,0.825
attend call with client tough challenging,0.702,0.579
review code review easy moderate important,0.137,0.522
complete documentation hard doesn't matter,0.567,0.089
join team standup complex very important,0.723,0.866
finish email simple critical,0.152,0.856
go to retrospective tough no benefit,0.722,0.04
prepare for assignment extremely hard life or death,0.83,0.964
have networking event straightforward,0.214,0.186
take care of cooking not important but hard,0.614,0.137
do dishes easy simple,0.162,0.129
attend networking event hard nobody cares,0.629,0.03
review homework demanding critical,0.601,0.856
go through reading hard zero payoff,0.656,0.069
go for stretch hard critical,0.687,0.911
take care of dishes not important,0.384,0.035
join retrospective quick can't miss,0.064,0.914
review report hard waste of time,0.776,0.049
do medication difficult urgent,0.579,0.869
prepare for reading simple worth doing,0.186,0.542
get doctor appointment hard zero payoff,0.693,0.047
run interview hard quite important,0.695,0.641
have doctor appointment light and simple,0.107,0.194
finish study session quick but matters,0.135,0.653
push performance review hard waste of time,0.643,0.031
run sprint planning simple pointless,0.036,0.027
study for reading easy should do,0.192,0.536
hard call with client,0.65,0.635
prepare for standup low priority,0.329,0.109
complete taxes easy moderate important,0.118,0.687
fix unit testing hard nobody cares,0.735,0.099
do meditation hard hard,0.734,0.674
have team standup regular task,0.486,0.371
go for yoga important needs focus,0.518,0.673
do run not important but hard,0.668,0.126
join sprint planning grueling most important,0.871,0.938
lead sprint planning easy simple,0.144,0.154
urgent gym session,0.426,0.905
study for reading difficult pointless,0.733,0.035
prepare for homework hard needs focus,0.577,0.626
do walk tough no benefit,0.727,0.099
do assignment difficult needs doing,0.577,0.575
do doctor appointment easy simple,0.199,0.175
mandatory unit testing,0.364,0.942
do study session not important but hard,0.603,0.234
do gym session hard cannot miss,0.77,0.869
fill out expense report not urgent,0.33,0.125
get checkup easy should do,0.084,0.584
do cleaning easy very important,0.161,0.937
complete performance review hard nobody cares,0.762,0.101
get dusting hard demanding,0.635,0.563
refactor email barely anything,0.069,0.001
extreme unit testing,0.821,0.884
go through exam prep barely anything,0.057,0.009
finish homework quick can't miss,0.071,0.922
go to dentist extreme critical,0.906,0.897
have retrospective not hard,0.111,0.201
run call with client important moderate effort,0.329,0.708
prepare for retrospective difficult pointless,0.741,0.028
go through assignment tough urgent must do,0.751,0.873
lead presentation simple critical,0.123,0.957
go to slides hard nobody cares,0.731,0.117
do stretch difficult needs doing,0.563,0.516
take care of laundry hard cannot miss,0.748,0.898
have call with client not urgent,0.328,0.25
important study session,0.334,0.838
prepare for homework extremely hard life or death,0.868,0.914
go through homework easy no effort,0.07,0.079
fix performance review hard doesn't matter,0.669,0.038
attend call with client demanding critical,0.694,0.877
take care of vacuuming not urgent,0.348,0.146
go to doctor appointment hard zero payoff,0.789,0.033
go for yoga hard cannot miss,0.792,0.857
fill out timesheet simple worth doing,0.139,0.641
review exam prep tough no benefit,0.676,0.075
go for meditation tough challenging,0.67,0.606
fix documentation easy no big deal,0.117,0.177
do checkup grueling most important,0.894,0.929
review performance review not important but hard,0.778,0.147
finish laundry hard quite important,0.675,0.616
do gym session quick but matters,0.119,0.539
have presentation tough no benefit,0.72,0.025
fill out expense report decent effort important,0.421,0.657
lead call with client difficult pointless,0.659,0.026
tough exam prep,0.606,0.558
refactor unit testing hard nobody cares,0.73,0.096
go through reading not important but hard,0.755,0.249
file invoice hard waste of time,0.691,0.036
write report hard waste of time,0.633,0.03
review report tough no benefit,0.716,0.05
debug code review tough no benefit,0.629,0.046
have standup hard doesn't matter,0.649,0.113
attend presentation difficult pointless,0.705,0.114
complete unit testing hard zero payoff,0.739,0.064
fix report complex nobody asked for,0.561,0.075
have networking event complex nobody asked for,0.646,0.023
review report hard nobody cares,0.702,0.049
go to checkup complex nobody asked for,0.667,0.021
submit taxes hard doesn't matter,0.657,0.112
prepare for sprint planning hard waste of time,0.711,0.061
go to call with client complex nobody asked for,0.701,0.041
study for reading hard waste of time,0.679,0.072
complete performance review complex nobody asked for,0.587,0.023
fill out timesheet hard waste of time,0.672,0.024
join sprint planning tough no benefit,0.642,0.051
do doctor appointment not important but hard,0.712,0.143
ship report difficult pointless,0.723,0.108
debug email hard nobody cares,0.771,0.115
attend sprint planning not important but hard,0.676,0.185
debug report tough no benefit,0.565,0.053
join slides hard nobody cares,0.78,0.05
review documentation difficult pointless,0.746,0.035
take care of groceries hard zero payoff,0.606,0.06
write code review hard doesn't matter,0.745,0.078
prepare for call with client hard waste of time,0.742,0.078
have call with client hard waste of time,0.605,0.042
ship code review not important but hard,0.762,0.249
run networking event hard zero payoff,0.712,0.076
go for walk hard nobody cares,0.657,0.029
lead retrospective tough no benefit,0.697,0.048
do workout hard zero payoff,0.674,0.099
go for stretch hard waste of time,0.777,0.047
prepare for sprint planning tough no benefit,0.658,0.087
lead meeting easy should do,0.09,0.534
run call with client not important but hard,0.631,0.204
work on performance review easy but critical,0.139,0.945
do timesheet hard zero payoff,0.661,0.037
have meeting simple critical,0.082,0.854
debug documentation hard doesn't matter,0.716,0.088
go for stretch quick but matters,0.175,0.584
finish homework hard nobody cares,0.74,0.05
handle shopping simple critical,0.11,0.931
take care of laundry hard nobody cares,0.736,0.118
review homework medium priority,0.306,0.64
work on unit testing hard nobody cares,0.676,0.116
go to medication important moderate effort,0.409,0.617
file invoice not important but hard,0.676,0.151
get medication quick but important,0.082,0.833
do dentist complex nobody asked for,0.673,0.028
do workout not hard but important,0.174,0.78
fill out expense report complex nobody asked for,0.551,0.082
go for meditation easy should do,0.085,0.487
attend meeting complex nobody asked for,0.693,0.085
complete invoice simple enough,0.094,0.189
get checkup easy but critical,0.094,0.855
do doctor appointment hard nobody cares,0.632,0.077
take care of vacuuming not hard,0.192,0.309
lead retrospective easy moderate important,0.088,0.658
have call with client hard zero payoff,0.623,0.023
refactor email medium effort,0.327,0.44
take care of cooking quick but important,0.101,0.752
run call with client complex nobody asked for,0.722,0.084
join retrospective not important,0.296,0.041
work on documentation quick urgent,0.14,0.865
refactor code review hard waste of time,0.681,0.08
optional study session,0.39,0.176
do expense report easy very important,0.15,0.917
submit expense report tough no benefit,0.605,0.042
go for run medium effort,0.467,0.421
do checkup not hard but important,0.173,0.751
lead presentation tough no benefit,0.735,0.046
go for meditation light and simple,0.085,0.117
do doctor appointment important moderate effort,0.353,0.685
prepare for interview tough no benefit,0.693,0.064
do workout not difficult,0.179,0.235
do meditation simple critical,0.14,0.932
do invoice not important but hard,0.707,0.122
finish vacuuming this week,0.325,0.425
join slides easy but critical,0.057,0.922
file timesheet complex nobody asked for,0.603,0.099
fix deployment easy no big deal,0.098,0.116
attend interview simple urgent need,0.173,0.903
submit taxes hard nobody cares,0.602,0.054
complete taxes moderate nothing special,0.386,0.296
have networking event quick urgent,0.082,0.908
attend sprint planning hard zero payoff,0.641,0.069
simple gym session,0.169,0.247
have networking event simple urgent need,0.09,0.927
go to networking event not important but hard,0.722,0.234
pointless networking event,0.37,0.056
run team standup easy very important,0.121,0.867
push report hard zero payoff,0.77,0.08
review exam prep hard very important,0.591,0.901
file taxes standard routine,0.364,0.4
go to medication quick but matters,0.141,0.575
go to interview hard zero payoff,0.634,0.052
do workout hard cannot miss,0.681,0.875
ship report no rush,0.4,0.17
go to medication quick can't miss,0.115,0.856
work on report hard zero payoff,0.714,0.049
join slides hard very important,0.62,0.84
pointless code review,0.306,0.036
do medication medium priority,0.31,0.546
attend slides difficult pointless,0.723,0.075
do workout extremely complex critical,0.89,0.895
join networking event whenever,0.32,0.172
ship unit testing important needs focus,0.383,0.613
go to retrospective hard nobody cares,0.715,0.098
have sprint planning grueling most important,0.911,0.892
go to medication easy no effort,0.065,0.02
lead retrospective easy very important,0.157,0.84
do walk difficult pointless,0.756,0.075
refactor email hard quite important,0.657,0.637
push report simple enough,0.157,0.162
attend sprint planning not hard but important,0.234,0.679
submit invoice not important but hard,0.631,0.12
do groceries hardest thing ever very important,0.952,0.946
do invoice easy simple,0.166,0.099
go for workout easy very important,0.178,0.82
submit invoice hard doesn't matter,0.711,0.041
prepare for homework difficult urgent,0.573,0.936
prepare for call with client medium effort,0.375,0.363
join team standup easy but critical,0.072,0.916
have presentation hard doesn't matter,0.68,0.05
join slides hard hard,0.73,0.681
run team standup easy no big deal,0.122,0.085
take care of groceries simple urgent need,0.11,0.808
finish cleaning hard zero payoff,0.616,0.044
have medication hard hard,0.748,0.529
take care of cooking simple pointless,0.022,0.017
file taxes easy but critical,0.095,0.85
push deployment tough no benefit,0.674,0.043
finish laundry hardest thing ever very important,0.866,0.944
do dusting not a priority,0.207,0.174
get doctor appointment quick urgent,0.145,0.888
attend call with client hard waste of time,0.629,0.081
review study session difficult urgent,0.552,0.82
join team standup light and simple,0.092,0.179
get dentist quick can't miss,0.097,0.948
go for meditation difficult pointless,0.616,0.066
take care of vacuuming brutal intense,0.943,0.839
have medication regular task,0.405,0.434
go for run easy moderate important,0.113,0.688
attend slides hard zero payoff,0.61,0.067
have networking event hard quite important,0.661,0.769
have checkup not difficult,0.234,0.385
go for meditation simple worth doing,0.169,0.534
go to doctor appointment difficult pointless,0.648,0.082
prepare for assignment tough urgent must do,0.785,0.856
go for meditation straightforward,0.15,0.247
finish laundry simple urgent need,0.111,0.873
do workout complex nobody asked for,0.631,0.088
submit invoice extreme critical,0.921,0.884
finish unit testing quick and easy,0.015,0.051
go to standup quick but important,0.05,0.777
have checkup tough no benefit,0.686,0.093
ship code review tough challenging,0.558,0.617
join sprint planning quick and easy,0.082,0.023
work on documentation easy very important,0.163,0.843
do cleaning hard waste of time,0.631,0.082
review code review brutal intense,0.891,0.903
finish reading standard routine,0.433,0.439
have doctor appointment quick can't miss,0.129,0.935
attend team standup complex nobody asked for,0.598,0.032
have doctor appointment complex very important,0.625,0.897
do walk quick and simple,0.14,0.159
get doctor appointment easy should do,0.102,0.55
get medication tough no benefit,0.64,0.085
do gym session hard quite important,0.598,0.721
submit timesheet easy nothing to stress,0.092,0.127
write email decent effort important,0.46,0.625
work on code review complex nobody asked for,0.637,0.096
do timesheet difficult urgent,0.617,0.861
handle groceries not important,0.366,0.062
join presentation quick but important,0.072,0.873
submit timesheet hard nobody cares,0.7,0.115
prepare for meeting grueling most important,0.936,0.879
do meditation moderate effort,0.485,0.408
urgent exam prep,0.431,0.802
write report tough no benefit,0.679,0.096
run sprint planning hard quite important,0.736,0.746
do exam prep moderate nothing special,0.434,0.333
go for workout easy must do,0.116,0.915
do homework tough no benefit,0.708,0.048
do taxes grueling most important,0.973,0.923
get cooking quick nothing important,0.033,0.047
study for exam prep decent effort important,0.471,0.709
complete documentation not important but hard,0.755,0.212
fix code review demanding critical,0.664,0.887
refactor report not hard,0.112,0.314
complete invoice quick but matters,0.089,0.669
have checkup hard waste of time,0.733,0.1
study for study session demanding critical,0.8,0.878
go for run not critical should do,0.341,0.4
run retrospective easy but critical,0.053,0.843
complete invoice difficult pointless,0.774,0.113
prepare for slides tough challenging,0.623,0.519
debug code review quick doesn't matter,0.092,0.06
finish deployment simple worth doing,0.091,0.517
write email difficult pointless,0.619,0.114
review assignment brutal intense,0.806,0.921
get vacuuming quick doesn't matter,0.041,0.047
do dusting easy very important,0.113,0.828
have standup hard nobody cares,0.694,0.093
join call with client hard very important,0.665,0.909
join standup light and simple,0.133,0.115
important gym session,0.382,0.816
file invoice difficult pointless,0.741,0.045
run call with client hard hard,0.746,0.581
complete expense report this week,0.438,0.465
go to medication simple urgent need,0.177,0.837
review documentation complex nobody asked for,0.75,0.08
lead meeting hard quite important,0.743,0.655
go to checkup quick and easy,0.065,0.086
have team standup simple worth doing,0.093,0.491
do doctor appointment hard doesn't matter,0.591,0.055
debug deployment brutal intense,0.873,0.841
work on deployment quick and easy,0.043,0.019
work on email important needs focus,0.406,0.685
take care of shopping not important but hard,0.64,0.23
attend standup hard very important,0.582,0.833
get vacuuming moderate effort,0.429,0.408
run slides simple urgent need,0.107,0.856
go for run difficult pointless,0.654,0.086
complete performance review hard hard,0.563,0.691
do doctor appointment moderate nothing special,0.35,0.299
review study session decent effort important,0.454,0.704
debug performance review tough no benefit,0.55,0.035
fill out taxes hardest thing ever very important,0.896,0.938
go for stretch moderate effort,0.365,0.479
review exam prep quick can't miss,0.103,0.899
review study session hard zero payoff,0.773,0.036
finish vacuuming hard demanding,0.621,0.748
do walk easy no big deal,0.102,0.101
study for study session quick but important,0.076,0.888
attend interview hard waste of time,0.729,0.091
debug unit testing tough urgent must do,0.785,0.911
finish study session not urgent,0.454,0.132
take care of dusting simple urgent need,0.089,0.887
go for stretch hard nobody cares,0.685,0.055
ship performance review grueling most important,0.94,0.853
have sprint planning easy no effort,0.053,0.019
have interview quick but important,0.123,0.779
do reading hard doesn't matter,0.609,0.026
go to interview extreme critical,0.82,0.862
do walk simple enough,0.127,0.101
join team standup easy very important,0.156,0.832
complete report tough no benefit,0.602,0.037
do groceries demanding critical,0.659,0.927
have standup easy nothing to stress,0.104,0.073
complete documentation quick but important,0.101,0.841
attend retrospective hard waste of time,0.652,0.064
prepare for standup complex very important,0.698,0.926
do dishes not hard,0.092,0.344
do meditation decent effort important,0.392,0.686
go to doctor appointment hard nobody cares,0.753,0.098
complete timesheet hard hard,0.567,0.533
work on performance review barely anything,0.007,0.019
go for workout simple urgent need,0.159,0.876
lead team standup hard waste of time,0.632,0.064
do cleaning hard quite important,0.585,0.753
have doctor appointment easy no effort,0.004,0.005
refactor unit testing quick can't miss,0.088,0.914
work on code review hard zero payoff,0.746,0.064
complete invoice hard needs focus,0.631,0.598
do gym session not critical should do,0.296,0.313
do cooking simple urgent need,0.167,0.838
join call with client not important but hard,0.776,0.137
run team standup hard very important,0.598,0.901
lead sprint planning not urgent,0.405,0.144
go through study session important needs focus,0.382,0.649
attend slides complex nobody asked for,0.571,0.097
do workout difficult needs doing,0.621,0.688
have dentist easy nothing to stress,0.09,0.073
prepare for call with client decent effort important,0.409,0.587
do cooking hard waste of time,0.773,0.061
get vacuuming hard critical,0.696,0.887
do workout simple pointless,0.074,0.027
prepare for interview important needs focus,0.398,0.783
submit budget tough no benefit,0.589,0.062
extreme team standup,0.818,0.846
do dishes not difficult,0.203,0.357
critical unit testing,0.495,0.881
write documentation hard nobody cares,0.776,0.105
review study session tough challenging,0.642,0.6
have retrospective not critical should do,0.473,0.302
handle shopping easy but critical,0.074,0.857
do dentist hard zero payoff,0.783,0.091
attend standup demanding critical,0.674,0.929
prepare for meeting quick nothing important,0.045,0.026
push performance review not hard but important,0.196,0.715
take care of shopping hard waste of time,0.645,0.052
lead interview difficult needs doing,0.713,0.539
attend slides standard routine,0.368,0.315
push code review easy should do,0.131,0.643
fix report difficult pointless,0.623,0.033
review report demanding critical,0.68,0.911
attend interview straightforward,0.182,0.129
go for meditation easy must do,0.157,0.838
join retrospective hard nobody cares,0.763,0.071
lead interview grueling most important,0.934,0.864
have meeting this week,0.358,0.543
finish cooking important needs focus,0.529,0.601
go to checkup hard nobody cares,0.62,0.057
work on report difficult urgent,0.607,0.827
complete invoice this week,0.417,0.383
finish vacuuming easy should do,0.184,0.581
take care of dishes difficult pointless,0.778,0.05
have presentation hardest thing ever very important,0.9,0.995
take care of cleaning standard routine,0.413,0.359
important call with client,0.424,0.895
go to networking event complex nobody asked for,0.572,0.087
do dusting hard quite important,0.705,0.686
finish vacuuming low priority,0.406,0.083
study for study session quick urgent,0.108,0.862
go to doctor appointment complex nobody asked for,0.73,0.062
go through study session difficult urgent,0.716,0.935
finish dusting easy simple,0.198,0.188
join team standup decent effort important,0.306,0.711
finish homework difficult pointless,0.757,0.058
attend interview complex very important,0.726,0.939
do meditation light and simple,0.131,0.118
review assignment important moderate effort,0.469,0.755
go for run hard doesn't matter,0.598,0.1
hard sprint planning,0.775,0.656
easy cleaning session,0.08,0.16
submit taxes easy very important,0.088,0.829
refactor documentation hard waste of time,0.616,0.07
hard expense report session,0.724,0.69
submit timesheet straightforward,0.106,0.168
review reading important moderate effort,0.303,0.699
work on unit testing hard doesn't matter,0.619,0.076
attend slides hardest thing ever very important,0.941,0.96
attend slides not urgent,0.484,0.201
finish unit testing simple critical,0.1,0.909
work on unit testing hard zero payoff,0.622,0.064
run sprint planning hard hard,0.591,0.699
study for homework quick doesn't matter,0.026,0.013
take care of cleaning quick can't miss,0.125,0.874
complete deployment difficult pointless,0.686,0.048
review performance review extremely hard life or death,0.831,0.925
attend retrospective not urgent,0.417,0.126
get laundry easy but critical,0.133,0.896
do study session difficult pointless,0.726,0.046
prepare for networking event hard critical,0.702,0.937
easy report session,0.137,0.134
prepare for assignment simple urgent need,0.125,0.905
prepare for team standup complex nobody asked for,0.73,0.061
run networking event hard demanding,0.732,0.584
study for reading moderate doesn't matter,0.303,0.1
push documentation important moderate effort,0.381,0.63
take care of vacuuming not important but hard,0.751,0.243
do workout hard critical,0.636,0.911
do meditation simple enough,0.093,0.21
complete taxes important needs focus,0.526,0.668
work on code review not important but hard,0.725,0.176
finish dishes hard demanding,0.671,0.586
do doctor appointment not hard,0.146,0.239
study for homework easy but critical,0.143,0.868
take care of groceries difficult pointless,0.744,0.086
prepare for team standup extreme critical,0.88,0.888
do walk easy nothing to stress,0.118,0.129
go for walk important moderate effort,0.477,0.733
handle groceries hard zero payoff,0.746,0.047
do gym session hard needs focus,0.556,0.575
lead retrospective standard routine,0.47,0.354
go to standup easy should do,0.135,0.529
run standup hard waste of time,0.637,0.04
do assignment grueling most important,0.946,0.935
do dusting light and simple,0.105,0.188
have dentist decent effort important,0.381,0.602
do cleaning difficult pointless,0.645,0.119
work on report grueling most important,0.942,0.887
take care of vacuuming not critical should do,0.316,0.377
have dentist easy but critical,0.111,0.913
do dusting difficult pointless,0.776,0.109
attend sprint planning tough challenging,0.733,0.62
fill out budget light and simple,0.102,0.165
do walk important moderate effort,0.459,0.617
do groceries hard zero payoff,0.662,0.046
run interview tough urgent must do,0.766,0.87
prepare for study session easy nothing to stress,0.087,0.139
finish reading not hard but important,0.115,0.76
fix unit testing difficult pointless,0.657,0.097
do cooking hard cannot miss,0.635,0.888
prepare for presentation not important,0.201,0.056
finish vacuuming easy must do,0.169,0.94
complete budget hard zero payoff,0.612,0.046
have medication difficult urgent,0.723,0.821
have doctor appointment not a priority,0.267,0.169
do workout decent effort important,0.458,0.718
fix email hard zero payoff,0.797,0.022
refactor email tough urgent must do,0.774,0.857
file timesheet standard routine,0.396,0.404
important team standup,0.424,0.843
go through reading complex nobody asked for,0.635,0.092
finish email difficult urgent,0.679,0.822
do medication moderate doesn't matter,0.469,0.198
push documentation medium priority,0.358,0.69
lead call with client hard doesn't matter,0.588,0.026
submit timesheet hard quite important,0.726,0.729
have sprint planning not critical should do,0.311,0.352
get doctor appointment easy moderate important,0.128,0.641
do dusting not important but hard,0.627,0.123
review performance review demanding critical,0.78,0.905
study for reading simple pointless,0.064,0.015
lead interview simple critical,0.124,0.943
finish exam prep hard zero payoff,0.776,0.096
go to sprint planning grueling most important,0.922,0.874
get dusting moderate doesn't matter,0.44,0.087
study for study session decent effort important,0.411,0.612
get laundry not important but hard,0.745,0.169
ship report difficult needs doing,0.712,0.572
do laundry standard routine,0.352,0.351
file budget easy must do,0.169,0.891
finish documentation hard nobody cares,0.637,0.037
file invoice hard needs focus,0.616,0.683
join interview not critical should do,0.478,0.444
get cooking decent effort important,0.328,0.74
fix deployment hard doesn't matter,0.597,0.073
have sprint planning tough challenging,0.642,0.569
do gym session easy no effort,0.007,0.02
ship email quick but important,0.111,0.779
get dentist hard zero payoff,0.798,0.027
study for assignment hard demanding,0.722,0.573
attend sprint planning straightforward,0.188,0.135
attend standup quick but matters,0.121,0.651
write unit testing difficult pointless,0.721,0.095
attend retrospective tough challenging,0.627,0.521
run standup easy simple,0.154,0.084
do reading decent effort important,0.432,0.735
attend interview complex nobody asked for,0.735,0.08
do meditation difficult urgent,0.664,0.865
easy expense report,0.052,0.077
finish vacuuming simple urgent need,0.089,0.803
study for homework tough no benefit,0.749,0.048
write report hard quite important,0.706,0.717
prepare for interview no rush,0.327,0.239
attend team standup easy but critical,0.076,0.811
study for exam prep hard doesn't matter,0.748,0.113
finish vacuuming hard cannot miss,0.723,0.898
work on deployment decent amount of work,0.362,0.42
review report easy very important,0.123,0.929
do cooking complex nobody asked for,0.576,0.089
prepare for sprint planning tough urgent must do,0.664,0.945
do workout quick and easy,0.022,0.085
go for walk quick can't miss,0.056,0.852
refactor documentation hard zero payoff,0.779,0.045
go for stretch extremely hard life or death,0.889,0.978
go to presentation moderate nothing special,0.385,0.284
join slides easy moderate important,0.181,0.527
tough study session,0.575,0.441
work on unit testing hard critical,0.57,0.89
push email simple enough,0.122,0.105
refactor performance review quick urgent,0.121,0.937
review code review hard nobody cares,0.693,0.04
do medication extremely hard life or death,0.815,0.905
go for workout standard routine,0.316,0.31
fix report easy should do,0.101,0.591
take care of cooking hard zero payoff,0.636,0.063
join slides extremely hard life or death,0.864,0.943
do meditation easy no effort,0.016,0.056
finish reading simple critical,0.141,0.87
attend team standup hard zero payoff,0.778,0.055
run standup hard cannot miss,0.717,0.902
go for gym session not important,0.204,0.026
file budget easy very important,0.16,0.808
debug report not important but hard,0.625,0.138
complete taxes tough urgent must do,0.757,0.854
complete expense report not a priority,0.208,0.151
complete invoice easy moderate important,0.192,0.579
work on deployment hard doesn't matter,0.593,0.049
prepare for retrospective brutal intense,0.886,0.837
have slides quick and easy,0.007,0.099
attend standup simple worth doing,0.182,0.641
get dishes complex nobody asked for,0.643,0.061
run sprint planning tough challenging,0.568,0.511
attend slides easy no effort,0.05,0.066
study for reading quick urgent,0.143,0.858
go to slides difficult pointless,0.794,0.113
finish reading grueling most important,0.868,0.926
get dishes not a priority,0.275,0.192
prepare for retrospective easy moderate important,0.118,0.633
file invoice complex nobody asked for,0.626,0.027
lead sprint planning hard demanding,0.753,0.684
handle shopping not urgent,0.395,0.25
file budget simple urgent need,0.106,0.919
get vacuuming difficult pointless,0.671,0.024
do checkup difficult needs doing,0.648,0.669
handle groceries standard routine,0.445,0.371
file taxes simple worth doing,0.164,0.507
file taxes hard zero payoff,0.709,0.078
fill out budget hard quite important,0.582,0.787
push email low priority,0.319,0.146
urgent code review,0.439,0.834
prepare for team standup hard doesn't matter,0.747,0.06
complete documentation extreme critical,0.925,0.859
go to presentation easy simple,0.15,0.171
study for study session simple worth doing,0.093,0.493
go to slides tough no benefit,0.587,0.04
go to checkup grueling most important,0.916,0.89
go for run simple enough,0.116,0.215
finish exam prep quick urgent,0.098,0.912
handle shopping hard zero payoff,0.68,0.025
lead slides hard demanding,0.754,0.575
easy code review,0.136,0.132
prepare for networking event simple worth doing,0.142,0.649
file timesheet tough no benefit,0.675,0.094
take care of dusting extremely hard life or death,0.847,0.951
do yoga barely anything,0.026,0.059
fill out invoice simple urgent need,0.092,0.82
attend meeting hard zero payoff,0.778,0.024
complete deployment brutal intense,0.812,0.902
do medication low priority,0.329,0.129
do walk simple urgent need,0.131,0.839
complete invoice hard zero payoff,0.697,0.024
submit budget difficult urgent,0.711,0.845
go through homework easy nothing to stress,0.055,0.142
finish vacuuming important moderate effort,0.457,0.748
finish reading hard zero payoff,0.773,0.059
do invoice hard critical,0.588,0.901
go for walk whenever,0.283,0.166
review performance review simple worth doing,0.12,0.508
fix deployment tough no benefit,0.671,0.048
prepare for reading difficult needs doing,0.58,0.545
do assignment not important,0.339,0.067
write performance review decent effort important,0.423,0.628
refactor unit testing hard doesn't matter,0.606,0.118
do dishes hard needs focus,0.551,0.731
prepare for assignment quick doesn't matter,0.058,0.041
finish unit testing easy moderate important,0.199,0.526
debug email tough no benefit,0.639,0.083
prepare for slides extremely hard life or death,0.82,0.972
run team standup simple enough,0.144,0.151
do meditation quick can't miss,0.124,0.938
review homework hard zero payoff,0.669,0.067
go to retrospective hard cannot miss,0.797,0.945
lead networking event easy no big deal,0.092,0.136
do gym session decent effort important,0.476,0.622
prepare for team standup hard waste of time,0.73,0.047
hard standup session,0.719,0.515
go for workout straightforward,0.212,0.248
do workout easy should do,0.172,0.499
finish vacuuming not important but hard,0.634,0.129
go to slides demanding critical,0.792,0.933
go to networking event light and simple,0.053,0.153
fix email decent effort important,0.47,0.726
prepare for assignment difficult pointless,0.703,0.092
review documentation brutal intense,0.876,0.877
run slides should take some time,0.548,0.356
get dishes medium priority,0.352,0.585
fix performance review complex nobody asked for,0.64,0.083
finish dishes extremely complex critical,0.827,0.876
go to checkup not a priority,0.355,0.186
fill out budget important needs focus,0.549,0.663
do dentist not important but hard,0.621,0.226
ship unit testing hard very important,0.625,0.805
get vacuuming decent amount of work,0.376,0.341
complete expense report simple urgent need,0.095,0.817
lead sprint planning not important but hard,0.606,0.238
extreme sprint planning,0.887,0.885
have retrospective easy simple,0.085,0.094
get checkup easy must do,0.169,0.802
push report not important but hard,0.687,0.117
do yoga hard critical,0.73,0.879
take care of shopping barely anything,0.047,0.076
get vacuuming simple worth doing,0.174,0.603
submit budget complex nobody asked for,0.613,0.053
attend retrospective hard hard,0.641,0.65
prepare for homework whenever,0.358,0.17
file expense report important moderate effort,0.318,0.603
complete unit testing tough no benefit,0.61,0.027
do yoga difficult urgent,0.55,0.867
submit budget not urgent,0.404,0.238
finish dusting important needs focus,0.461,0.676
push email hard doesn't matter,0.628,0.066
do cooking hard critical,0.658,0.906
file expense report not important,0.306,0.088
finish dusting easy must do,0.116,0.927
attend standup hard zero payoff,0.605,0.068
go for stretch hard demanding,0.627,0.726
join retrospective not critical should do,0.394,0.466
ship email easy but critical,0.08,0.812
take care of groceries tough no benefit,0.737,0.095
join meeting tough urgent must do,0.702,0.947
do doctor appointment not urgent,0.364,0.206
write documentation easy moderate important,0.116,0.62
do assignment hard waste of time,0.618,0.077
file invoice complex very important,0.653,0.824
debug deployment standard routine,0.402,0.315
take care of vacuuming medium priority,0.353,0.526
get dusting hard zero payoff,0.756,0.03
ship email hard quite important,0.719,0.673
absolutely impossible,0.99,0.95
literally takes 5 seconds,0.01,0.1
world ends if I don't do this,0.3,1.0
beyond trivial,0.02,0.05
one click and it's done,0.01,0.15
life or death situation,0.7,1.0
single most important thing in my life,0.6,0.99
could not possibly care less,0.1,0.01
hardest thing i've ever done and it means everything,0.95,0.98
pointless busywork that somehow takes forever,0.75,0.05
takes two seconds but absolutely critical,0.05,0.95
super easy and nobody cares,0.1,0.05
extremely complex problem nobody will ever look at,0.85,0.1
flip the switch to deploy the fix,0.05,0.9
just need to press enter to save the company,0.02,0.98
the entire company depends on this one thing,0.4,0.95
soul crushing grind for something that doesn't matter,0.9,0.05
quick confirmation text,0.02,0.6
five minute fix saves the whole project,0.15,0.9
building an entire dashboard nobody asked for,0.8,0.1
this one email determines if we get the deal,0.1,0.95
barely registers as a task,0.01,0.02
i automated a process that ran fine manually,0.7,0.1
debugging a race condition that never happens,0.75,0.1
this is the easiest thing i will do all day,0.02,0.15
