difficulty,importance,scheduled_duration,category,location,fixed_time,time_difference,real_duration
0.584,0.727,56,work,home,21:30,7.5,60.0
0.323,1.0,36,work,office,22:15,8.25,66.1
0.483,0.987,21,health,gym,,-1,47.2
0.513,0.082,20,personal,store,,-1,23.4
0.913,0.729,96,study,office,16:45,0.75,112.7
0.667,0.305,33,study,cafe,10:18,-4.7,0.0
0.185,0.388,84,personal,store,,-1,80.5
0.311,0.179,11,errand,store,08:18,-10.7,0.0
0.242,0.151,68,personal,cafe,09:00,-13.0,0.0
0.792,0.594,54,work,office,11:15,1.25,89.7
0.191,0.629,88,work,home,,-1,83.1
0.0,0.397,29,errand,store,22:45,2.75,29.2
0.454,0.896,74,personal,store,10:18,2.3,87.0
0.449,0.294,77,personal,cafe,20:00,1.0,67.3
0.628,0.978,38,health,home,17:45,1.75,52.6
0.658,0.642,99,work,home,,-1,118.7
0.262,0.375,89,personal,store,,-1,89.5
0.592,0.69,149,social,outdoor,,-1,192.5
0.19,0.568,63,study,office,,-1,78.7
0.394,0.656,33,work,home,,-1,35.3
0.329,0.695,93,study,cafe,,-1,101.1
1.0,0.598,40,work,cafe,11:45,3.75,65.5
0.095,0.306,96,social,outdoor,,-1,113.8
0.213,0.825,109,work,office,,-1,130.8
0.32,0.628,76,study,home,,-1,69.0
0.365,0.679,15,errand,outdoor,11:45,-5.25,0.0
0.073,0.065,19,errand,store,,-1,22.8
0.691,0.633,97,study,office,,-1,125.5
0.474,0.476,40,work,home,,-1,45.2
0.242,0.704,66,work,home,09:15,3.25,64.2
0.577,0.506,117,study,cafe,,-1,134.9
0.653,0.435,60,personal,cafe,,-1,65.9
0.666,0.733,102,work,office,,-1,122.6
0.67,0.56,22,health,home,,-1,24.5
0.367,0.552,118,work,cafe,10:30,1.5,111.3
0.446,0.642,85,study,office,10:45,-4.25,0.0
0.322,0.61,45,personal,home,22:30,11.5,42.4
0.619,0.769,80,study,cafe,,-1,94.5
0.469,0.331,44,work,home,08:00,-6.0,0.0
0.716,0.395,40,health,outdoor,18:45,-0.25,0.0
0.299,0.282,32,errand,outdoor,22:00,16.0,50.6
0.523,0.939,43,work,office,21:45,1.75,73.6
0.642,0.312,52,health,home,,-1,62.4
0.017,0.561,68,social,home,,-1,52.3
0.816,0.749,106,work,cafe,20:45,7.75,161.0
0.409,0.337,108,study,office,09:15,-12.75,0.0
0.477,0.411,174,social,home,13:45,0.75,0.0
0.823,0.695,23,health,gym,,-1,54.0
0.09,0.607,83,personal,home,09:00,-4.0,0.0
0.133,0.321,70,personal,home,12:18,-3.7,0.0
0.209,0.414,22,errand,outdoor,,-1,39.7
0.356,0.288,37,errand,home,,-1,36.6
0.29,0.604,62,personal,home,21:00,3.0,51.8
0.361,0.463,32,personal,cafe,08:30,-11.5,0.0
0.099,0.613,31,study,office,,-1,44.4
0.875,0.821,27,health,gym,11:00,5.0,65.0
0.601,0.466,120,work,office,,-1,154.7
0.321,0.333,179,social,cafe,,-1,182.1
0.796,0.694,93,work,home,20:15,7.25,117.3
0.506,0.631,112,study,home,18:15,0.25,0.0
0.659,0.185,74,work,home,,-1,84.8
0.684,0.36,162,social,outdoor,,-1,195.4
0.168,0.611,10,errand,store,,-1,14.2
0.263,0.802,82,study,cafe,,-1,93.7
0.391,0.674,52,work,office,,-1,76.1
0.327,0.578,108,work,home,,-1,98.2
0.428,0.682,74,work,office,,-1,90.1
0.544,0.5,42,study,home,17:00,2.0,42.4
0.697,0.283,106,work,cafe,,-1,132.5
0.602,0.664,106,work,office,19:15,13.25,132.7
0.096,0.579,113,social,outdoor,20:00,7.0,113.4
0.302,0.62,49,work,cafe,17:30,8.5,60.1
0.461,0.287,85,personal,store,,-1,83.3
0.433,0.865,108,work,cafe,,-1,140.8
0.417,0.492,97,work,office,21:30,3.5,115.8
0.53,0.802,110,work,cafe,,-1,135.8
0.484,0.545,32,personal,home,,-1,25.7
0.155,0.165,79,study,home,15:15,6.25,73.0
0.247,0.159,28,personal,cafe,09:45,-7.25,0.0
0.704,0.693,52,study,home,09:45,-1.25,0.0
0.219,0.443,21,errand,outdoor,,-1,44.3
0.482,0.339,178,social,home,08:18,-8.7,0.0
0.766,0.692,34,work,cafe,,-1,49.3
0.312,0.614,158,social,outdoor,,-1,165.6
0.0,0.541,44,personal,store,,-1,42.2
0.285,0.352,102,study,home,16:45,2.75,106.3
0.193,0.393,109,work,office,,-1,114.0
0.388,0.629,44,work,cafe,,-1,53.1
0.632,0.683,35,study,home,,-1,36.2
0.396,0.502,48,personal,cafe,,-1,51.0
0.238,0.246,100,social,outdoor,13:18,-7.7,0.0
0.442,0.703,33,work,cafe,17:15,6.25,44.9
0.508,0.484,11,errand,outdoor,14:45,3.75,33.2
0.587,0.456,21,errand,store,,-1,26.0
0.077,0.536,36,personal,store,,-1,40.3
0.546,0.6,33,health,gym,,-1,54.9
0.492,0.658,65,personal,home,,-1,55.6
0.296,0.826,31,health,gym,,-1,54.4
0.755,0.122,106,work,office,15:30,0.5,0.0
0.039,0.43,46,personal,cafe,23:00,16.0,41.7
0.677,0.447,62,study,cafe,,-1,75.1
0.626,0.957,53,health,home,08:15,-4.75,0.0
0.719,0.276,69,work,home,,-1,80.9
0.838,0.805,66,work,home,,-1,90.0
0.505,0.678,22,personal,cafe,23:18,2.3,30.7
0.845,0.815,52,work,office,14:00,3.0,86.1
0.241,0.344,34,personal,cafe,,-1,35.1
0.351,0.433,49,study,office,,-1,63.5
0.5,0.25,49,work,cafe,,-1,63.8
0.65,0.625,84,study,office,,-1,107.8
0.167,0.54,24,personal,store,,-1,30.4
0.293,0.04,14,errand,home,18:30,-1.5,0.0
0.682,0.807,44,health,outdoor,,-1,77.3
0.383,0.762,64,work,cafe,10:00,-5.0,0.0
0.571,0.52,106,study,office,22:00,16.0,127.2
0.857,0.648,52,study,home,,-1,67.8
0.464,0.821,22,health,gym,,-1,47.9
0.278,0.352,55,personal,cafe,,-1,55.0
0.753,0.238,81,work,cafe,19:00,-3.0,0.0
0.179,0.451,88,personal,home,14:18,-6.7,0.0
0.749,0.486,60,study,office,,-1,86.7
0.507,0.201,42,personal,home,08:30,-5.5,0.0
0.466,0.531,66,work,office,,-1,92.0
0.551,0.305,102,social,cafe,08:00,-9.0,0.0
0.216,0.535,29,errand,store,,-1,34.6
0.596,0.568,71,study,cafe,17:30,10.5,77.0
0.268,0.677,116,social,home,,-1,115.8
0.142,0.337,37,personal,store,18:15,-0.75,0.0
0.671,0.319,21,health,home,23:15,8.25,27.0
0.463,0.429,72,study,office,11:45,1.75,88.0
0.448,0.533,147,social,home,18:30,12.5,138.2
0.694,0.978,74,work,cafe,,-1,110.2
0.924,0.302,52,health,home,17:15,-1.75,0.0
0.122,0.538,76,personal,home,,-1,60.8
0.281,0.837,112,work,home,12:00,-4.0,0.0
0.291,0.599,33,errand,home,14:18,8.3,26.4
0.278,0.646,21,personal,store,,-1,23.7
0.711,0.811,104,study,home,20:45,14.75,130.5
0.403,0.282,43,personal,cafe,,-1,46.2
0.281,0.504,114,social,home,,-1,105.4
0.708,0.671,66,study,cafe,,-1,86.2
0.64,0.311,83,study,office,22:00,12.0,109.7
0.215,0.627,42,work,home,19:00,0.0,0.0
0.429,0.658,119,study,cafe,11:30,-9.5,0.0
0.44,0.336,32,errand,outdoor,,-1,55.3
0.653,0.697,97,study,office,,-1,123.7
0.663,0.667,87,work,office,,-1,115.3
0.356,0.267,62,social,home,18:30,10.5,64.3
0.391,0.561,58,personal,cafe,,-1,55.8
0.486,0.812,66,study,office,10:45,-7.25,0.0
0.357,0.398,37,personal,home,14:45,6.75,35.9
0.24,0.418,24,errand,store,21:00,9.0,38.3
0.329,0.295,102,social,cafe,19:18,1.3,95.1
0.205,0.896,18,errand,store,,-1,27.1
0.98,0.95,24,health,outdoor,,-1,69.9
0.139,0.296,29,personal,store,,-1,34.0
0.719,0.624,117,study,home,10:30,-6.5,0.0
0.467,0.38,27,errand,store,,-1,32.5
0.634,0.948,23,health,outdoor,,-1,54.2
0.255,0.573,83,work,office,,-1,96.3
0.768,0.79,32,work,office,,-1,52.9
0.695,0.504,87,work,cafe,,-1,114.2
0.555,0.0,30,errand,outdoor,22:30,0.5,42.5
0.347,0.636,57,health,outdoor,,-1,87.8
0.873,0.618,57,health,home,,-1,83.7
0.0,0.469,46,personal,cafe,19:00,2.0,44.8
0.647,0.469,87,study,cafe,18:00,7.0,106.4
0.157,0.518,17,errand,home,23:15,10.25,9.3
0.319,0.456,114,work,cafe,12:18,-6.7,0.0
0.508,0.707,55,health,gym,,-1,89.1
0.276,0.758,44,study,home,,-1,48.6
0.453,0.616,73,work,home,16:45,-5.25,0.0
0.463,0.625,30,errand,home,,-1,24.7
0.849,0.129,94,work,office,19:30,4.5,130.9
0.409,0.621,114,study,home,18:15,8.25,121.0
0.088,0.257,45,errand,store,12:30,-7.5,0.0
0.334,0.664,32,health,outdoor,,-1,55.8
0.21,0.54,45,study,cafe,21:18,4.3,57.7
0.229,0.519,45,personal,cafe,22:15,7.25,40.4
0.214,0.834,44,work,home,21:15,15.25,43.9
0.52,0.333,148,social,cafe,12:00,-7.0,0.0
0.121,0.0,36,errand,outdoor,17:45,8.75,51.7
0.069,0.435,74,personal,home,13:45,-1.25,0.0
0.961,0.383,60,work,office,14:45,2.75,101.3
0.514,0.627,46,health,outdoor,19:30,-1.5,0.0
0.274,0.623,102,social,cafe,21:30,15.5,106.8
0.54,0.597,77,personal,cafe,,-1,82.2
0.439,0.452,97,study,office,11:45,-4.25,0.0
0.976,1.0,50,health,gym,16:18,5.3,113.0
0.403,0.065,141,social,outdoor,19:00,2.0,130.5
0.645,0.497,33,health,home,,-1,37.9
0.424,0.326,115,work,office,,-1,133.7
0.509,0.428,65,work,cafe,,-1,82.7
0.438,0.406,86,study,cafe,,-1,98.6
0.0,0.28,44,errand,outdoor,19:30,5.5,54.3
0.469,0.468,95,work,cafe,12:45,-4.25,0.0
0.287,0.552,87,work,home,19:15,1.25,80.0
0.871,0.494,43,study,home,09:15,-7.75,0.0
0.206,0.0,174,social,outdoor,09:15,-6.75,0.0
0.26,0.332,155,social,outdoor,23:18,11.3,166.6
0.659,0.706,118,study,office,,-1,147.3
1.0,0.438,45,health,gym,08:30,-3.5,0.0
0.151,0.523,34,errand,store,13:45,3.75,41.2
0.445,0.425,54,personal,cafe,,-1,61.9
0.72,0.93,39,work,home,,-1,54.4
0.492,0.732,69,work,cafe,,-1,85.6
0.561,0.622,97,study,home,,-1,102.2
0.725,0.62,24,health,gym,12:18,-9.7,0.0
0.451,0.134,46,work,cafe,,-1,57.7
0.341,0.195,66,study,home,,-1,61.4
0.275,0.421,59,work,cafe,08:30,-5.5,0.0
1.0,0.707,74,work,cafe,14:30,-6.5,0.0
0.609,0.023,62,work,office,,-1,68.9
0.457,0.087,66,social,home,,-1,60.6
0.403,0.167,83,personal,home,,-1,68.7
0.327,0.635,24,errand,store,,-1,29.8
0.193,0.416,116,work,home,,-1,113.0
0.868,0.955,35,study,cafe,21:15,9.25,63.1
0.597,0.744,94,social,cafe,,-1,109.9
0.788,0.679,35,health,home,,-1,39.5
0.327,0.86,97,work,cafe,19:00,12.0,118.7
0.686,0.32,20,health,outdoor,,-1,50.4
0.504,0.253,52,personal,store,,-1,53.2
0.492,0.715,118,work,home,12:15,2.25,116.4
0.363,0.895,38,study,cafe,12:18,6.3,49.4
0.4,0.541,81,personal,home,,-1,67.7
0.227,0.565,48,personal,home,,-1,43.8
0.376,0.322,42,errand,store,,-1,49.5
0.722,0.373,45,health,gym,11:15,-8.75,0.0
0.148,0.556,38,work,home,14:45,-6.25,0.0
0.582,0.648,33,personal,cafe,,-1,38.3
0.685,0.637,109,study,cafe,,-1,140.0
0.231,0.557,78,study,office,,-1,89.4
0.635,0.985,54,health,home,,-1,71.7
0.394,0.404,115,study,office,22:18,8.3,146.1
0.432,0.689,36,study,home,,-1,39.4
0.52,0.881,33,errand,home,10:00,-11.0,0.0
0.541,0.47,107,study,home,,-1,111.5
0.686,0.587,79,work,office,23:45,15.75,101.2
0.656,0.621,53,work,home,,-1,58.8
0.239,0.346,46,personal,home,,-1,36.5
0.295,0.452,21,errand,home,19:18,9.3,22.8
0.806,0.736,106,work,cafe,20:00,13.0,150.3
0.835,0.872,30,health,outdoor,,-1,68.8
0.251,0.185,22,personal,home,13:15,-7.75,0.0
0.66,0.394,33,errand,home,,-1,29.6
0.295,0.0,168,social,outdoor,,-1,149.1
0.587,0.48,111,work,home,,-1,131.1
0.663,0.099,121,social,home,19:18,10.3,111.2
0.506,0.236,15,personal,store,17:30,0.5,18.6
1.0,0.833,47,study,cafe,,-1,85.8
0.401,0.831,12,errand,outdoor,,-1,38.6
0.833,0.741,31,health,gym,,-1,71.4
0.648,0.327,63,personal,cafe,12:45,-2.25,0.0
0.359,0.209,41,personal,home,23:30,17.5,38.7
0.525,0.539,10,errand,store,15:45,8.75,18.8
0.488,0.442,23,personal,home,19:00,4.0,21.8
0.714,0.0,115,study,cafe,13:18,7.3,109.4
0.262,0.755,87,social,outdoor,,-1,117.6
0.779,0.442,91,work,office,,-1,131.4
0.622,1.0,111,work,cafe,,-1,153.3
0.373,0.439,113,work,office,,-1,140.6
0.059,0.528,35,errand,home,,-1,25.9
0.232,0.528,11,errand,outdoor,09:18,-10.7,0.0
0.632,0.448,28,health,outdoor,11:00,2.0,53.8
0.508,0.198,73,personal,cafe,10:45,-10.25,0.0
0.33,0.426,93,social,home,12:45,-4.25,0.0
0.409,0.492,40,study,office,19:18,1.3,53.5
0.716,0.474,94,work,office,11:00,4.0,133.0
0.27,0.29,77,personal,store,17:00,-3.0,0.0
0.405,0.621,99,study,home,,-1,114.4
0.5,0.513,33,study,home,10:30,-4.5,0.0
0.0,0.355,21,errand,store,10:15,-7.75,0.0
0.818,0.374,49,health,home,,-1,60.0
0.0,0.407,23,errand,outdoor,20:00,4.0,48.2
0.303,1.0,76,work,office,,-1,107.0
0.612,0.575,114,work,cafe,,-1,134.6
0.587,0.401,80,personal,store,13:18,-7.7,0.0
0.512,0.319,135,social,outdoor,,-1,158.9
0.235,0.192,63,personal,store,21:00,-1.0,56.0
0.657,1.0,66,work,cafe,,-1,106.4
0.585,0.749,120,work,office,09:30,3.5,138.8
0.308,0.13,35,work,office,21:00,3.0,50.8
0.37,0.682,99,study,cafe,,-1,106.2
0.81,0.888,53,work,home,10:45,-7.25,0.0
0.484,0.454,32,errand,outdoor,,-1,53.9
0.657,0.36,45,study,cafe,13:30,0.5,52.9
0.594,0.278,58,personal,cafe,13:15,3.25,61.5
0.296,0.383,53,personal,home,09:30,1.5,42.2
0.365,0.519,149,social,cafe,,-1,157.9
0.648,0.182,82,social,home,,-1,83.2
0.485,0.5,33,errand,outdoor,,-1,63.6
0.237,0.319,15,personal,home,,-1,11.1
0.36,0.502,78,work,home,21:15,1.25,74.8
0.688,0.238,79,social,cafe,20:30,-1.5,0.0
0.534,0.515,38,work,office,,-1,51.6
0.219,0.452,120,social,home,19:45,13.75,100.4
0.4,0.335,58,health,outdoor,,-1,89.6
0.435,0.491,80,work,home,,-1,86.1
0.192,0.656,129,social,home,15:15,2.25,105.9
0.618,0.345,40,errand,home,17:15,1.25,36.7
0.741,0.428,59,health,gym,,-1,94.6
0.42,0.552,36,personal,store,,-1,43.9
0.442,0.191,101,study,home,,-1,96.2
0.342,0.291,72,personal,home,21:15,10.25,67.8
0.471,0.267,70,study,home,,-1,72.0
0.506,0.337,39,work,home,,-1,42.0
0.429,0.453,17,errand,home,21:00,7.0,9.9
0.981,0.407,59,work,home,,-1,86.7
0.44,0.67,53,work,office,,-1,70.4
0.588,0.829,14,errand,home,22:00,12.0,17.7
0.487,0.47,43,health,gym,17:30,8.5,67.5
0.262,0.167,41,errand,outdoor,13:18,-6.7,0.0
0.706,0.64,99,study,office,,-1,121.0
0.847,0.803,89,work,home,,-1,134.8
0.507,0.459,27,errand,outdoor,22:45,1.75,51.9
0.23,0.483,53,personal,cafe,,-1,47.7
0.416,0.301,43,personal,cafe,09:15,2.25,50.1
0.989,0.539,22,health,home,11:15,-10.75,0.0
0.639,0.684,81,work,home,18:45,-2.25,0.0
0.404,0.352,35,personal,cafe,,-1,36.5
0.235,0.39,27,personal,store,,-1,31.4
0.438,0.116,42,errand,home,08:18,-5.7,0.0
0.15,0.566,35,errand,home,18:18,5.3,25.5
0.285,0.041,164,social,cafe,,-1,138.5
0.521,0.922,60,work,cafe,,-1,82.4
0.418,0.354,31,personal,cafe,20:45,14.75,33.4
0.597,0.648,36,work,cafe,21:15,7.25,51.1
0.585,0.439,35,work,cafe,,-1,44.8
0.368,0.139,34,errand,outdoor,,-1,53.2
0.574,0.742,117,study,home,13:00,1.0,93.0
0.653,0.274,67,study,office,12:18,4.3,89.1
0.773,0.208,48,study,home,,-1,53.8
0.499,0.473,53,health,outdoor,,-1,88.5
0.15,0.411,24,errand,outdoor,22:15,2.25,43.8
0.323,0.524,53,work,office,,-1,71.5
0.687,0.502,119,work,office,,-1,159.2
0.468,0.549,34,personal,home,09:30,-5.5,0.0
0.0,0.456,83,social,cafe,19:45,-0.25,0.0
0.519,0.567,86,study,cafe,,-1,100.1
0.232,0.674,103,work,cafe,18:00,-4.0,0.0
0.844,0.486,56,health,gym,22:45,9.75,102.2
0.722,0.0,80,personal,store,09:30,-3.5,0.0
0.817,0.581,51,personal,store,21:30,1.5,62.5
0.315,0.759,18,errand,store,19:00,2.0,24.2
0.431,0.456,48,study,office,,-1,68.0
0.652,0.19,174,social,cafe,13:15,0.25,0.0
0.408,0.942,117,work,home,,-1,149.2
0.549,0.517,120,study,home,15:00,8.0,126.5
0.632,0.878,120,work,cafe,22:45,6.75,162.0
0.368,0.934,79,work,office,,-1,119.1
0.679,0.429,115,work,home,,-1,133.4
0.215,0.253,136,social,home,18:15,3.25,113.1
0.407,0.193,59,personal,home,16:30,3.5,52.8
0.356,0.765,46,work,home,13:15,-2.75,0.0
0.746,0.731,98,work,office,,-1,136.3
0.055,0.316,25,errand,outdoor,,-1,44.0
0.665,0.99,56,health,outdoor,13:00,6.0,106.5
0.0,0.304,10,errand,home,17:00,4.0,1.3
0.102,0.658,69,personal,cafe,,-1,66.8
0.706,0.542,43,work,cafe,,-1,61.9
0.339,0.492,49,personal,cafe,,-1,52.6
0.425,0.866,37,health,outdoor,,-1,75.2
0.769,0.94,53,work,cafe,,-1,85.7
0.158,0.535,34,errand,outdoor,18:15,0.25,40.4
0.754,0.868,25,health,gym,,-1,59.8
0.469,0.85,46,study,office,,-1,64.0
0.132,0.638,44,study,home,,-1,35.8
0.219,0.692,63,personal,store,11:00,4.0,56.8
0.308,0.845,66,work,cafe,23:15,10.25,85.6
0.378,0.349,66,social,outdoor,22:45,14.75,92.6
0.8,0.562,54,health,gym,12:18,0.3,0.0
0.407,0.562,69,personal,store,,-1,68.1
0.506,0.439,120,work,office,,-1,152.3
0.467,0.609,178,social,cafe,,-1,201.4
0.704,0.255,21,personal,store,11:45,1.75,32.5
0.335,0.385,82,social,outdoor,,-1,110.6
0.129,0.898,45,study,home,16:30,-4.5,0.0
0.142,0.428,81,social,outdoor,08:30,-9.5,0.0
0.223,0.691,59,study,home,11:45,-9.25,0.0
0.596,0.284,79,social,cafe,,-1,88.5
0.363,0.724,20,health,gym,,-1,44.6
0.39,0.42,45,personal,cafe,,-1,49.0
0.019,0.317,86,personal,store,,-1,68.3
0.852,0.594,40,health,gym,22:00,15.0,74.7
0.467,0.534,32,work,cafe,16:00,1.0,42.6
0.628,0.779,65,study,cafe,,-1,84.1
0.669,0.673,25,health,home,,-1,32.0
0.069,0.078,40,errand,store,,-1,38.7
0.612,0.627,93,study,office,,-1,112.1
0.809,0.871,29,health,home,,-1,48.3
0.265,0.188,19,errand,home,22:00,14.0,14.6
0.812,0.83,46,work,cafe,10:30,4.5,75.4
0.503,0.642,92,work,office,09:18,1.3,104.5
0.64,0.546,21,personal,cafe,,-1,28.4
0.277,0.128,21,personal,home,,-1,19.0
0.305,0.262,73,social,home,08:00,-4.0,0.0
0.674,0.633,44,work,cafe,,-1,57.8
0.627,0.692,74,work,home,,-1,84.2
0.523,0.477,42,personal,cafe,17:30,-3.5,0.0
0.388,1.0,42,health,gym,17:15,2.25,77.1
0.487,0.536,88,work,home,09:30,-1.5,0.0
0.694,0.671,60,work,office,15:00,5.0,90.7
0.57,0.616,21,errand,home,11:15,1.25,17.7
0.202,0.565,80,personal,store,,-1,70.1
0.456,0.515,69,work,cafe,,-1,82.5
0.562,0.491,40,health,gym,12:18,6.3,68.9
0.712,0.848,101,study,office,,-1,148.0
0.067,0.496,39,errand,outdoor,11:30,-7.5,0.0
0.288,0.279,92,study,office,23:45,10.75,100.2
0.46,0.395,58,personal,store,,-1,67.2
0.423,0.526,100,study,cafe,,-1,116.9
0.426,0.74,108,study,home,,-1,114.1
0.264,0.697,79,personal,cafe,,-1,69.0
0.373,0.996,67,study,office,,-1,102.9
0.447,0.47,60,personal,store,,-1,60.3
0.061,0.507,19,errand,store,10:45,-5.25,0.0
0.253,0.626,114,social,cafe,,-1,115.8
0.431,0.378,49,study,home,,-1,58.6
0.585,0.478,108,work,cafe,,-1,129.8
0.412,0.165,12,errand,outdoor,,-1,35.0
0.247,0.647,154,social,home,,-1,145.2
0.0,0.748,16,errand,home,,-1,15.6
0.797,0.925,46,work,home,10:00,-2.0,0.0
0.699,0.376,102,work,office,,-1,132.0
0.575,0.152,14,errand,home,,-1,6.6
0.472,0.362,122,social,outdoor,,-1,144.7
0.217,0.668,29,errand,store,10:00,-3.0,0.0
0.693,0.542,53,health,gym,17:30,7.5,84.7
0.127,0.088,33,errand,home,08:15,-9.75,0.0
0.497,0.42,58,work,cafe,,-1,76.1
0.799,0.15,21,errand,store,,-1,32.5
0.103,0.467,30,personal,cafe,,-1,27.3
0.435,0.577,25,personal,cafe,,-1,32.8
0.251,0.969,42,health,home,17:00,7.0,51.4
0.324,0.763,120,work,home,16:15,-3.75,0.0
0.558,0.243,52,study,office,10:30,-9.5,0.0
0.319,0.471,71,personal,store,23:30,17.5,67.2
0.391,0.454,120,study,home,12:30,5.5,123.8
0.708,0.319,69,social,cafe,11:45,-2.25,0.0
0.182,0.649,12,errand,outdoor,,-1,36.7
0.756,0.0,20,personal,home,,-1,16.5
0.457,0.151,39,personal,cafe,,-1,41.0
0.393,0.532,138,social,cafe,,-1,154.5
0.218,0.587,16,errand,store,16:45,-3.25,0.0
0.515,0.467,99,study,cafe,19:45,3.75,108.5
0.312,0.435,11,errand,outdoor,08:00,-5.0,0.0
0.0,0.737,35,errand,store,08:15,1.25,33.1
0.748,0.145,115,social,outdoor,,-1,149.9
0.23,0.545,111,study,home,,-1,107.3
0.286,0.389,31,personal,home,,-1,28.1
0.331,0.473,31,work,home,17:00,-3.0,0.0
0.518,0.43,59,study,office,,-1,75.5
0.554,0.776,98,work,cafe,15:30,6.5,117.3
0.483,0.0,95,social,home,,-1,82.5
0.627,0.399,84,work,home,,-1,87.1
0.461,0.656,12,errand,home,,-1,5.4
0.646,0.448,81,study,office,,-1,102.7
0.26,0.226,171,social,home,22:15,6.25,148.8
0.44,0.549,26,errand,store,,-1,35.4
0.653,0.154,85,personal,cafe,23:18,7.3,94.8
0.0,0.416,44,errand,outdoor,20:45,4.75,59.8
0.782,0.645,60,health,gym,,-1,102.1
0.599,0.47,112,study,office,,-1,129.3
0.189,0.089,23,errand,store,,-1,30.0
0.36,0.677,83,work,office,,-1,106.0
0.265,0.724,114,work,cafe,12:00,2.0,126.0
0.632,0.569,76,work,cafe,,-1,99.4
0.186,0.693,76,personal,home,20:15,2.25,62.7
0.486,0.608,70,study,home,17:30,1.5,75.5
0.399,0.052,65,personal,cafe,10:30,-1.5,0.0
0.68,0.38,87,work,office,,-1,126.3
0.54,0.756,109,work,office,,-1,136.0
0.357,0.46,32,errand,store,09:18,-7.7,0.0
0.291,0.146,69,personal,home,,-1,49.5
0.5,0.588,14,errand,home,13:30,-5.5,0.0
0.494,0.857,32,health,outdoor,09:45,0.75,71.8
0.455,0.246,63,personal,store,08:30,0.5,47.5
0.415,0.947,21,health,home,,-1,27.3
0.526,0.356,15,personal,home,19:00,9.0,16.3
0.407,0.558,34,work,home,19:45,-0.25,0.0
0.0,0.506,25,personal,home,15:45,-4.25,0.0
0.234,0.541,124,social,outdoor,11:30,0.5,0.0
0.736,0.692,37,personal,cafe,,-1,46.6
0.972,0.867,41,health,gym,14:00,-8.0,0.0
0.094,0.402,92,study,office,20:45,9.75,92.2
0.301,0.4,31,personal,home,16:15,-3.75,0.0
0.0,0.593,10,errand,home,19:30,1.5,2.0
0.823,0.682,51,health,home,14:45,-2.25,0.0
0.215,0.476,69,study,cafe,,-1,72.9
0.255,0.511,53,personal,home,,-1,44.3
0.279,0.732,40,personal,store,,-1,45.0
0.87,0.797,91,study,cafe,09:30,-10.5,0.0
0.73,0.57,118,study,cafe,23:15,3.25,146.8
0.552,0.206,40,work,home,10:15,-5.75,0.0
0.536,0.488,103,work,home,,-1,113.6
0.007,0.555,45,errand,home,,-1,26.2
0.683,0.86,60,study,cafe,11:30,0.5,63.1
0.576,0.489,30,personal,store,08:15,-10.75,0.0
0.529,0.514,58,work,office,23:30,9.5,73.2
0.493,0.279,49,health,home,12:30,-5.5,0.0
0.483,0.594,50,personal,cafe,,-1,50.2
0.611,0.608,30,personal,store,15:18,2.3,39.8
0.149,0.245,46,personal,home,,-1,30.8
0.942,0.951,67,work,cafe,,-1,125.9
0.0,0.0,10,errand,store,13:18,0.3,14.6
0.079,0.316,87,social,home,,-1,70.3
0.698,0.667,30,health,outdoor,,-1,63.6
0.067,0.051,69,personal,store,,-1,50.8
0.051,0.392,73,personal,cafe,13:45,-5.25,0.0
0.457,0.628,84,study,office,20:15,6.25,108.7
0.389,0.695,62,personal,home,,-1,56.5
0.531,0.797,43,work,cafe,,-1,63.8
0.481,0.547,64,work,cafe,,-1,79.5
0.643,0.936,71,study,office,20:15,11.25,104.0
0.681,0.395,112,social,cafe,22:15,15.25,130.6
0.682,0.563,42,work,office,16:18,3.3,63.6
0.242,0.459,51,work,office,,-1,62.2
0.685,0.524,117,work,cafe,,-1,144.7
0.429,0.252,152,social,cafe,23:30,5.5,156.9
0.797,0.896,109,work,home,20:45,7.75,152.2
0.417,0.52,25,errand,home,,-1,19.3
0.761,0.482,52,work,office,15:00,4.0,76.1
0.356,0.365,36,errand,outdoor,,-1,54.5
0.389,0.785,41,health,gym,23:18,12.3,67.9
0.344,0.378,50,work,cafe,10:30,1.5,67.3
0.311,0.51,11,errand,outdoor,,-1,33.2
0.257,0.793,57,study,office,,-1,67.1
0.438,0.137,17,personal,home,,-1,11.2
0.282,0.394,26,personal,home,,-1,21.0
0.248,0.909,114,work,office,,-1,144.5
0.403,0.306,54,work,cafe,,-1,66.3
0.438,0.499,79,study,cafe,17:00,4.0,98.7
0.627,0.729,114,work,cafe,12:45,6.75,138.4
0.0,0.346,12,errand,outdoor,13:30,1.5,30.6
0.809,0.751,53,health,home,21:18,3.3,72.8
0.624,0.413,54,study,home,08:30,-11.5,0.0
0.512,0.49,45,personal,store,14:00,4.0,49.5
0.486,0.412,90,social,outdoor,,-1,108.2
0.46,0.446,107,study,office,13:30,1.5,108.8
0.475,0.458,84,work,cafe,,-1,89.4
0.476,0.48,51,work,cafe,,-1,64.0
0.648,0.774,56,health,gym,08:15,-3.75,0.0
0.306,0.557,38,study,cafe,15:18,9.3,43.1
0.323,0.717,109,work,home,16:30,6.5,119.0
0.885,0.682,54,work,home,17:30,10.5,78.0
0.399,0.276,85,social,cafe,,-1,102.5
0.867,0.454,52,work,office,,-1,85.7
0.3,0.347,21,errand,home,,-1,15.8
0.501,0.306,30,personal,home,20:00,3.0,19.9
0.253,0.42,22,errand,home,23:00,13.0,17.2
0.467,0.692,105,work,cafe,20:30,1.5,104.8
0.364,0.572,49,work,home,,-1,55.4
0.17,0.525,20,personal,cafe,09:00,3.0,25.1
0.334,0.232,26,errand,home,,-1,21.9
0.338,0.374,41,errand,outdoor,,-1,62.5
0.443,0.71,51,study,cafe,,-1,65.6
0.681,0.787,40,health,home,,-1,49.2
0.461,0.272,18,errand,outdoor,,-1,44.1
0.0,0.162,29,personal,cafe,21:18,5.3,30.2
0.835,0.787,36,work,home,10:30,3.5,46.6
0.149,0.512,67,social,cafe,18:15,5.25,71.3
0.393,0.267,25,errand,store,,-1,34.4
0.568,0.694,45,health,gym,21:45,6.75,73.1
0.443,0.712,72,work,cafe,,-1,88.5
0.711,0.648,33,health,home,,-1,43.3
0.358,0.54,101,social,outdoor,22:15,2.25,123.2
0.556,0.632,69,study,office,09:45,-1.25,0.0
0.189,0.309,81,social,cafe,17:15,10.25,76.5
0.231,0.542,148,social,cafe,,-1,147.8
0.364,0.539,32,personal,store,,-1,42.7
0.024,0.5,31,personal,home,11:00,4.0,20.1
0.56,0.835,71,study,office,17:30,4.5,98.7
0.483,0.061,45,personal,store,23:45,5.75,47.2
0.569,0.548,38,health,home,08:15,-6.75,0.0
0.061,0.57,117,study,office,,-1,113.7
0.614,0.71,118,work,cafe,,-1,142.4
0.159,0.364,33,personal,cafe,,-1,35.7
0.221,0.259,69,social,home,,-1,64.6
0.817,0.283,76,work,office,,-1,113.2
0.515,0.497,155,social,home,,-1,166.2
0.622,0.483,60,work,cafe,,-1,75.7
0.485,0.229,38,personal,home,22:30,0.5,27.7
0.556,0.495,25,errand,home,,-1,21.2
0.522,0.43,107,work,cafe,,-1,129.7
0.172,0.359,41,errand,home,,-1,35.0
0.0,0.366,77,personal,store,22:18,15.3,64.6
0.912,0.522,109,work,home,09:30,-2.5,0.0
0.572,0.52,89,personal,home,10:15,-4.75,0.0
0.449,0.486,10,errand,outdoor,,-1,34.7
0.802,0.595,63,study,cafe,,-1,89.9
0.447,1.0,22,health,gym,,-1,50.3
0.292,0.49,17,personal,home,13:45,-8.25,0.0
0.348,0.381,49,health,outdoor,,-1,74.9
0.474,0.523,170,social,home,,-1,175.9
0.211,0.661,86,personal,store,22:30,14.5,78.2
0.276,0.635,85,personal,cafe,20:00,10.0,83.2
0.576,0.758,92,work,cafe,15:18,7.3,117.1
0.683,0.565,39,health,gym,21:00,10.0,65.1
0.672,0.693,20,health,gym,,-1,41.4
0.371,0.28,88,study,cafe,10:30,1.5,101.6
0.83,0.484,39,health,gym,,-1,83.1
0.663,0.779,57,work,cafe,,-1,75.2
0.221,0.506,18,errand,home,,-1,16.6
0.367,0.612,32,work,home,08:15,-2.75,0.0
0.608,0.692,26,health,gym,,-1,51.8
0.176,0.293,112,work,cafe,21:45,1.75,101.6
0.337,0.174,42,personal,cafe,18:00,2.0,44.6
0.143,0.373,84,personal,store,,-1,67.3
0.737,0.678,84,work,office,,-1,115.5
0.546,0.264,78,personal,store,,-1,75.5
0.578,0.26,59,personal,store,,-1,61.8
0.46,0.814,60,health,home,13:45,-1.25,0.0
0.379,0.765,51,personal,store,21:30,3.5,59.3
0.484,0.527,86,personal,cafe,,-1,85.7
0.81,0.506,49,study,home,17:30,4.5,62.0
0.48,0.227,24,personal,home,19:30,3.5,22.6
0.296,0.572,10,errand,outdoor,,-1,31.2
0.256,0.0,35,personal,store,,-1,30.5
0.769,0.539,67,work,office,12:18,-2.7,0.0
0.427,0.854,30,study,office,17:45,4.75,45.3
0.455,0.736,22,health,home,14:45,-1.25,0.0
0.345,0.675,32,health,home,10:00,3.0,32.9
0.447,0.676,64,personal,home,19:45,9.75,62.4
0.456,0.489,57,study,cafe,,-1,68.3
0.852,0.483,36,study,home,17:30,0.5,38.8
0.881,0.476,101,work,home,17:30,1.5,119.8
0.474,0.435,128,social,cafe,,-1,149.5
0.623,0.317,82,work,cafe,20:00,-1.0,109.2
0.356,0.221,56,personal,home,,-1,44.2
0.545,0.807,112,work,office,08:45,-12.25,0.0
0.0,0.417,89,work,office,,-1,87.0
0.36,0.106,44,personal,home,10:15,-7.75,0.0
0.724,0.726,55,study,home,,-1,66.7
0.352,0.428,45,health,outdoor,,-1,68.6
0.581,0.561,64,personal,cafe,19:45,12.75,63.4
0.328,0.425,139,social,outdoor,13:30,-0.5,0.0
0.505,0.324,73,personal,store,08:45,-13.25,0.0
0.399,0.926,34,health,outdoor,17:30,-4.5,0.0
0.311,0.289,125,social,home,,-1,117.8
0.574,0.707,74,work,home,,-1,82.7
0.678,0.557,105,work,home,,-1,130.5
0.479,0.503,18,errand,outdoor,09:30,-9.5,0.0
0.071,0.174,90,personal,home,,-1,59.9
0.75,0.539,60,study,home,,-1,71.9
0.303,0.572,114,study,cafe,13:15,-7.75,0.0
0.63,0.71,39,study,office,09:45,-11.25,0.0
0.6,0.775,45,health,home,,-1,52.5
0.167,0.312,15,errand,home,,-1,14.4
0.539,0.601,112,work,cafe,,-1,117.6
0.429,0.34,87,work,home,,-1,88.5
0.396,0.105,23,errand,store,,-1,28.7
0.067,0.293,43,errand,store,19:00,6.0,46.8
0.682,0.228,34,errand,home,,-1,31.2
0.421,0.49,28,errand,store,08:00,-14.0,0.0
0.496,0.514,55,study,home,,-1,61.1
0.752,0.245,91,social,outdoor,21:45,4.75,135.8
0.543,0.63,84,work,office,23:30,17.5,101.8
0.663,0.813,96,work,home,16:18,9.3,119.0
0.456,0.478,87,personal,cafe,,-1,84.1
0.259,0.835,71,study,office,,-1,96.9
0.214,0.662,43,errand,outdoor,,-1,58.5
0.245,0.67,37,errand,home,09:18,3.3,31.1
0.167,0.724,105,study,office,,-1,111.2
0.15,0.537,136,social,outdoor,14:45,8.75,149.4
0.717,0.582,75,study,home,21:45,7.75,90.7
0.194,0.242,24,errand,store,,-1,24.6
0.825,0.387,77,social,home,,-1,97.6
0.319,0.327,60,social,cafe,09:18,-4.7,0.0
0.593,0.351,82,personal,store,,-1,77.6
0.623,0.626,24,health,home,,-1,26.2
0.608,0.514,56,study,cafe,,-1,66.1
0.702,0.76,79,study,home,20:30,-0.5,0.0
0.349,0.947,31,health,outdoor,10:45,3.75,64.6
0.39,0.508,21,personal,cafe,08:15,-10.75,0.0
0.292,0.854,45,health,gym,,-1,81.7
0.622,0.657,64,work,home,20:00,0.0,0.0
0.655,0.663,66,study,cafe,,-1,85.5
0.672,0.659,33,health,gym,08:45,-3.25,0.0
0.646,0.631,18,errand,store,,-1,24.9
0.297,0.363,42,health,home,,-1,46.6
0.769,0.673,34,study,home,,-1,46.6
0.369,0.31,119,study,cafe,23:00,5.0,129.0
0.158,0.108,74,social,outdoor,,-1,87.2
0.766,0.87,84,work,home,19:30,10.5,119.1
0.489,0.365,33,errand,home,,-1,27.2
0.493,0.36,82,study,home,,-1,85.0
0.367,1.0,78,study,home,,-1,96.7
0.582,0.248,33,errand,outdoor,15:15,3.25,53.8
0.586,0.776,35,errand,outdoor,,-1,53.6
0.845,0.469,59,health,home,,-1,87.4
0.443,0.432,76,work,home,11:00,-4.0,0.0
0.174,0.204,28,personal,cafe,21:18,12.3,27.1
0.175,0.405,88,social,outdoor,18:30,12.5,99.6
0.268,0.287,77,personal,home,,-1,65.5
0.464,0.639,87,work,cafe,,-1,107.7
0.213,0.624,81,personal,cafe,16:00,1.0,62.9
0.0,0.23,24,errand,home,,-1,16.7
0.348,0.719,66,social,cafe,19:18,13.3,76.9
0.0,0.203,26,errand,outdoor,,-1,45.4
0.459,0.407,91,study,cafe,,-1,96.3
0.732,0.523,39,health,outdoor,,-1,72.6
0.398,0.274,59,work,cafe,08:18,-5.7,0.0
0.406,0.484,99,study,office,21:15,6.25,124.5
0.665,1.0,20,health,home,,-1,28.9
0.206,0.649,53,health,outdoor,,-1,79.4
0.498,0.684,109,study,cafe,19:00,1.0,93.6
0.215,0.564,83,study,office,,-1,101.6
0.205,0.864,43,study,office,,-1,60.0
0.561,0.899,55,work,office,08:30,0.5,56.8
0.542,0.283,128,social,cafe,21:18,15.3,149.3
0.691,0.433,75,personal,home,,-1,72.8
0.501,0.404,42,personal,store,,-1,47.9
0.52,0.232,22,errand,outdoor,08:30,-6.5,0.0
0.214,0.183,87,personal,store,,-1,75.3
0.529,0.556,120,study,office,,-1,132.4
0.196,0.682,34,personal,store,,-1,35.5
0.641,0.678,113,study,office,,-1,130.1
0.828,0.49,47,work,cafe,,-1,75.6
0.391,0.585,113,social,home,,-1,104.3
0.244,0.486,21,errand,store,11:00,-3.0,0.0
0.254,0.436,46,study,home,20:00,14.0,46.5
0.064,0.267,172,social,outdoor,,-1,153.1
0.09,0.318,48,personal,store,21:30,11.5,42.6
0.906,0.561,30,errand,store,,-1,43.4
0.769,0.521,51,work,home,21:30,-0.5,0.0
0.168,0.563,98,study,home,10:00,-1.0,80.5
0.715,0.687,81,study,cafe,16:18,-0.7,0.0
0.667,0.204,74,work,office,,-1,95.2
0.684,0.399,135,social,home,09:30,-0.5,0.0
0.221,0.664,116,study,cafe,,-1,121.3
0.586,0.346,60,study,office,,-1,84.3
0.844,0.96,21,health,outdoor,,-1,57.8
0.015,0.352,64,personal,cafe,18:18,4.3,55.4
0.569,0.265,153,social,outdoor,,-1,176.5
0.347,0.666,61,personal,home,,-1,48.7
0.285,0.613,53,work,cafe,12:15,1.25,55.7
0.189,0.056,31,personal,store,,-1,31.6
0.449,0.54,38,study,home,20:00,0.0,0.0
0.075,0.276,83,social,cafe,,-1,77.2
0.574,0.26,88,work,home,,-1,91.8
0.253,0.595,180,social,cafe,11:30,-1.5,0.0
0.669,0.65,27,health,home,23:45,11.75,32.8
0.327,0.449,44,errand,store,20:15,12.25,51.8
0.12,0.595,32,study,home,20:45,2.75,28.9
0.461,0.808,47,health,outdoor,,-1,80.0
0.581,0.614,88,work,office,,-1,113.7
0.277,0.391,110,social,home,09:45,2.75,99.0
0.675,0.689,62,work,home,22:00,2.0,72.4
0.536,0.635,41,health,outdoor,,-1,72.3
0.686,0.59,64,work,cafe,14:15,2.25,82.3
0.258,0.614,78,study,home,11:15,-2.75,0.0
0.72,0.521,24,errand,store,,-1,34.4
0.497,0.579,42,personal,home,,-1,35.0
0.423,0.381,64,personal,home,11:45,-9.25,0.0
0.339,0.234,32,study,home,22:45,14.75,30.5
0.77,0.541,112,work,cafe,21:45,15.75,149.3
0.265,0.717,61,work,office,,-1,85.7
0.765,0.841,80,study,cafe,,-1,118.9
0.535,0.645,132,social,home,22:00,5.0,125.5
0.374,0.482,98,work,office,15:15,8.25,126.8
0.524,0.387,29,personal,cafe,18:45,6.75,35.1
0.589,0.86,50,health,home,,-1,69.1
0.723,0.287,72,study,cafe,,-1,98.5
0.312,0.162,33,study,cafe,,-1,38.1
0.824,0.269,117,work,office,,-1,168.6
0.244,0.414,55,work,office,,-1,75.1
0.314,0.519,28,errand,store,,-1,37.6
0.935,0.648,47,health,home,11:30,-7.5,0.0
0.774,0.714,29,health,home,,-1,37.2
0.46,0.164,24,errand,store,,-1,35.6
0.692,0.693,80,work,office,,-1,105.5
0.201,0.527,37,errand,outdoor,,-1,55.1
0.362,0.0,112,social,cafe,,-1,105.0
0.559,0.79,52,study,office,,-1,69.9
0.491,0.271,40,personal,cafe,,-1,49.7
0.151,0.648,31,errand,outdoor,18:15,9.25,44.3
0.201,0.511,89,social,outdoor,,-1,103.3
0.622,0.268,76,work,office,,-1,85.3
0.19,0.372,76,study,cafe,,-1,82.7
0.57,0.557,119,study,home,12:15,6.25,119.1
0.461,0.849,32,health,gym,11:15,3.25,61.0
0.404,0.513,40,health,gym,19:15,8.25,63.2
0.489,0.359,77,work,home,,-1,87.0
0.251,0.329,86,personal,store,,-1,82.8
0.224,0.276,40,errand,outdoor,,-1,54.6
0.408,0.635,93,study,cafe,,-1,111.1
0.355,0.827,33,personal,store,,-1,36.3
0.32,0.174,19,personal,home,18:18,8.3,16.0
0.841,0.81,53,health,home,19:00,9.0,74.5
0.125,0.681,52,personal,store,22:30,13.5,45.8
0.625,0.573,55,study,cafe,,-1,74.7
0.159,0.125,43,errand,store,11:00,-6.0,0.0
0.89,0.561,45,work,home,,-1,61.8
0.456,0.656,114,study,office,,-1,126.0
0.525,0.483,33,study,office,,-1,50.6
0.462,0.737,65,work,office,,-1,82.8
0.18,0.565,34,errand,store,23:18,6.3,34.6
0.697,0.561,59,personal,cafe,,-1,64.9
0.0,0.413,44,personal,cafe,21:30,1.5,41.7
0.763,0.809,29,personal,store,17:30,7.5,40.4
0.507,0.913,82,work,home,17:00,5.0,101.1
0.892,0.235,45,work,home,,-1,60.0
0.826,0.478,102,study,home,12:15,-5.75,0.0
0.378,0.0,44,errand,store,,-1,45.2
0.875,0.689,48,health,outdoor,22:00,16.0,88.5
0.643,0.49,31,work,home,,-1,30.0
0.011,0.321,51,personal,store,,-1,47.0
0.708,0.613,85,study,office,19:18,-0.7,0.0
0.259,0.402,72,personal,store,09:15,1.25,65.3
0.303,0.717,44,personal,cafe,,-1,45.8
0.275,0.543,58,health,home,14:30,6.5,55.6
0.433,0.488,23,personal,home,17:15,-2.75,0.0
0.461,0.057,45,errand,store,10:00,0.0,0.0
0.54,0.827,51,health,gym,22:45,6.75,90.0
0.417,0.14,40,personal,home,20:18,14.3,38.1
0.487,0.518,11,errand,outdoor,17:15,-0.75,0.0
0.522,1.0,115,work,cafe,19:18,7.3,173.0
0.487,0.579,37,study,cafe,,-1,42.6
0.49,0.487,52,work,office,,-1,74.0
0.318,0.409,51,personal,cafe,,-1,52.3
0.391,0.369,95,social,cafe,,-1,95.3
0.494,0.722,29,health,outdoor,,-1,60.9
0.511,0.91,52,health,gym,,-1,89.3
0.653,0.36,88,personal,store,08:30,-2.5,0.0
0.223,0.782,26,errand,home,21:30,8.5,23.6
0.341,0.722,77,personal,home,,-1,64.2
0.599,0.15,98,study,cafe,,-1,105.1
0.401,0.085,118,social,home,,-1,110.2
0.327,0.481,39,health,gym,,-1,64.2
0.687,0.53,30,study,cafe,10:18,-4.7,0.0
0.055,0.345,37,personal,cafe,20:18,-1.7,0.0
0.803,0.475,29,errand,store,17:15,9.25,42.4
0.686,0.09,21,personal,store,13:30,-7.5,0.0
0.4,0.281,59,study,office,16:30,1.5,68.0
0.576,0.44,53,work,office,13:45,4.75,70.8
0.77,0.403,22,health,gym,10:00,-10.0,0.0
0.728,1.0,40,health,gym,,-1,84.0
0.591,0.72,72,work,home,09:18,-4.7,0.0
0.357,0.38,17,personal,home,,-1,13.4
0.315,0.567,53,study,office,08:45,-10.25,0.0
0.262,0.76,105,work,home,15:18,5.3,101.0
0.652,0.67,99,work,cafe,09:30,-2.5,0.0
0.082,0.679,19,errand,home,,-1,15.8
0.014,0.711,32,errand,store,21:00,13.0,28.9
0.063,0.182,57,personal,cafe,,-1,42.1
0.398,0.412,26,personal,cafe,,-1,37.8
0.29,0.377,76,work,office,19:15,9.25,90.0
0.252,0.137,35,personal,cafe,11:15,-4.75,0.0
0.384,0.291,67,social,cafe,10:30,0.5,59.2
0.367,0.34,72,personal,store,,-1,77.1
0.474,0.732,90,work,cafe,15:00,0.0,0.0
0.542,0.443,79,work,home,,-1,83.5
0.393,0.614,84,personal,home,08:18,-0.7,0.0
0.334,0.27,161,social,cafe,,-1,167.1
0.388,0.553,34,errand,store,,-1,43.7
0.617,0.39,168,social,cafe,18:00,-1.0,174.0
0.489,0.369,43,errand,outdoor,,-1,65.5
0.261,0.554,83,work,office,,-1,95.4
0.614,0.159,107,study,office,16:45,1.75,105.3
0.531,0.383,42,errand,store,11:30,-0.5,0.0
0.53,0.519,54,personal,cafe,21:45,3.75,59.3
0.956,0.287,114,work,office,,-1,174.7
0.114,0.465,38,personal,cafe,10:18,3.3,33.3
0.349,0.731,42,personal,home,,-1,35.3
0.356,0.678,35,work,home,18:00,7.0,46.7
0.458,0.427,52,health,gym,,-1,82.8
0.574,0.164,32,personal,store,,-1,42.1
0.477,0.249,69,personal,store,15:30,5.5,65.0
0.214,0.329,33,errand,outdoor,,-1,45.6
0.797,0.377,112,work,cafe,,-1,159.8
0.13,0.707,56,personal,store,20:00,4.0,51.6
0.491,0.71,35,study,home,08:45,-5.25,0.0
0.529,0.556,93,work,office,,-1,118.0
0.021,0.802,44,errand,home,,-1,30.7
0.964,0.122,42,personal,home,,-1,46.9
0.347,0.335,116,study,office,13:15,-5.75,0.0
0.564,1.0,52,health,gym,,-1,87.0
0.673,0.806,86,work,cafe,,-1,124.4
0.558,0.723,25,errand,store,,-1,36.8
0.473,0.128,76,personal,home,10:15,-2.75,0.0
0.573,0.777,47,health,outdoor,09:00,-1.0,81.6
0.621,0.281,39,personal,home,,-1,35.8
0.786,0.536,105,work,home,14:18,-3.7,0.0
0.369,0.099,26,errand,outdoor,,-1,45.0
0.499,0.0,22,errand,home,12:18,2.3,15.9
0.584,0.397,120,work,cafe,08:00,-8.0,0.0
0.475,0.425,14,errand,store,,-1,24.2
0.661,1.0,29,health,gym,11:18,0.3,55.7
0.071,0.171,152,social,cafe,,-1,120.6
0.537,0.48,40,study,office,,-1,60.8
0.222,0.005,35,personal,store,,-1,35.6
0.841,0.614,101,study,cafe,,-1,137.4
0.07,0.468,68,personal,store,09:15,-6.75,0.0
0.472,0.322,67,personal,store,,-1,66.7
0.301,0.235,29,errand,home,,-1,21.7
0.255,0.328,73,personal,home,09:45,-1.25,0.0
0.272,0.467,169,social,cafe,14:30,1.5,130.3
0.519,0.633,34,health,gym,18:45,7.75,59.4
0.566,0.625,21,health,home,18:45,-3.25,0.0
0.515,0.663,101,work,office,,-1,118.1
0.609,0.838,60,work,cafe,,-1,80.3
0.559,0.652,118,study,cafe,16:18,-2.7,0.0
0.591,0.474,43,errand,store,11:45,-0.25,0.0
0.674,0.649,44,work,cafe,18:45,-0.25,0.0
0.173,0.273,24,errand,store,,-1,28.4
0.297,0.672,53,study,office,21:45,4.75,71.2
0.445,0.501,32,errand,home,10:18,-5.7,0.0
0.398,0.244,92,study,office,,-1,110.2
0.317,0.389,114,work,office,23:45,9.75,120.6
0.164,0.499,25,errand,outdoor,,-1,42.5
0.222,0.341,60,social,cafe,21:15,9.25,63.8
0.536,0.44,171,social,home,09:15,-6.75,0.0
0.406,0.556,73,study,home,,-1,82.5
0.457,0.622,92,work,cafe,,-1,105.1
0.561,0.772,24,health,gym,,-1,48.9
0.587,0.936,104,work,home,11:00,0.0,0.0
0.536,0.396,148,social,outdoor,12:00,5.0,180.3
0.087,0.354,62,personal,cafe,13:00,-6.0,0.0
0.686,0.785,84,work,office,,-1,112.4
0.235,0.024,123,social,home,09:00,1.0,73.1
0.445,0.23,20,errand,store,,-1,32.0
0.418,0.415,64,social,cafe,,-1,74.9
0.351,0.232,26,personal,home,,-1,18.5
0.552,0.575,79,study,office,08:30,-5.5,0.0
0.367,0.325,20,errand,store,20:45,1.75,25.4
0.365,0.547,82,study,cafe,,-1,98.6
0.076,0.13,15,personal,cafe,,-1,14.7
0.309,0.312,53,health,home,13:00,0.0,0.0
0.562,0.623,52,personal,store,18:15,5.25,60.2
0.325,0.445,43,study,cafe,,-1,54.5
0.355,0.773,61,personal,cafe,,-1,58.0
0.304,0.567,39,work,home,17:30,4.5,38.2
0.566,0.527,55,health,home,,-1,66.4
0.693,0.688,45,work,office,,-1,66.4
0.27,0.51,66,personal,store,,-1,64.1
0.465,0.37,128,social,outdoor,11:45,-6.25,0.0
0.393,0.64,90,social,home,,-1,97.7
0.492,0.641,147,social,cafe,,-1,171.3
0.127,0.316,15,personal,home,21:30,9.5,11.4
0.5,0.793,21,health,gym,,-1,48.8
0.078,0.537,56,personal,store,21:45,5.75,48.7
0.382,0.786,92,work,office,22:45,13.75,129.2
0.516,0.518,31,errand,outdoor,,-1,53.2
0.614,0.684,101,work,cafe,16:45,4.75,126.7
0.546,0.491,47,work,office,,-1,65.9
0.16,0.155,41,personal,cafe,,-1,40.8
0.517,0.583,26,errand,outdoor,,-1,50.5
0.966,0.832,69,work,home,,-1,113.5
0.392,0.129,82,personal,cafe,08:15,-4.75,0.0
0.684,0.284,52,study,office,,-1,74.7
0.422,0.349,29,errand,store,11:18,3.3,37.1
0.054,0.301,65,work,home,,-1,62.8
0.088,0.0,20,personal,store,,-1,20.3
0.401,0.921,60,health,outdoor,13:00,-7.0,0.0
0.662,0.559,72,study,office,19:30,0.5,75.9
0.866,0.992,84,study,home,,-1,141.2
0.879,0.576,32,work,office,,-1,58.1
0.45,0.359,113,social,outdoor,,-1,147.2
0.375,0.623,30,health,home,,-1,37.9
0.44,0.521,18,errand,home,20:18,-0.7,0.0
0.176,0.782,58,personal,home,,-1,46.3
0.729,0.407,18,personal,cafe,14:45,7.75,25.4
0.181,0.449,47,personal,cafe,,-1,42.5
0.716,0.428,66,social,outdoor,,-1,105.5
0.207,0.089,26,errand,store,08:45,-10.25,0.0
0.08,0.447,12,errand,outdoor,,-1,38.7
0.186,0.627,68,personal,cafe,09:18,-6.7,0.0
0.431,0.369,86,personal,home,,-1,75.4
0.687,0.67,110,study,cafe,,-1,125.1
0.517,0.446,109,work,office,,-1,135.7
0.239,0.413,75,study,cafe,,-1,83.7
0.521,0.938,57,health,outdoor,14:00,-8.0,0.0
0.582,0.576,89,personal,store,,-1,81.6
0.309,0.332,11,errand,home,,-1,8.2
0.213,0.672,45,errand,store,,-1,48.9
0.437,0.0,34,personal,store,,-1,37.9
0.538,0.557,61,personal,store,17:30,8.5,59.2
0.075,0.0,68,personal,cafe,,-1,50.2
0.49,0.546,86,work,office,,-1,111.2
0.526,0.384,17,personal,store,,-1,24.5
0.713,0.353,70,study,home,,-1,80.4
0.75,0.62,76,work,home,22:00,10.0,95.0
0.272,0.665,31,personal,store,,-1,36.9
0.636,0.773,48,work,office,22:00,8.0,79.0
0.554,0.77,85,work,cafe,,-1,112.3
0.454,0.255,41,personal,cafe,,-1,48.4
0.998,0.546,80,work,office,09:00,2.0,144.8
0.244,0.057,153,social,home,09:45,-6.25,0.0
0.391,0.466,84,personal,home,,-1,75.4
0.254,0.274,49,personal,cafe,,-1,50.5
0.312,0.288,23,errand,outdoor,18:45,9.75,46.6
0.208,0.868,72,personal,store,,-1,70.7
0.351,0.559,53,personal,cafe,13:30,-3.5,0.0
0.184,0.364,66,study,cafe,,-1,71.3
0.471,0.631,85,study,cafe,13:00,7.0,100.7
0.0,0.882,24,errand,home,12:18,2.3,16.2
0.284,0.794,43,errand,store,,-1,54.4
0.127,0.356,26,errand,home,,-1,21.9
0.046,0.377,47,personal,cafe,21:00,8.0,44.4
0.82,0.807,28,health,gym,,-1,64.9
0.591,0.505,34,errand,outdoor,15:45,-3.25,0.0
0.088,0.166,38,personal,home,,-1,28.7
0.588,0.446,85,work,cafe,,-1,97.9
0.202,0.66,106,study,cafe,23:45,9.75,100.7
0.292,0.29,65,social,cafe,,-1,78.0
0.44,0.483,40,errand,store,13:15,-5.75,0.0
0.37,0.943,37,personal,cafe,,-1,50.1
0.48,0.584,96,work,office,18:15,5.25,113.2
0.83,0.627,36,health,outdoor,,-1,82.0
0.615,0.562,43,work,office,,-1,55.8
0.371,0.321,20,personal,home,19:30,13.5,18.0
0.585,0.727,96,work,cafe,,-1,120.6
0.464,0.267,53,personal,store,12:15,-0.75,0.0
0.658,0.526,84,personal,home,,-1,74.6
0.89,0.567,41,health,outdoor,,-1,91.3
0.215,0.256,127,social,home,15:00,4.0,118.6
0.474,0.367,68,study,office,23:18,6.3,90.8
0.693,0.685,91,work,cafe,,-1,110.2
0.354,0.922,68,work,cafe,,-1,92.7
0.741,0.402,105,work,cafe,,-1,137.6
0.478,0.86,88,study,home,21:30,11.5,94.2
0.745,0.957,60,health,gym,,-1,119.3
0.464,0.084,41,errand,store,,-1,43.5
0.578,0.583,113,study,cafe,21:18,12.3,135.0
0.511,0.47,153,social,outdoor,21:18,3.3,176.9
0.433,0.609,97,work,office,,-1,126.2
0.387,0.711,64,work,cafe,18:18,4.3,76.2
0.196,0.314,82,social,outdoor,,-1,97.9
0.375,0.824,43,errand,outdoor,,-1,69.9
0.674,0.659,41,study,office,,-1,61.4
0.483,0.457,17,errand,home,19:45,-2.25,0.0
0.396,0.545,74,study,office,19:45,0.75,83.2
1.0,0.742,99,work,office,,-1,156.5
0.032,0.318,29,personal,home,,-1,24.1
0.5,0.847,10,errand,home,,-1,8.8
0.71,0.897,26,health,home,22:18,2.3,35.0
0.787,0.697,55,health,home,10:45,-3.25,0.0
0.279,0.525,81,work,office,10:15,-9.75,0.0
0.41,0.851,41,work,home,,-1,46.1
0.209,0.412,53,study,cafe,11:00,-2.0,0.0
0.498,0.606,80,work,home,19:30,9.5,84.4
0.574,0.569,55,work,cafe,,-1,65.3
0.725,0.461,82,study,cafe,18:45,2.75,106.5
0.076,0.567,43,personal,home,18:00,2.0,32.6
0.644,0.171,44,personal,cafe,,-1,49.4
0.522,0.531,86,work,office,,-1,110.7
0.45,0.34,80,personal,cafe,,-1,76.6
0.658,0.353,110,study,office,,-1,147.0
0.456,0.76,40,study,office,,-1,57.9
0.204,0.362,15,personal,store,13:45,4.75,22.7
0.485,0.613,31,health,gym,,-1,54.5
0.132,0.544,93,work,home,,-1,89.8
0.221,0.075,61,personal,home,09:30,-4.5,0.0
0.413,0.273,58,personal,store,20:18,13.3,56.1
0.661,0.84,50,health,home,,-1,63.2
0.269,0.294,46,personal,cafe,,-1,52.1
0.616,0.526,114,study,cafe,,-1,126.7
0.647,0.395,106,work,home,11:45,-2.25,0.0
0.202,0.483,95,social,outdoor,,-1,103.7
0.626,0.682,43,errand,store,,-1,48.9
0.39,0.687,106,study,office,23:30,16.5,121.8
0.619,0.359,68,work,office,,-1,91.6
0.225,0.45,44,errand,outdoor,,-1,63.2
0.533,0.0,22,personal,home,,-1,15.4
0.474,0.4,75,personal,store,17:15,10.25,76.2
0.366,0.611,30,work,cafe,,-1,41.6
0.446,0.286,160,social,outdoor,,-1,184.2
0.341,0.448,11,errand,home,,-1,4.3
0.795,1.0,42,health,home,,-1,71.1
0.312,0.204,16,errand,home,15:45,7.75,16.5
0.477,0.65,88,work,office,13:45,1.75,104.2
0.453,0.397,82,work,home,11:15,-0.75,0.0
0.502,0.17,25,personal,store,,-1,32.2
0.597,0.474,66,personal,store,19:30,10.5,69.0
0.603,0.62,106,study,office,10:30,-11.5,0.0
0.479,0.428,101,study,office,15:15,3.25,117.2
0.499,0.61,44,work,office,15:00,3.0,62.1
0.283,0.689,38,work,home,08:45,-3.25,0.0
0.605,0.725,43,health,gym,,-1,71.7
0.672,0.448,94,work,cafe,,-1,118.3
0.722,0.411,117,study,office,19:45,13.75,156.1
0.491,0.383,78,social,outdoor,18:00,7.0,106.0
0.861,0.566,44,work,home,,-1,64.8
0.145,0.635,18,errand,store,14:00,6.0,26.2
0.785,0.535,37,study,office,,-1,61.0
0.695,0.597,48,health,gym,,-1,83.3
0.291,0.679,51,health,home,,-1,56.2
0.532,0.6,101,study,office,,-1,129.2
0.376,0.669,58,personal,home,,-1,54.6
0.0,0.375,81,personal,home,20:15,1.25,53.0
0.422,0.684,32,health,gym,14:00,-6.0,0.0
0.199,0.237,85,social,home,13:45,1.75,69.7
0.358,0.155,44,personal,home,,-1,28.8
0.324,0.087,58,personal,store,,-1,55.6
0.326,0.402,70,personal,cafe,,-1,66.4
0.344,0.273,13,errand,outdoor,17:30,4.5,38.1
0.369,0.582,32,errand,home,18:00,1.0,36.3
0.054,0.529,32,errand,outdoor,23:45,6.75,49.9
0.336,0.329,18,personal,store,,-1,25.9
0.398,0.747,50,health,home,,-1,59.6
0.745,0.477,38,work,home,16:30,-3.5,0.0
0.806,0.758,33,health,outdoor,,-1,72.8
0.597,0.798,33,study,cafe,09:15,-12.75,0.0
0.347,0.452,48,study,cafe,,-1,53.3
0.014,0.589,20,errand,outdoor,,-1,44.5
0.277,0.152,29,personal,home,14:18,-6.7,0.0
0.394,0.357,89,personal,cafe,08:30,-6.5,0.0
0.558,0.767,115,work,office,13:00,-9.0,0.0
0.912,0.778,29,health,gym,17:30,-2.5,0.0
0.832,0.553,117,study,home,22:18,16.3,145.8
0.616,0.188,26,errand,home,,-1,24.8
0.421,0.401,88,personal,store,,-1,85.4
0.873,0.61,95,work,home,21:00,9.0,131.8
0.178,0.471,29,errand,store,23:18,5.3,30.1
0.679,1.0,48,work,home,,-1,72.8
0.467,0.291,49,personal,store,,-1,56.9
0.699,0.641,57,work,cafe,,-1,76.6
0.822,0.377,104,social,outdoor,,-1,151.7
0.445,0.179,167,social,cafe,21:00,8.0,161.8
0.489,0.329,39,health,gym,,-1,64.4
0.298,0.597,72,personal,store,,-1,75.3
0.78,0.485,25,health,gym,19:30,10.5,53.3
0.128,0.552,62,social,cafe,16:15,1.25,65.7
0.966,0.544,38,work,cafe,22:45,4.75,71.2
0.224,0.184,60,social,outdoor,19:18,1.3,72.9
0.792,0.533,33,personal,home,,-1,34.3
0.762,0.261,102,work,cafe,21:18,8.3,141.0
0.605,0.294,60,study,home,,-1,68.9
0.53,0.702,59,work,home,,-1,63.5
0.387,0.483,55,personal,store,,-1,59.9
0.542,0.616,52,work,home,23:15,16.25,58.2
0.572,0.968,58,work,office,,-1,89.8
1.0,0.557,57,study,cafe,,-1,91.3
0.392,0.446,112,work,cafe,,-1,140.3
0.477,0.298,116,study,office,11:45,1.75,116.8
0.391,0.43,20,personal,home,,-1,19.1
0.392,0.423,51,study,office,,-1,64.4
0.426,0.449,105,study,cafe,,-1,126.3
0.274,0.47,27,personal,home,13:30,-4.5,0.0
0.505,0.378,148,social,cafe,08:45,-8.25,0.0
0.436,0.637,40,health,gym,,-1,65.2
0.709,0.395,30,work,office,23:15,8.25,53.1
0.224,0.445,76,personal,home,21:00,13.0,62.2
0.084,0.425,63,personal,home,08:18,-1.7,0.0
0.038,0.493,42,errand,home,17:30,10.5,27.2
0.84,0.317,99,work,office,,-1,156.3
0.535,0.416,82,work,home,,-1,87.8
0.368,0.445,22,errand,home,,-1,19.5
0.71,0.93,60,health,outdoor,,-1,122.9
0.212,0.371,41,errand,outdoor,23:15,14.25,57.6
0.716,0.894,76,study,cafe,,-1,109.7
0.547,0.517,26,errand,home,,-1,20.1
0.463,0.571,45,work,cafe,18:15,2.25,56.5
0.857,0.64,75,work,office,20:18,8.3,115.1
0.573,0.224,47,personal,store,,-1,49.8
0.563,1.0,21,health,outdoor,,-1,60.6
0.484,0.68,31,health,home,14:00,3.0,40.4
0.336,0.458,71,personal,cafe,17:18,2.3,65.8
0.001,0.344,42,errand,outdoor,,-1,51.4
0.64,0.702,88,study,office,,-1,117.4
0.426,0.604,65,personal,cafe,19:00,7.0,66.8
0.754,0.935,59,work,home,,-1,85.3
0.058,0.64,47,personal,cafe,,-1,45.2
0.361,0.161,24,errand,home,08:15,2.25,21.9
0.405,0.717,38,work,cafe,,-1,45.9
0.359,0.33,40,errand,outdoor,12:00,3.0,58.9
0.693,0.678,67,personal,cafe,,-1,75.7
0.216,0.231,69,personal,store,22:45,4.75,61.8
0.624,0.488,114,social,home,,-1,114.8
0.364,0.267,34,errand,store,,-1,35.2
0.224,0.194,63,social,outdoor,14:15,-7.75,0.0
0.695,0.44,85,work,office,,-1,116.5
0.422,0.255,21,health,home,12:30,-8.5,0.0
0.517,0.468,48,personal,store,08:18,-3.7,0.0
0.295,0.58,72,personal,cafe,16:15,10.25,67.7
0.367,0.272,44,personal,store,22:30,9.5,44.8
0.239,0.607,35,errand,home,,-1,24.0
0.0,0.34,102,social,cafe,,-1,89.9
1.0,0.274,37,work,home,,-1,57.2
0.688,0.696,86,study,cafe,,-1,106.2
0.787,0.58,72,work,office,15:30,5.5,104.0
0.509,0.389,106,work,home,,-1,112.7
0.29,0.39,44,personal,home,11:30,-9.5,0.0
0.309,0.713,102,study,office,,-1,120.5
0.688,0.887,49,health,home,,-1,66.5
0.286,0.099,37,errand,home,,-1,32.2
0.676,0.98,41,work,office,13:30,-6.5,0.0
0.805,0.464,44,work,home,,-1,61.0
0.437,0.355,70,social,outdoor,16:45,-4.25,0.0
0.651,0.686,34,work,office,16:18,0.3,42.3
0.096,0.328,41,personal,store,21:30,12.5,36.5
0.527,0.462,120,study,home,,-1,126.9
0.804,0.502,35,health,outdoor,22:18,14.3,72.9
0.809,0.504,53,work,home,,-1,67.9
0.491,0.51,87,work,home,09:00,3.0,93.0
0.865,0.862,46,health,home,,-1,76.8
0.851,0.074,140,social,cafe,,-1,183.4
0.283,0.323,31,errand,outdoor,16:18,4.3,57.9
0.874,0.61,46,health,home,09:15,-4.75,0.0
0.576,0.626,98,work,office,23:15,8.25,116.7
0.05,0.394,65,personal,home,,-1,43.8
0.396,0.345,23,personal,cafe,,-1,28.7
0.473,0.103,155,social,cafe,,-1,153.9
0.409,0.284,76,work,cafe,,-1,85.6
0.539,0.531,98,work,cafe,,-1,114.8
0.304,0.744,68,work,office,12:18,-4.7,0.0
0.41,0.403,77,study,office,,-1,93.6
0.522,0.4,120,study,cafe,,-1,146.0
0.439,0.782,92,study,office,,-1,112.5
0.755,0.101,77,personal,store,,-1,75.6
0.979,0.58,103,study,cafe,,-1,163.5
0.29,0.548,17,personal,store,09:30,-5.5,0.0
0.945,0.927,87,work,home,21:45,5.75,151.9
0.397,0.521,57,work,cafe,18:18,-0.7,0.0
0.32,0.49,46,work,office,,-1,60.0
0.417,0.669,62,study,cafe,,-1,76.1
0.529,0.718,178,social,outdoor,,-1,209.6
0.329,0.478,60,study,office,15:30,3.5,74.9
0.456,0.744,82,study,home,23:15,16.25,91.3
0.152,0.306,54,personal,store,10:30,0.5,38.9
0.427,0.515,44,errand,outdoor,21:18,1.3,66.9
0.717,0.685,22,health,outdoor,16:00,5.0,49.4
0.376,0.45,78,work,office,15:30,-2.5,0.0
0.297,0.287,56,personal,home,14:30,-4.5,0.0
0.536,0.496,40,work,office,,-1,55.4
0.175,0.387,38,errand,outdoor,19:18,0.3,47.3
0.505,0.872,88,work,cafe,,-1,110.5
0.533,0.208,81,personal,cafe,,-1,72.4
0.82,0.928,75,work,home,,-1,110.7
0.851,0.61,56,health,home,22:00,7.0,78.3
0.375,0.638,32,study,cafe,,-1,40.1
0.672,1.0,74,work,cafe,,-1,112.5
0.021,0.394,36,errand,store,15:15,-3.75,0.0
0.345,0.312,43,study,office,,-1,64.7
0.26,0.161,70,personal,store,14:18,-6.7,0.0
0.624,0.662,110,work,home,,-1,127.4
0.195,0.618,22,health,home,12:00,2.0,20.9
0.231,0.527,71,social,outdoor,17:30,8.5,92.9
0.67,0.578,42,study,home,17:18,9.3,47.5
0.41,0.53,92,work,home,,-1,93.5
0.685,0.502,119,work,home,,-1,128.3
0.263,0.393,84,personal,home,18:15,8.25,63.2
1.0,0.609,43,health,gym,,-1,88.0
0.226,0.443,45,personal,store,,-1,41.9
0.374,0.487,88,work,home,,-1,97.8
0.499,0.498,23,errand,store,22:45,5.75,33.5
0.366,0.66,20,health,home,12:15,2.25,24.5
0.28,0.225,44,errand,store,,-1,47.0
0.331,0.519,154,social,cafe,,-1,159.9
0.187,0.121,36,personal,store,,-1,31.1
0.151,0.768,92,study,office,,-1,91.5
0.913,0.715,41,work,home,23:18,9.3,59.7
0.54,0.219,23,personal,home,15:00,-6.0,0.0
0.839,0.873,31,study,home,13:30,-8.5,0.0
0.482,0.294,101,social,cafe,,-1,119.3
0.464,0.301,39,errand,outdoor,16:18,-5.7,0.0
0.52,0.58,43,errand,store,,-1,49.6
0.386,0.804,63,work,home,,-1,71.2
0.483,0.498,42,personal,cafe,,-1,51.3
0.72,0.849,112,work,cafe,14:45,-6.25,0.0
0.408,0.332,60,personal,cafe,,-1,64.6
0.107,0.415,40,personal,cafe,,-1,36.9
0.669,0.831,19,errand,outdoor,,-1,48.1
0.961,0.652,111,work,home,,-1,165.1
0.316,0.424,95,social,cafe,09:30,-6.5,0.0
0.626,0.545,76,work,home,,-1,83.3
0.833,0.5,71,work,cafe,,-1,103.1
0.589,0.758,45,work,home,19:18,4.3,49.0
0.507,0.194,69,personal,cafe,,-1,67.5
0.676,0.474,88,work,office,,-1,121.6
0.609,0.613,57,work,home,09:30,3.5,60.0
0.252,0.4,20,personal,home,11:15,-9.75,0.0
0.113,0.834,45,errand,store,,-1,53.8
0.775,0.012,95,social,home,,-1,101.9
0.397,0.559,16,errand,home,,-1,13.6
0.218,0.711,48,study,home,,-1,47.7
0.62,0.733,41,health,home,11:18,5.3,47.9
0.151,0.171,119,social,outdoor,,-1,111.3
0.771,0.732,46,work,home,17:30,3.5,64.4
0.774,0.783,51,health,home,,-1,71.4
0.614,0.485,59,health,gym,,-1,82.4
0.129,0.39,41,errand,home,,-1,34.0
0.542,0.624,95,work,office,20:45,5.75,114.9
0.379,0.304,67,work,cafe,,-1,73.6
0.46,0.382,103,study,office,,-1,120.7
0.0,0.775,36,personal,cafe,,-1,34.7
0.211,0.79,58,health,outdoor,,-1,87.9
0.812,0.746,53,health,gym,12:30,2.5,87.9
0.466,0.342,26,errand,store,16:18,0.3,29.0
0.948,0.621,29,health,gym,13:00,-7.0,0.0
0.645,0.341,31,work,home,,-1,34.3
0.104,0.652,87,personal,cafe,17:45,7.75,75.5
0.259,0.165,35,errand,home,15:15,2.25,30.6
0.246,0.695,58,health,gym,,-1,81.4
0.194,0.684,22,personal,home,,-1,19.5
0.416,0.758,51,personal,store,18:15,12.25,59.8
0.668,1.0,100,work,office,14:45,-6.25,0.0
0.583,0.639,82,work,office,23:18,3.3,95.2
0.142,0.669,59,study,office,17:45,2.75,64.2
0.327,0.454,50,personal,store,09:15,0.25,0.0
0.312,0.678,55,health,home,19:00,11.0,63.4
0.448,0.776,86,study,home,11:30,-1.5,0.0
0.239,0.477,70,study,home,,-1,72.7
0.0,0.355,36,errand,home,,-1,29.1
0.483,0.411,15,errand,store,,-1,23.2
0.706,0.765,52,work,office,,-1,80.4
0.588,0.351,53,health,home,16:30,-2.5,0.0
0.371,0.332,78,personal,store,,-1,78.2
0.079,0.448,37,health,home,16:15,0.25,26.2
0.712,0.324,68,personal,home,,-1,61.8
0.454,0.448,62,study,home,,-1,59.3
0.253,0.07,75,work,office,,-1,80.1
0.619,0.64,93,work,office,15:15,-0.75,0.0
0.335,0.326,68,work,home,,-1,72.3
0.306,0.495,29,errand,outdoor,14:30,7.5,49.8
0.134,0.372,13,errand,home,,-1,8.8
0.543,0.51,33,work,home,,-1,38.0
0.559,0.335,79,work,home,13:00,6.0,78.5
0.138,0.509,113,social,outdoor,15:45,-0.25,0.0
0.788,0.425,93,work,home,,-1,117.1
0.196,0.13,113,social,home,22:15,0.25,0.0
0.51,0.802,31,work,cafe,,-1,43.9
0.138,0.128,21,errand,home,13:15,-0.75,0.0
0.361,0.43,37,work,office,12:00,-8.0,0.0
0.0,0.304,40,errand,store,16:30,7.5,43.6
0.421,0.913,36,work,home,23:18,11.3,42.9
0.732,0.555,34,work,home,,-1,39.6
0.53,0.467,98,work,cafe,,-1,110.8
0.648,0.507,33,study,home,,-1,33.1
0.586,0.642,24,errand,home,18:18,12.3,26.5
0.606,0.19,35,study,home,22:30,9.5,31.6
0.059,0.423,122,social,cafe,21:15,3.25,106.2
0.439,0.415,143,social,cafe,,-1,151.3
0.792,0.708,25,health,home,,-1,34.9
0.344,0.368,49,personal,cafe,,-1,49.3
0.5,0.472,34,work,home,,-1,41.3
0.506,0.711,51,health,gym,,-1,83.6
0.109,0.275,10,errand,outdoor,13:18,-3.7,0.0
0.536,0.508,85,work,office,,-1,107.2
0.404,0.843,43,work,office,17:30,8.5,72.2
0.279,0.507,27,errand,outdoor,,-1,53.0
0.354,0.512,84,personal,home,12:45,4.75,76.5
0.468,0.617,39,health,outdoor,08:18,0.3,52.0
0.636,0.712,34,health,outdoor,,-1,67.4
0.353,0.885,57,study,office,12:30,0.5,59.4
0.432,1.0,93,work,cafe,20:45,0.75,104.0
0.283,0.616,19,errand,home,,-1,14.9
0.515,0.572,33,work,home,17:30,1.5,29.2
0.629,0.485,11,errand,store,,-1,23.2
0.791,0.234,89,study,home,,-1,110.5
0.804,0.361,71,personal,home,16:45,-1.25,0.0
0.506,0.639,57,work,office,,-1,80.3
0.595,0.606,74,personal,store,14:18,1.3,76.5
0.309,0.504,22,errand,home,10:15,4.25,14.1
0.519,0.735,105,study,home,12:15,-5.75,0.0
0.377,0.599,74,study,office,15:18,-4.7,0.0
0.404,0.574,76,study,cafe,,-1,94.9
0.777,0.663,91,study,home,18:18,-1.7,0.0
0.178,0.972,28,errand,store,,-1,35.8
0.304,0.502,15,errand,home,13:15,2.25,14.0
0.482,0.328,38,personal,cafe,,-1,47.7
0.347,0.377,64,personal,cafe,19:15,12.25,64.2
0.217,0.219,76,personal,home,,-1,62.7
0.635,0.613,108,social,outdoor,18:18,7.3,138.7
0.148,0.573,45,errand,home,,-1,37.3
0.088,0.333,50,personal,store,11:30,-5.5,0.0
0.456,0.513,49,health,home,,-1,55.8
0.035,0.275,26,errand,outdoor,17:45,11.75,45.7
0.237,0.706,74,study,home,12:18,1.3,66.5
0.306,0.474,87,study,cafe,,-1,93.1
0.468,0.989,94,study,home,09:45,-4.25,0.0
0.429,0.211,66,personal,home,,-1,53.1
0.339,0.559,107,social,outdoor,16:15,8.25,134.1
0.171,0.572,50,work,office,,-1,62.2
0.256,0.608,35,personal,home,10:00,-11.0,0.0
0.615,0.758,35,work,cafe,,-1,48.9
0.417,0.133,55,personal,home,,-1,47.9
0.295,0.235,64,personal,store,18:18,9.3,64.4
0.605,0.734,87,work,cafe,,-1,111.6
0.81,0.507,85,work,office,,-1,124.3
0.431,0.636,91,study,home,15:18,4.3,102.7
0.104,0.552,26,personal,cafe,11:30,-7.5,0.0
0.615,0.734,97,work,office,,-1,128.2
0.999,1.0,31,work,home,10:30,1.5,53.4
0.404,0.431,19,errand,outdoor,,-1,38.8
0.315,0.146,27,errand,store,,-1,28.5
0.729,0.74,77,work,cafe,,-1,107.6
0.504,0.709,54,study,home,13:18,-8.7,0.0
0.312,0.606,33,errand,outdoor,08:18,1.3,56.0
0.459,0.444,81,work,cafe,,-1,101.5
0.516,0.543,32,errand,store,21:18,12.3,41.0
0.557,0.579,31,health,outdoor,,-1,63.4
0.475,0.763,60,work,cafe,,-1,73.5
0.0,0.609,52,personal,home,23:18,17.3,35.9
0.409,0.576,68,social,cafe,,-1,74.8
0.267,0.682,80,personal,store,12:30,-6.5,0.0
0.261,0.255,80,personal,home,,-1,66.8
0.262,0.36,76,social,home,,-1,75.2
0.164,0.169,83,personal,home,,-1,54.8
0.563,0.75,44,health,home,18:00,0.0,0.0
0.777,0.959,41,work,office,,-1,77.9
0.157,0.442,24,errand,store,,-1,25.8
0.41,0.531,119,work,office,09:15,-1.75,0.0
0.445,0.633,104,study,home,10:45,4.75,108.0
0.661,0.622,86,study,office,22:45,3.75,114.8
0.094,0.372,90,social,home,,-1,72.8
0.247,0.136,34,errand,store,15:00,-4.0,0.0
0.144,0.077,15,errand,store,16:00,-4.0,0.0
0.106,0.712,48,health,home,,-1,44.4
0.272,0.166,69,personal,home,18:00,0.0,0.0
0.457,0.68,45,study,office,22:30,0.5,54.9
0.241,0.818,83,work,home,,-1,99.5
0.393,0.7,39,personal,home,,-1,36.6
0.179,0.469,66,personal,cafe,,-1,60.9
0.168,0.88,42,work,cafe,14:30,-1.5,0.0
0.085,0.654,31,errand,home,09:30,-11.5,0.0
0.192,0.525,150,social,outdoor,,-1,154.0
0.236,0.292,38,personal,cafe,20:45,14.75,39.9
0.447,0.753,10,errand,store,,-1,17.3
0.076,0.52,35,errand,home,,-1,31.1
0.1,0.274,45,errand,store,,-1,42.2
0.585,0.514,115,study,office,,-1,139.3
0.46,0.504,41,study,cafe,08:15,-12.75,0.0
0.701,1.0,51,work,office,13:15,3.25,86.7
0.165,0.468,115,work,office,,-1,122.7
0.507,0.565,116,work,home,19:45,7.75,122.8
0.234,0.069,17,personal,home,20:00,1.0,11.3
0.435,0.585,66,social,outdoor,,-1,88.3
0.367,0.531,36,work,home,20:00,7.0,47.3
0.384,0.189,95,work,home,,-1,97.7
0.642,0.276,41,errand,home,14:15,-7.75,0.0
0.332,0.537,70,personal,store,15:45,-4.25,0.0
0.604,0.529,71,work,office,19:45,13.75,97.9
0.727,1.0,42,study,office,17:18,11.3,74.1
0.619,0.105,43,work,cafe,,-1,48.7
0.531,0.563,85,study,cafe,08:18,-13.7,0.0
0.665,0.659,66,work,cafe,17:00,-3.0,0.0
0.293,0.42,137,social,outdoor,10:15,1.25,119.0
0.342,0.577,51,study,cafe,14:18,-6.7,0.0
0.671,0.891,36,errand,store,21:45,12.75,45.1
0.595,0.832,33,health,outdoor,23:45,14.75,68.4
0.398,0.51,56,personal,home,,-1,51.2
0.149,0.497,37,work,cafe,19:00,-3.0,0.0
0.517,0.071,52,personal,store,,-1,53.2
0.401,1.0,20,health,outdoor,,-1,50.2
0.498,0.46,104,study,cafe,08:30,-13.5,0.0
0.617,0.613,40,health,gym,19:45,0.75,70.7
0.361,0.879,113,study,office,19:45,13.75,142.5
0.841,0.609,33,study,home,,-1,44.4
0.605,0.066,84,work,office,,-1,94.9
0.445,0.435,65,personal,home,12:15,-1.75,0.0
0.293,0.186,13,errand,store,16:30,2.5,17.3
0.011,0.848,101,study,cafe,10:30,-5.5,0.0
0.417,0.577,73,work,cafe,,-1,78.1
0.001,0.459,34,errand,store,10:30,-3.5,0.0
0.398,0.123,114,work,home,23:00,1.0,81.3
0.704,0.46,33,study,cafe,15:18,0.3,31.7
0.877,0.414,41,work,home,09:30,-5.5,0.0
0.797,0.339,73,social,home,,-1,89.6
0.287,0.172,72,personal,home,18:30,10.5,53.3
0.239,0.472,106,study,office,,-1,113.7
0.481,0.096,121,social,home,11:18,5.3,123.1
0.26,0.301,13,errand,outdoor,,-1,30.6
0.626,0.434,132,social,home,,-1,135.9
0.456,0.364,66,work,office,12:00,-6.0,0.0
0.574,0.252,29,errand,home,17:15,3.25,25.3
0.474,0.255,50,personal,store,,-1,57.7
0.165,0.158,18,errand,store,,-1,28.4
0.545,0.28,47,personal,cafe,18:30,1.5,50.1
0.0,0.519,17,errand,home,,-1,16.1
0.448,0.968,48,health,home,,-1,70.0
0.383,0.562,90,work,home,12:00,4.0,96.2
0.294,0.446,33,errand,home,,-1,26.4
0.326,0.563,108,work,home,20:15,5.25,99.9
0.499,0.587,39,errand,outdoor,20:00,-2.0,0.0
0.848,0.617,33,health,gym,13:18,3.3,65.7
0.612,0.555,46,work,office,,-1,60.9
0.05,0.247,77,personal,store,,-1,58.2
0.198,0.259,28,personal,cafe,13:30,-0.5,0.0
0.732,0.337,31,personal,cafe,,-1,40.0
0.274,0.445,58,personal,cafe,18:45,-1.25,0.0
1.0,0.189,147,social,outdoor,,-1,225.6
0.664,0.425,90,personal,store,,-1,94.6
0.553,0.513,46,personal,home,,-1,39.8
0.419,0.327,47,personal,home,13:15,-3.75,0.0
0.561,0.627,67,work,home,,-1,70.2
0.376,0.678,88,study,office,08:18,1.3,93.8
0.69,0.324,38,personal,cafe,12:45,-2.25,0.0
0.447,0.199,69,personal,home,,-1,54.3
0.585,0.851,17,personal,cafe,,-1,31.0
0.45,0.119,109,work,home,21:18,4.3,106.8
0.626,0.498,39,study,office,,-1,56.9
0.899,0.727,41,health,outdoor,18:30,-0.5,0.0
0.445,0.573,21,errand,store,,-1,29.2
0.577,0.705,47,work,cafe,10:00,-1.0,61.8
0.285,0.771,71,study,cafe,,-1,80.9
0.946,0.257,88,work,cafe,14:45,5.75,133.1
0.645,0.713,30,health,outdoor,19:30,7.5,62.5
0.494,0.495,68,personal,home,,-1,59.6
0.026,0.333,33,errand,home,,-1,24.4
0.718,0.592,63,work,office,09:18,-10.7,0.0
0.208,0.219,31,personal,cafe,09:15,-0.75,0.0
0.22,0.332,49,personal,cafe,,-1,48.5
1.0,0.346,107,work,home,,-1,168.8
0.352,0.132,38,errand,home,,-1,25.5
0.827,0.389,59,study,cafe,12:30,-3.5,0.0
0.08,0.259,142,social,outdoor,,-1,151.8
0.51,0.307,115,work,home,,-1,121.7
0.52,1.0,70,work,cafe,08:18,-13.7,0.0
0.298,0.206,40,personal,home,,-1,23.7
0.235,0.643,32,errand,outdoor,11:15,0.25,35.5
0.136,1.0,31,study,office,,-1,50.1
0.468,0.719,111,work,home,20:15,4.25,133.5
0.584,0.786,64,work,cafe,,-1,86.3
0.526,0.573,85,study,office,08:15,-4.75,0.0
0.323,0.408,79,work,office,08:00,-3.0,0.0
0.682,0.448,36,work,home,08:15,-11.75,0.0
0.486,0.666,111,study,cafe,21:15,13.25,128.3
0.0,0.371,30,errand,home,,-1,24.7
0.069,0.352,64,personal,cafe,20:15,1.25,55.2
0.84,0.254,36,errand,outdoor,,-1,61.7
0.569,0.716,118,study,home,21:45,8.75,118.0
0.195,0.352,73,work,home,22:18,16.3,72.9
0.657,0.911,70,study,cafe,10:00,-9.0,0.0
0.332,0.378,10,errand,home,,-1,10.6
0.601,0.608,45,health,outdoor,,-1,82.8
0.185,0.697,75,social,home,,-1,65.2
0.504,0.786,104,work,cafe,,-1,126.2
0.934,0.714,111,work,home,,-1,155.1
0.611,0.804,120,study,cafe,14:45,3.75,134.2
0.378,0.77,41,health,home,,-1,44.5
0.562,0.557,115,work,office,,-1,134.7
0.254,0.352,25,errand,home,,-1,19.3
0.636,1.0,44,health,home,,-1,64.6
0.503,1.0,97,work,home,,-1,121.2
0.649,0.601,32,study,office,13:18,-8.7,0.0
0.583,0.697,57,personal,store,08:00,-10.0,0.0
0.274,0.387,41,errand,store,,-1,48.7
0.348,0.784,65,work,office,22:15,5.25,81.9
0.678,0.37,72,personal,store,14:18,2.3,77.9
0.772,0.709,41,health,outdoor,08:30,-1.5,0.0
0.285,0.246,33,errand,store,,-1,37.0
0.532,0.688,99,work,office,22:18,13.3,124.8
0.548,0.444,55,health,outdoor,14:30,1.5,85.7
0.581,0.289,114,social,outdoor,21:45,15.75,151.6
0.719,1.0,51,health,gym,20:45,7.75,104.2
0.295,0.123,61,personal,home,13:15,6.25,43.8
0.454,0.671,120,study,cafe,,-1,123.9
0.473,0.306,76,work,cafe,,-1,90.6
0.18,0.379,14,errand,store,,-1,22.8
0.701,0.7,94,study,office,,-1,123.2
0.21,0.22,20,errand,home,,-1,11.4
0.613,0.917,41,work,office,09:18,-5.7,0.0
0.155,0.557,95,work,office,,-1,111.5
0.292,0.325,29,personal,store,,-1,40.0
0.494,0.412,120,study,cafe,,-1,128.1
0.446,0.641,23,errand,store,11:00,-11.0,0.0
0.633,0.668,68,work,cafe,,-1,87.3
0.131,0.446,44,errand,home,21:30,15.5,34.5
0.53,0.642,123,social,outdoor,,-1,145.0
0.952,0.896,63,work,cafe,,-1,120.2
0.696,0.432,106,work,office,,-1,149.4
0.436,0.614,17,personal,home,,-1,11.0
0.413,0.467,63,study,office,19:30,-1.5,0.0
0.441,0.146,67,social,cafe,,-1,71.3
0.395,0.675,96,work,office,23:00,5.0,120.4
0.221,0.415,78,personal,home,13:15,2.25,61.4
0.583,0.584,24,health,outdoor,17:45,-0.25,0.0
0.088,0.604,14,errand,home,19:18,10.3,10.6
0.545,0.187,64,personal,home,,-1,48.7
0.649,0.549,115,work,cafe,18:00,11.0,128.2
0.465,0.219,118,work,cafe,,-1,136.3
0.814,0.689,32,work,home,,-1,41.5
0.551,0.742,40,work,home,20:45,4.75,42.0
0.637,0.509,96,study,home,17:00,2.0,104.4
0.555,0.563,56,work,cafe,20:15,4.25,64.7
0.529,0.586,40,personal,store,,-1,46.2
0.508,0.488,68,personal,home,,-1,61.2
0.704,0.253,39,personal,cafe,,-1,43.2
0.0,0.463,102,work,office,,-1,91.9
0.543,0.492,53,work,office,14:18,-6.7,0.0
0.739,0.501,36,study,office,,-1,58.5
0.472,0.931,62,work,home,21:15,2.25,75.0
0.487,0.785,34,study,office,,-1,50.4
0.589,0.762,20,health,gym,,-1,45.8
0.701,0.609,22,errand,home,21:15,3.25,22.7
0.584,0.425,74,study,cafe,,-1,91.0
0.778,0.496,119,work,home,23:00,6.0,147.7
0.663,0.632,35,work,office,,-1,56.9
0.453,0.291,48,health,outdoor,,-1,80.4
0.159,0.553,176,social,home,22:15,16.25,158.1
0.361,0.341,44,errand,store,11:15,-2.75,0.0
0.779,0.676,79,work,cafe,,-1,111.3
0.0,0.333,37,personal,store,18:45,6.75,33.7
0.067,0.585,19,personal,home,18:15,-1.75,0.0
0.371,0.688,69,work,office,12:18,-1.7,0.0
0.384,0.693,87,personal,store,12:45,-9.25,0.0
0.885,0.716,68,work,cafe,,-1,102.4
0.364,0.328,21,health,gym,09:00,-12.0,0.0
0.776,0.58,102,study,home,22:30,11.5,125.8
0.749,0.42,82,work,home,,-1,101.3
0.53,0.651,103,work,home,15:45,3.75,122.9
0.336,0.134,162,social,cafe,11:00,-9.0,0.0
0.497,0.531,73,study,office,18:45,10.75,97.8
0.661,0.67,80,study,home,19:18,11.3,92.5
0.838,0.472,29,health,outdoor,,-1,63.2
0.439,0.564,113,work,cafe,,-1,133.1
0.661,0.664,48,work,home,,-1,61.2
0.522,0.332,62,work,cafe,,-1,79.6
0.466,0.509,102,study,cafe,,-1,117.2
0.173,0.641,39,personal,cafe,14:30,8.5,39.7
0.17,0.345,25,errand,store,15:18,3.3,35.7
0.493,0.581,17,personal,cafe,21:00,1.0,22.3
0.446,0.413,18,personal,home,21:30,12.5,16.9
0.779,1.0,41,study,cafe,,-1,65.6
0.504,0.431,58,personal,home,20:00,-1.0,59.8
0.222,0.548,33,errand,store,,-1,36.6
0.273,0.716,107,study,home,20:18,9.3,100.4
0.679,0.52,47,health,outdoor,22:18,6.3,84.7
0.245,0.5,24,errand,home,20:15,-1.75,0.0
0.0,0.349,14,errand,outdoor,,-1,31.1
0.719,1.0,35,work,office,10:15,0.25,45.6
0.448,0.289,73,personal,store,,-1,79.1
0.354,0.391,66,personal,home,13:45,3.75,62.7
0.394,0.395,45,personal,home,,-1,39.2
0.263,0.49,70,work,cafe,11:45,2.75,83.2
0.0,0.527,111,work,office,17:00,-5.0,0.0
0.449,0.827,43,personal,store,,-1,45.9
0.479,0.655,109,study,cafe,10:45,-5.25,0.0
0.767,0.676,52,work,home,,-1,64.8
0.312,0.582,45,work,office,22:45,5.75,57.1
0.243,0.293,69,study,home,13:15,2.25,65.0
0.497,0.109,74,social,cafe,,-1,75.5
0.002,0.564,143,social,home,16:00,-2.0,0.0
0.594,0.769,29,health,outdoor,,-1,61.6
0.459,0.524,30,errand,outdoor,,-1,55.1
0.212,0.345,53,health,home,21:45,2.75,56.6
0.851,0.454,109,study,cafe,09:15,-7.75,0.0
0.346,0.184,89,social,cafe,11:00,-6.0,0.0
0.564,0.368,86,personal,home,,-1,79.8
0.919,0.176,70,work,office,12:18,-8.7,0.0
0.691,0.701,22,health,gym,,-1,44.5
0.459,0.478,24,health,outdoor,,-1,53.5
0.541,0.513,115,work,office,18:15,-3.75,0.0
0.321,0.939,27,health,gym,,-1,51.5
0.136,0.167,14,errand,store,,-1,22.1
0.249,0.804,52,work,cafe,08:00,-5.0,0.0
0.553,0.137,109,study,home,,-1,106.4
0.437,0.638,97,work,cafe,17:15,3.25,106.8
0.501,0.372,150,social,outdoor,,-1,173.7
0.075,0.273,100,social,outdoor,,-1,102.6
0.217,0.55,61,work,home,14:15,-6.75,0.0
0.539,0.342,45,work,cafe,,-1,55.0
0.57,0.554,14,errand,outdoor,20:18,9.3,39.4
0.333,0.325,44,errand,home,16:30,7.5,36.9
1.0,0.644,103,work,home,16:15,4.25,153.7
0.606,0.12,41,errand,store,16:15,2.25,46.0
0.539,0.563,55,personal,cafe,09:00,-3.0,0.0
0.174,0.244,32,personal,store,09:00,-3.0,0.0
0.949,0.523,52,health,outdoor,09:30,-9.5,0.0
0.389,0.574,71,study,cafe,10:30,-0.5,0.0
0.974,0.623,72,study,home,,-1,105.5
0.311,0.383,30,errand,store,09:30,-9.5,0.0
0.593,0.412,67,study,home,10:45,1.75,68.4
0.904,0.623,30,study,cafe,18:45,1.75,49.7
0.535,0.594,54,health,outdoor,20:30,12.5,84.7
0.793,0.172,111,study,home,22:45,2.75,140.1
0.583,0.615,32,work,cafe,,-1,44.4
0.632,0.581,98,work,office,23:00,13.0,122.1
0.32,0.1,75,social,cafe,10:45,0.75,63.3
0.55,0.395,34,study,office,20:00,9.0,52.1
0.277,0.595,159,social,cafe,12:15,-5.75,0.0
0.502,0.354,23,errand,outdoor,,-1,46.7
0.302,0.028,16,personal,cafe,13:18,-2.7,0.0
0.868,0.731,57,health,gym,,-1,102.6
0.234,0.284,83,personal,cafe,,-1,78.1
0.638,0.5,67,work,office,,-1,90.2
0.2,0.421,38,errand,home,,-1,28.9
0.518,0.293,68,personal,home,,-1,60.9
0.478,0.24,39,personal,home,,-1,30.5
0.761,0.669,100,work,home,,-1,125.0
0.509,0.34,22,personal,cafe,08:18,-12.7,0.0
0.432,0.432,43,errand,outdoor,08:00,-1.0,65.2
0.569,0.0,69,personal,home,20:18,4.3,50.2
0.0,0.424,18,errand,store,21:30,3.5,24.6
0.481,0.394,37,work,cafe,23:15,7.25,52.3
0.269,0.648,23,personal,store,11:18,4.3,35.4
0.697,0.366,27,personal,cafe,19:18,11.3,34.9
0.25,0.122,61,social,home,,-1,52.5
0.266,0.788,87,work,office,,-1,107.1
0.207,0.233,36,errand,store,,-1,43.1
0.692,0.15,51,personal,store,12:18,-6.7,0.0
0.43,0.577,27,errand,outdoor,21:00,12.0,52.8
0.413,0.606,118,social,cafe,,-1,125.7
0.407,0.995,20,errand,outdoor,,-1,48.9
0.433,0.331,79,personal,store,,-1,81.5
0.225,0.134,71,social,home,17:00,4.0,61.0
0.404,0.82,36,errand,home,,-1,30.1
0.522,0.364,16,errand,outdoor,,-1,39.7
0.251,0.379,37,personal,cafe,09:18,-3.7,0.0
0.405,0.224,88,personal,store,,-1,87.2
0.424,0.495,14,errand,store,14:18,3.3,26.1
0.27,0.297,34,personal,home,,-1,24.3
0.141,0.442,149,social,outdoor,11:18,0.3,0.0
0.514,0.084,90,personal,home,13:30,-8.5,0.0
0.182,0.13,120,study,home,,-1,106.0
0.299,0.654,123,social,home,,-1,123.5
0.459,0.614,115,study,office,,-1,130.6
0.384,0.39,91,study,cafe,,-1,108.9
0.15,0.492,115,work,home,,-1,119.8
0.46,0.532,34,errand,outdoor,,-1,51.9
0.531,0.411,34,health,gym,,-1,57.1
0.622,0.194,42,personal,store,,-1,41.9
0.574,0.56,37,work,office,,-1,53.9
0.487,0.786,117,work,office,10:15,-5.75,0.0
0.966,0.433,63,study,cafe,21:45,15.75,98.2
0.335,0.276,98,social,outdoor,19:30,9.5,126.0
0.299,0.386,76,personal,home,,-1,58.8
0.177,0.448,24,errand,store,,-1,29.7
0.632,0.7,101,work,cafe,13:18,-7.7,0.0
0.186,0.647,39,personal,cafe,14:15,-4.75,0.0
0.0,0.086,62,personal,home,17:18,-1.7,0.0
0.103,0.311,70,personal,cafe,10:18,0.3,0.0
0.553,0.702,37,health,outdoor,21:15,13.25,67.2
0.167,0.28,57,personal,cafe,23:45,4.75,51.7
0.45,0.516,54,health,gym,10:00,-7.0,0.0
0.426,0.472,30,health,gym,,-1,53.0
0.705,0.264,126,social,outdoor,,-1,164.8
0.815,0.628,59,study,office,13:45,-6.25,0.0
0.196,0.248,32,personal,home,16:00,0.0,0.0
0.362,0.387,60,personal,store,,-1,57.6
0.384,0.293,24,errand,outdoor,,-1,47.5
0.726,0.464,68,work,home,,-1,88.0
0.594,0.545,149,social,home,,-1,147.4
0.511,0.136,111,social,home,17:45,11.75,98.4
0.564,0.431,41,study,cafe,21:00,13.0,49.7
0.482,0.74,117,work,home,23:18,8.3,136.7
0.641,0.492,36,personal,cafe,,-1,43.2
0.313,0.586,24,personal,store,20:18,-0.7,0.0
0.807,0.456,77,work,cafe,,-1,108.6
0.34,0.433,41,study,office,,-1,52.0
0.428,0.638,44,study,home,13:45,1.75,51.0
0.53,0.962,50,health,gym,,-1,85.3
0.207,0.395,16,personal,home,09:15,-12.75,0.0
0.397,0.513,64,work,home,,-1,70.5
0.853,0.488,52,study,cafe,14:45,-1.25,0.0
0.921,1.0,75,work,home,,-1,137.2
0.418,0.267,24,personal,cafe,,-1,30.7
0.451,0.712,98,study,home,14:00,-7.0,0.0
0.281,0.497,47,personal,cafe,11:30,-5.5,0.0
0.548,0.278,70,work,office,16:18,-2.7,0.0
0.47,0.39,106,social,cafe,,-1,120.9
0.692,0.425,42,personal,store,23:00,6.0,50.4
0.338,0.628,35,errand,store,,-1,40.8
0.421,0.451,46,work,home,,-1,48.8
0.352,0.718,117,study,home,21:00,11.0,123.3
0.4,0.247,27,personal,home,,-1,24.4
0.287,0.51,120,study,home,10:15,-2.75,0.0
0.841,0.416,65,study,cafe,,-1,98.4
0.0,0.79,42,study,office,,-1,46.1
0.163,0.143,113,social,cafe,,-1,104.7
0.13,0.632,32,work,office,,-1,46.0
0.36,0.464,63,personal,store,,-1,69.7
0.738,0.796,82,study,office,,-1,122.2
0.426,0.636,69,work,home,17:45,-1.25,0.0
0.448,0.318,48,study,home,12:15,-6.75,0.0
0.458,0.24,62,personal,store,,-1,58.9
0.652,0.611,56,study,cafe,12:30,-5.5,0.0
0.23,0.796,32,health,home,18:45,-1.25,0.0
0.656,0.342,103,study,cafe,,-1,125.4
0.388,0.306,97,social,cafe,22:30,14.5,102.8
0.422,0.707,64,work,home,17:18,6.3,72.5
0.148,0.429,23,errand,home,08:15,-0.75,0.0
0.091,0.666,15,errand,store,10:15,0.25,17.5
0.403,0.815,82,personal,store,,-1,81.5
0.213,0.301,77,personal,cafe,,-1,66.1
0.642,0.758,35,work,office,,-1,53.9
0.392,0.369,154,social,outdoor,,-1,172.4
0.514,0.261,40,work,home,,-1,48.9
0.354,0.733,84,work,cafe,,-1,101.4
0.231,0.342,84,personal,store,,-1,65.5
0.366,0.844,108,study,office,,-1,133.2
0.312,0.129,176,social,outdoor,,-1,174.5
0.576,0.706,100,social,outdoor,,-1,131.4
0.388,0.465,56,personal,store,,-1,55.8
0.474,0.495,78,social,home,13:30,-5.5,0.0
0.026,0.481,89,personal,home,,-1,61.8
0.29,0.166,69,social,outdoor,,-1,92.1
0.338,0.693,63,work,home,16:15,-2.75,0.0
0.468,0.443,83,personal,home,,-1,79.8
0.244,0.232,42,personal,store,,-1,39.2
0.579,0.728,28,health,home,10:00,-11.0,0.0
0.272,0.425,85,social,cafe,08:30,-2.5,0.0
0.73,0.044,35,personal,cafe,13:15,-1.75,0.0
0.219,0.636,27,errand,home,,-1,23.3
0.248,1.0,76,work,office,17:30,-1.5,0.0
0.502,0.553,38,personal,home,,-1,31.6
0.067,0.287,88,personal,store,,-1,71.6
0.247,0.478,79,work,office,,-1,90.6
0.447,0.588,40,personal,home,,-1,36.5
0.385,0.679,120,work,home,12:45,0.75,0.0
0.52,0.313,63,personal,store,12:30,3.5,63.1
0.21,0.361,58,personal,store,17:18,9.3,48.3
0.272,0.13,78,personal,cafe,19:00,13.0,69.2
0.391,0.5,36,personal,store,,-1,44.1
0.486,0.098,29,errand,home,23:30,1.5,26.4
0.625,1.0,36,health,home,19:30,-1.5,0.0
0.819,0.277,117,work,home,,-1,161.5
0.446,0.517,73,social,outdoor,,-1,100.0
0.188,0.448,22,personal,cafe,20:00,5.0,25.0
0.248,0.864,30,health,outdoor,12:18,-2.7,0.0
0.395,0.371,30,personal,store,18:30,-3.5,0.0
0.401,0.617,114,work,office,23:00,14.0,131.7
0.209,0.585,83,personal,store,,-1,71.1
0.206,0.284,55,personal,home,,-1,41.1
0.295,0.409,60,study,home,13:30,-7.5,0.0
0.274,0.442,74,social,outdoor,10:18,-11.7,0.0
0.544,0.591,38,errand,home,,-1,34.2
0.785,0.579,61,work,cafe,,-1,93.7
0.482,0.643,100,work,office,22:45,1.75,125.6
0.337,0.091,103,social,cafe,08:18,1.3,82.2
0.266,0.284,15,personal,cafe,17:00,6.0,25.2
0.344,0.476,57,personal,store,,-1,51.1
0.372,0.136,64,social,home,21:15,7.25,60.4
0.076,0.001,42,personal,home,,-1,26.3
0.781,0.682,117,study,home,17:30,-3.5,0.0
0.372,0.763,47,health,home,,-1,52.2
0.201,0.332,20,errand,outdoor,16:15,-0.75,0.0
0.314,0.326,32,errand,outdoor,,-1,49.5
0.281,0.221,35,personal,store,,-1,34.6
0.563,0.518,75,study,cafe,,-1,87.9
0.826,0.446,34,work,office,,-1,60.8
0.582,0.604,89,social,cafe,,-1,97.2
0.345,0.227,77,personal,home,18:00,1.0,50.7
0.612,0.685,54,personal,store,,-1,57.2
0.246,0.491,41,errand,outdoor,14:30,-5.5,0.0
0.185,0.211,58,personal,home,,-1,41.7
0.317,0.698,77,study,office,,-1,89.2
0.371,0.605,71,personal,home,12:30,-4.5,0.0
0.525,0.727,88,work,home,,-1,97.7
0.148,0.325,122,social,outdoor,,-1,131.3
0.788,0.345,98,work,cafe,,-1,133.5
0.258,0.643,49,study,cafe,08:15,-3.75,0.0
0.492,0.639,26,errand,outdoor,20:45,2.75,49.2
0.235,0.534,70,personal,cafe,11:15,4.25,63.5
0.31,0.629,30,errand,home,,-1,28.2
0.285,0.609,78,work,office,,-1,95.8
0.43,0.625,80,personal,store,,-1,81.0
0.398,0.39,50,work,cafe,18:18,-2.7,0.0
0.479,0.188,24,errand,outdoor,09:30,3.5,45.7
0.0,0.229,167,social,outdoor,,-1,148.6
0.168,0.512,28,errand,home,,-1,21.5
0.226,0.364,40,errand,home,,-1,34.7
0.583,0.811,36,study,home,,-1,38.4
0.332,0.372,88,study,cafe,18:15,-2.75,0.0
0.386,0.279,74,work,home,,-1,78.6
0.707,0.58,101,study,cafe,,-1,122.4
0.272,0.555,85,study,office,,-1,95.0
0.718,0.675,45,study,home,20:15,-1.75,0.0
0.139,0.622,58,personal,store,,-1,56.6
0.168,0.624,45,study,home,13:18,3.3,44.3
0.789,0.379,108,work,home,16:30,1.5,124.0
0.938,0.695,60,work,office,22:18,8.3,99.9
0.463,0.179,91,social,outdoor,09:18,-7.7,0.0
0.0,0.602,36,errand,store,13:30,-6.5,0.0
0.346,0.229,148,social,home,,-1,137.1
0.434,0.766,125,social,cafe,11:00,-3.0,0.0
0.472,1.0,58,health,gym,,-1,103.4
0.479,0.544,71,study,cafe,21:00,0.0,0.0
0.369,0.585,56,personal,cafe,22:18,14.3,57.5
0.578,0.737,100,work,home,23:18,6.3,104.6
0.48,0.578,25,personal,cafe,11:00,2.0,32.3
0.423,0.615,77,work,home,,-1,88.9
0.58,0.283,41,errand,home,13:30,-1.5,0.0
0.032,0.388,13,errand,outdoor,20:30,10.5,33.4
0.598,0.34,46,personal,home,,-1,38.4
0.0,0.833,41,study,office,,-1,53.0
0.315,0.419,77,personal,cafe,21:15,10.25,75.6
0.237,0.384,42,errand,home,20:45,-1.25,0.0
0.306,0.486,74,personal,store,,-1,67.9
0.256,0.77,81,study,cafe,09:00,-7.0,0.0
0.705,0.532,61,work,cafe,21:18,2.3,78.0
0.602,0.605,21,health,outdoor,16:45,7.75,52.7
0.13,0.992,34,errand,outdoor,,-1,58.7
0.567,0.773,113,study,cafe,,-1,134.8
0.647,0.194,60,social,home,,-1,58.9
0.476,0.078,38,personal,store,,-1,37.2
0.029,0.516,25,errand,outdoor,08:30,-10.5,0.0
0.388,0.709,74,study,cafe,,-1,86.5
0.264,0.52,58,personal,cafe,,-1,62.1
0.673,0.571,27,errand,store,,-1,30.8
0.303,0.153,33,personal,home,,-1,20.1
0.322,0.707,75,personal,home,10:15,4.25,57.6
0.054,0.542,36,personal,cafe,,-1,34.3
0.206,0.568,22,errand,store,11:30,-3.5,0.0
0.435,0.516,61,work,office,,-1,80.6
0.372,0.357,24,personal,store,,-1,36.2
0.3,0.475,40,personal,cafe,21:15,13.25,45.6
0.298,0.458,85,study,cafe,,-1,96.2
0.611,1.0,45,personal,cafe,,-1,60.8
0.296,0.411,36,personal,cafe,,-1,39.2
0.41,1.0,24,health,home,,-1,35.7
0.313,0.677,49,health,home,11:18,-7.7,0.0
0.457,0.67,79,personal,cafe,,-1,83.8
0.457,0.685,70,work,cafe,14:15,4.25,83.7
0.647,0.616,20,health,home,14:45,-7.25,0.0
0.341,0.103,41,personal,cafe,,-1,42.3
0.2,0.415,49,personal,store,20:00,0.0,0.0
0.793,0.841,21,health,home,08:45,-7.25,0.0
0.595,0.329,73,work,home,,-1,79.6
0.452,0.711,38,study,office,,-1,55.4
0.962,0.447,105,work,home,,-1,153.8
0.526,0.601,20,health,gym,,-1,42.0
0.796,0.518,49,work,home,,-1,56.2
0.383,0.583,65,study,cafe,11:45,2.75,82.1
0.167,0.776,89,work,home,20:45,11.75,94.1
0.623,0.537,94,social,cafe,,-1,105.7
0.7,0.879,35,health,gym,17:00,4.0,69.2
0.477,0.599,20,health,outdoor,10:00,-2.0,0.0
0.571,0.36,96,work,cafe,,-1,106.2
0.792,0.832,98,work,office,13:15,3.25,149.9
0.665,0.608,58,work,office,,-1,80.2
0.221,0.287,33,personal,cafe,,-1,34.6
0.195,0.425,112,study,home,09:00,-2.0,0.0
0.508,0.171,179,social,home,,-1,181.0
0.134,0.646,66,study,office,22:45,7.75,71.9
0.533,0.503,23,errand,store,,-1,33.0
0.025,0.691,20,errand,home,10:18,-1.7,0.0
0.214,0.369,120,social,outdoor,19:30,6.5,146.3
0.446,0.485,37,personal,store,,-1,39.2
0.497,0.848,61,work,home,,-1,71.4
0.261,0.315,71,personal,cafe,08:18,-12.7,0.0
0.415,0.44,176,social,home,,-1,179.2
0.625,0.708,87,work,home,23:18,15.3,96.3
0.41,0.55,53,study,office,09:00,2.0,71.7
0.575,0.617,62,social,outdoor,,-1,93.2
0.29,0.613,51,health,gym,18:15,8.25,72.6
0.604,0.585,45,health,outdoor,,-1,76.0
0.459,0.368,69,social,home,,-1,63.7
0.378,0.208,63,personal,store,20:00,5.0,60.0
0.521,0.385,66,personal,store,18:18,6.3,63.8
0.328,0.162,90,personal,store,,-1,79.3
0.545,0.0,99,social,cafe,12:00,-1.0,90.9
0.69,0.862,36,health,gym,,-1,74.1
0.057,0.467,63,personal,cafe,19:30,3.5,55.1
0.632,0.802,74,work,home,10:15,-11.75,0.0
0.115,0.435,72,personal,store,08:18,-0.7,0.0
0.66,0.579,112,social,cafe,20:18,0.3,0.0
0.526,0.197,39,personal,cafe,,-1,43.9
0.393,0.497,48,work,office,,-1,67.2
0.657,0.787,63,work,office,,-1,90.4
0.069,0.706,40,errand,store,,-1,40.5
0.0,0.642,70,personal,cafe,08:30,1.5,54.7
0.272,0.422,25,errand,store,,-1,29.4
0.414,0.33,20,errand,home,,-1,17.9
0.758,0.682,66,personal,cafe,19:45,-2.25,0.0
0.75,0.592,78,study,cafe,09:15,-3.75,0.0
0.03,0.594,18,errand,home,21:00,10.0,11.7
0.511,0.591,79,personal,store,,-1,79.0
0.567,0.572,82,work,cafe,17:15,2.25,100.6
0.07,0.232,66,personal,store,19:30,7.5,53.4
0.549,0.513,15,errand,home,15:00,-4.0,0.0
0.649,0.517,54,study,cafe,19:15,0.25,0.0
0.196,0.948,66,study,cafe,20:15,11.25,81.9
0.366,0.904,101,work,home,13:15,-0.75,0.0
0.564,0.32,41,health,gym,20:00,3.0,72.7
0.056,0.088,51,personal,cafe,,-1,48.1
0.247,0.286,21,errand,home,,-1,15.1
0.336,0.19,25,errand,home,,-1,23.3
0.511,0.372,27,health,gym,,-1,53.5
0.224,0.281,13,errand,home,,-1,11.6
0.298,0.453,114,work,home,19:15,4.25,125.1
0.111,0.372,61,personal,cafe,12:45,-0.25,0.0
0.35,0.348,149,social,cafe,,-1,153.8
0.0,0.596,37,errand,outdoor,19:15,7.25,57.3
0.693,0.127,16,errand,outdoor,,-1,39.9
0.736,0.667,119,study,cafe,,-1,158.6
0.703,0.268,46,study,home,,-1,51.7
0.404,0.284,112,social,home,16:45,-3.25,0.0
0.596,0.636,91,study,home,,-1,95.1
0.318,0.272,16,errand,outdoor,,-1,32.9
0.534,0.106,52,work,cafe,10:45,-1.25,0.0
0.527,0.699,68,social,outdoor,,-1,93.0
0.563,0.183,118,work,home,19:18,5.3,120.7
0.537,0.566,34,errand,outdoor,22:30,2.5,54.0
0.969,0.621,55,health,outdoor,,-1,118.3
0.454,0.307,18,errand,home,10:18,3.3,18.3
0.503,0.173,144,social,outdoor,,-1,160.3
0.171,0.481,22,personal,home,,-1,16.8
0.643,0.595,39,work,cafe,,-1,55.1
0.535,0.313,103,study,cafe,09:18,-7.7,0.0
0.014,0.693,10,errand,outdoor,,-1,31.9
0.505,0.328,125,social,home,,-1,125.0
0.454,0.423,47,study,home,,-1,54.0
0.324,0.25,58,personal,cafe,,-1,58.3
0.663,0.564,164,social,home,,-1,175.1
0.227,0.572,98,social,cafe,,-1,108.0
0.368,0.611,74,study,office,17:18,11.3,96.0
0.695,0.566,37,study,office,,-1,60.8
0.566,0.613,57,health,home,,-1,64.0
0.617,0.576,51,personal,home,08:18,-4.7,0.0
0.432,0.669,36,work,home,,-1,43.0
0.59,0.342,93,work,home,18:18,-0.7,0.0
0.783,0.679,20,health,gym,,-1,46.4
0.054,0.31,76,personal,store,20:18,14.3,60.6
0.914,0.689,57,work,home,,-1,81.7
0.219,0.588,72,work,cafe,,-1,77.5
0.348,0.647,83,personal,cafe,,-1,79.3
0.128,0.454,30,errand,home,,-1,22.1
0.442,0.562,175,social,home,08:15,0.25,0.0
0.224,0.369,86,work,cafe,14:45,-3.25,0.0
0.564,0.816,106,work,office,,-1,133.0
0.679,0.462,86,personal,cafe,09:45,-5.25,0.0
0.539,0.307,29,errand,outdoor,,-1,52.8
0.893,0.478,99,work,cafe,,-1,141.2
0.528,0.351,52,personal,cafe,21:30,-0.5,0.0
0.631,0.756,49,health,gym,09:18,-12.7,0.0
0.424,0.787,26,errand,store,,-1,36.0
0.549,0.393,88,social,outdoor,,-1,116.9
0.618,0.416,88,personal,home,14:45,5.75,77.0
0.308,0.834,103,work,home,12:18,3.3,119.8
0.306,0.831,21,personal,store,08:45,-2.25,0.0
0.42,0.431,46,personal,home,18:18,-1.7,0.0
0.454,0.494,33,study,cafe,,-1,47.7
0.549,0.372,86,work,cafe,,-1,104.8
0.691,0.339,46,health,gym,15:30,1.5,82.4
0.02,0.382,75,study,cafe,,-1,74.2
0.333,0.367,48,work,home,17:00,-5.0,0.0
0.551,0.591,37,health,home,22:00,15.0,38.6
0.014,0.274,24,health,home,,-1,17.9
0.343,0.402,33,study,home,09:30,2.5,30.2
0.232,0.647,67,personal,cafe,,-1,60.4
0.595,0.391,28,errand,outdoor,21:18,14.3,48.4
0.802,0.396,79,work,home,17:15,11.25,106.5
0.254,0.271,17,personal,home,17:00,6.0,12.7
0.756,0.668,68,study,home,16:18,2.3,89.5
0.748,0.382,93,study,home,17:45,6.75,112.8
0.364,0.493,76,social,outdoor,22:45,0.75,75.8
0.432,0.0,18,errand,store,15:45,-2.25,0.0
0.691,0.182,35,work,office,,-1,55.7
0.78,0.404,34,health,outdoor,,-1,66.9
0.75,0.528,67,work,cafe,12:45,-7.25,0.0
0.713,0.758,57,health,gym,,-1,95.8
0.459,0.485,29,personal,store,,-1,35.8
0.449,0.684,88,work,home,14:45,1.75,97.8
0.25,1.0,93,study,cafe,20:45,-0.25,0.0
0.115,0.21,35,errand,home,21:15,15.25,26.8
0.226,0.607,36,health,gym,14:30,-6.5,0.0
0.318,0.953,42,work,cafe,19:18,-2.7,0.0
0.597,0.425,56,study,home,,-1,61.4
0.464,0.561,29,errand,outdoor,,-1,54.1
0.28,0.296,26,personal,cafe,20:00,9.0,33.1
0.254,0.03,142,social,cafe,21:15,0.25,0.0
0.134,0.389,28,personal,cafe,11:00,0.0,0.0
0.224,0.612,26,errand,store,,-1,28.8
0.448,0.388,140,social,cafe,,-1,153.8
0.703,0.636,28,errand,outdoor,,-1,51.3
0.649,0.397,107,work,office,,-1,134.6
0.536,0.561,67,work,office,17:45,0.75,72.2
0.652,0.554,30,work,office,17:15,0.25,34.8
0.781,0.586,63,work,office,,-1,96.0
0.644,0.318,74,personal,cafe,08:18,-1.7,0.0
0.385,0.754,24,health,gym,18:45,-3.25,0.0
0.548,0.362,108,study,cafe,21:18,15.3,119.5
0.419,0.668,90,work,cafe,15:45,2.75,108.2
0.383,0.394,72,study,cafe,,-1,77.0
0.189,0.646,24,personal,store,15:30,3.5,34.1
0.664,0.657,62,work,cafe,,-1,87.8
0.558,0.229,72,personal,home,14:45,1.75,59.9
0.356,0.568,111,study,cafe,,-1,120.4
0.462,0.882,20,health,home,20:15,5.25,33.1
0.364,0.772,60,personal,home,08:15,-3.75,0.0
0.385,0.38,50,personal,cafe,,-1,55.5
0.296,0.221,33,errand,home,,-1,32.1
0.258,0.494,117,social,home,,-1,110.3
0.579,0.648,101,work,cafe,,-1,113.9
0.554,0.912,55,work,office,17:18,8.3,84.6
0.332,0.473,136,social,home,,-1,120.1
0.291,0.969,100,work,home,,-1,122.7
0.471,0.389,67,work,cafe,,-1,81.7
0.763,0.637,112,work,cafe,,-1,144.4
0.151,0.345,16,errand,home,12:15,3.25,7.0
0.1,0.217,43,personal,home,,-1,30.9
0.585,0.854,38,work,cafe,16:15,4.25,58.2
0.447,0.303,105,work,home,,-1,108.8
0.409,0.344,79,personal,cafe,20:00,11.0,77.2
0.349,0.392,57,study,cafe,,-1,64.1
0.463,0.791,58,work,home,12:45,-7.25,0.0
0.817,0.849,33,study,cafe,12:15,2.25,57.5
0.603,0.032,86,personal,cafe,13:18,-7.7,0.0
0.48,0.299,170,social,cafe,,-1,187.5
0.46,0.635,80,work,cafe,09:45,-6.25,0.0
0.484,0.764,11,errand,home,12:45,-5.25,0.0
0.614,0.648,38,study,office,18:00,12.0,54.7
0.541,0.654,67,study,cafe,17:30,8.5,81.0
0.797,0.778,58,work,office,,-1,85.4
0.126,0.394,58,health,gym,21:18,11.3,74.8
0.522,0.486,50,work,cafe,,-1,59.3
0.904,0.786,32,health,gym,18:30,-0.5,0.0
0.638,0.512,44,health,gym,,-1,73.4
0.49,0.09,14,errand,store,,-1,17.9
0.0,0.415,13,errand,outdoor,,-1,29.4
0.577,0.538,36,errand,store,11:00,-9.0,0.0
0.0,0.526,40,errand,store,20:45,-1.25,0.0
0.379,0.573,77,study,cafe,14:18,0.3,0.0
0.523,0.355,101,study,office,,-1,119.5
0.98,0.349,84,work,office,,-1,138.7
0.432,0.315,79,social,outdoor,10:00,-3.0,0.0
0.517,0.408,17,errand,home,,-1,10.4
0.671,0.538,119,social,cafe,,-1,138.4
0.613,0.56,32,errand,outdoor,,-1,48.8
0.363,0.31,49,personal,home,13:00,6.0,37.3
0.138,0.084,20,errand,store,,-1,25.1
0.57,0.597,114,work,cafe,,-1,116.4
0.745,0.591,38,personal,store,,-1,48.4
0.324,0.559,98,work,office,08:30,-2.5,0.0
0.339,0.358,99,work,cafe,16:15,0.25,0.0
0.723,0.514,53,work,cafe,,-1,79.9
0.286,0.7,29,errand,store,16:18,-3.7,0.0
0.61,0.558,51,health,gym,10:30,-2.5,0.0
0.436,0.002,69,social,cafe,,-1,65.6
0.545,0.65,45,personal,home,11:00,-4.0,0.0
0.0,0.236,53,personal,store,11:30,0.5,26.5
0.522,0.753,14,errand,home,19:15,12.25,18.1
0.575,0.999,61,work,home,,-1,84.6
0.684,0.44,62,personal,store,,-1,65.6
0.638,0.49,51,health,outdoor,15:15,7.25,81.7
0.877,0.386,111,study,office,17:45,3.75,169.2
0.263,0.403,176,social,home,,-1,157.8
0.288,0.416,22,personal,home,15:18,0.3,17.4
0.333,0.402,12,errand,outdoor,11:18,4.3,30.5
0.65,0.11,13,errand,home,21:45,-0.25,0.0
0.85,0.692,117,work,cafe,,-1,167.1
0.8,0.759,101,work,cafe,,-1,157.2
0.234,0.251,177,social,home,,-1,169.1
0.4,0.322,77,social,cafe,16:15,-3.75,0.0
0.755,0.528,80,study,cafe,12:18,3.3,107.7
0.456,0.436,63,work,cafe,13:30,4.5,72.7
0.526,0.244,105,work,office,08:15,-12.75,0.0
0.551,0.232,42,errand,home,19:18,-2.7,0.0
0.116,0.245,62,personal,home,,-1,42.8
0.468,0.41,59,personal,store,,-1,70.3
0.604,0.452,101,work,cafe,,-1,119.4
0.239,0.212,84,personal,cafe,,-1,75.6
0.34,0.752,59,work,home,,-1,62.9
0.812,0.533,107,study,home,13:15,-5.75,0.0
0.614,0.348,83,work,home,,-1,95.8
0.343,0.413,98,study,home,18:15,2.25,103.7
0.698,0.863,57,health,home,,-1,78.3
0.211,0.58,116,study,office,,-1,128.1
0.0,0.368,52,personal,home,,-1,35.6
0.611,0.384,120,work,cafe,12:30,-6.5,0.0
0.616,0.296,71,social,home,,-1,71.1
0.399,0.488,49,study,cafe,11:18,-1.7,0.0
0.394,0.51,41,errand,outdoor,,-1,62.3
0.129,0.369,32,errand,store,17:00,-5.0,0.0
0.892,0.54,67,study,office,23:30,2.5,108.1
0.0,0.556,65,personal,cafe,21:18,1.3,58.1
0.199,0.314,110,work,cafe,,-1,113.3
0.445,0.623,43,health,home,12:30,-0.5,0.0
0.182,0.274,37,errand,outdoor,21:18,14.3,54.6
0.522,0.6,40,errand,home,22:00,11.0,35.5
0.567,0.179,33,health,outdoor,14:15,-6.75,0.0
0.496,0.544,75,personal,store,17:00,-1.0,74.3
0.603,0.282,29,health,outdoor,,-1,62.3
0.115,0.471,72,study,office,19:18,3.3,77.5
0.447,0.026,26,personal,store,19:30,3.5,31.2
0.724,0.644,49,health,outdoor,,-1,79.8
0.227,0.371,24,errand,outdoor,,-1,45.4
0.141,0.887,113,work,home,,-1,117.1
0.285,0.475,69,personal,cafe,15:15,0.25,0.0
0.54,0.731,43,study,cafe,13:30,2.5,55.0
0.488,0.328,83,work,home,,-1,86.9
0.0,0.428,89,study,office,,-1,82.0
0.278,0.481,55,personal,cafe,17:45,-3.25,0.0
0.859,0.516,55,study,cafe,,-1,82.3
0.183,0.448,19,errand,outdoor,12:18,-6.7,0.0
0.218,0.176,20,personal,cafe,,-1,21.7
0.502,0.552,111,study,home,09:45,-1.25,0.0
0.499,0.199,76,social,cafe,11:18,0.3,0.0
0.495,0.508,59,health,gym,,-1,84.3
0.43,0.256,86,personal,store,,-1,86.3
0.741,0.569,31,work,cafe,13:00,-4.0,0.0
0.302,0.226,129,social,outdoor,22:15,9.25,150.4
0.495,0.497,147,social,cafe,,-1,166.4
0.221,0.436,95,study,office,13:18,4.3,98.3
0.666,0.587,97,study,home,,-1,106.2
0.532,0.578,52,study,cafe,,-1,68.1
0.311,0.527,34,errand,home,,-1,34.4
0.441,0.831,32,work,home,20:30,1.5,40.1
0.769,0.804,35,work,home,,-1,46.6
0.113,0.336,30,errand,store,18:45,-1.25,0.0
0.661,0.529,48,study,home,23:00,7.0,51.1
0.364,0.445,66,social,outdoor,09:18,-8.7,0.0
0.542,0.156,78,personal,store,,-1,67.6
0.289,0.066,30,errand,store,15:30,8.5,30.8
0.462,0.991,22,health,gym,,-1,47.8
0.235,0.049,173,social,cafe,15:18,8.3,154.7
0.276,0.667,22,personal,store,,-1,21.4
0.27,0.551,80,social,outdoor,22:00,14.0,96.1
0.13,0.499,59,personal,cafe,,-1,52.8
0.488,0.373,64,work,office,17:00,-4.0,0.0
0.245,0.53,89,work,home,19:30,6.5,89.9
0.457,0.487,49,work,cafe,,-1,60.3
0.603,0.372,115,work,cafe,,-1,140.7
0.334,0.513,47,personal,store,,-1,50.3
0.468,0.857,30,health,outdoor,,-1,62.3
0.213,0.375,27,errand,outdoor,17:30,-4.5,0.0
0.31,0.523,35,errand,outdoor,,-1,54.4
0.197,0.794,42,personal,home,,-1,41.5
0.779,0.289,51,work,office,23:15,10.25,77.8
0.558,0.606,61,study,home,,-1,64.2
0.584,0.46,107,work,home,19:15,2.25,110.5
0.431,0.906,112,work,cafe,,-1,148.9
0.481,0.349,68,personal,cafe,,-1,72.9
0.532,0.915,30,work,office,,-1,52.6
0.404,0.782,87,study,home,,-1,100.4
0.214,0.433,113,study,cafe,18:45,0.75,0.0
0.761,0.705,72,study,cafe,11:00,-8.0,0.0
0.66,0.42,32,work,office,,-1,52.7
0.379,0.137,159,social,cafe,,-1,143.6
0.276,0.351,66,social,outdoor,11:30,2.5,84.4
0.38,0.189,26,errand,store,,-1,26.9
0.762,0.781,99,work,office,13:45,-2.25,0.0
0.52,0.493,114,study,office,23:45,5.75,130.3
0.475,0.333,37,personal,cafe,,-1,44.2
0.135,0.26,26,personal,home,15:15,1.25,23.0
0.295,0.524,101,social,home,23:18,7.3,92.3
0.091,0.579,45,personal,store,,-1,42.0
0.388,0.79,38,health,outdoor,,-1,66.3
0.772,0.276,49,work,office,,-1,79.4
0.548,0.56,16,errand,outdoor,,-1,42.6
0.655,0.273,57,personal,store,10:00,-7.0,0.0
0.867,0.518,109,work,home,08:00,-14.0,0.0
0.411,0.754,20,health,gym,15:30,8.5,42.5
1.0,0.565,119,work,cafe,,-1,201.9
0.701,0.959,98,work,office,,-1,156.3
0.898,0.744,35,health,gym,,-1,79.0
0.305,0.383,26,errand,store,,-1,28.1
0.26,0.886,40,personal,cafe,,-1,48.0
0.358,0.149,59,work,cafe,23:45,1.75,62.2
0.805,0.884,45,work,cafe,12:45,-9.25,0.0
1.0,1.0,59,health,gym,18:15,2.25,133.5
0.708,0.298,72,study,home,13:45,5.75,85.1
0.538,0.682,65,personal,store,19:30,13.5,61.2
0.493,0.749,55,study,home,,-1,62.6
0.719,0.741,22,health,gym,19:30,3.5,51.9
0.277,0.37,97,study,home,,-1,84.1
0.331,0.438,112,study,office,,-1,122.6
0.308,0.411,85,personal,store,,-1,90.4
0.0,0.227,51,personal,store,14:15,8.25,40.5
0.562,0.314,58,study,cafe,22:45,7.75,69.7
0.826,0.527,57,health,gym,16:15,9.25,98.6
0.598,0.545,42,work,home,23:00,9.0,42.4
0.425,0.446,26,health,outdoor,,-1,53.5
0.84,0.732,68,work,cafe,,-1,97.4
0.744,1.0,62,work,office,09:30,-0.5,0.0
0.439,0.473,22,personal,store,23:18,4.3,29.5
0.856,0.831,34,health,outdoor,17:30,1.5,79.0
0.466,0.445,74,social,cafe,12:15,-4.75,0.0
0.348,0.392,175,social,outdoor,,-1,201.5
0.309,0.574,52,personal,home,19:00,8.0,41.9
0.596,0.835,99,study,cafe,,-1,117.4
0.06,0.568,13,errand,outdoor,,-1,31.3
0.547,0.603,51,health,gym,09:15,-6.75,0.0
0.183,0.648,16,personal,home,,-1,10.8
0.717,0.827,120,work,cafe,,-1,166.6
0.531,0.76,105,study,office,,-1,134.8
0.398,0.284,77,personal,store,,-1,76.0
0.609,0.2,40,personal,cafe,,-1,50.1
0.53,0.735,106,work,office,,-1,123.9
0.12,0.341,52,personal,home,23:18,10.3,41.5
0.286,0.687,80,work,home,,-1,80.1
0.117,0.267,29,personal,store,23:15,17.25,28.8
0.494,0.143,68,social,home,12:15,1.25,64.4
0.663,0.077,47,work,office,23:30,3.5,56.9
0.276,0.628,56,work,cafe,11:18,-4.7,0.0
0.758,0.797,80,work,office,22:45,15.75,118.0
0.293,0.951,49,work,cafe,16:00,7.0,69.4
0.55,0.547,57,work,office,12:00,4.0,77.9
0.641,0.694,105,work,office,,-1,137.1
0.167,0.812,149,social,outdoor,,-1,153.4
0.275,0.137,44,errand,store,21:15,14.25,43.2
0.573,0.529,77,personal,store,14:45,-3.25,0.0
0.439,0.233,37,personal,store,,-1,44.4
0.38,0.743,40,study,office,10:45,-11.25,0.0
0.461,0.688,39,errand,home,19:45,11.75,34.9
0.62,0.674,22,health,gym,,-1,45.3
0.937,0.323,133,social,cafe,,-1,183.2
0.74,0.57,47,study,office,13:30,-8.5,0.0
0.309,0.386,19,errand,home,09:15,3.25,12.1
0.0,0.545,106,study,cafe,,-1,101.1
0.6,0.395,68,social,home,,-1,73.0
0.211,0.531,64,work,home,13:45,-6.25,0.0
0.498,0.496,44,work,office,,-1,63.4
0.645,0.692,94,study,cafe,10:18,-9.7,0.0
0.492,0.137,70,personal,home,,-1,60.8
0.149,0.523,94,study,cafe,10:45,3.75,87.8
0.497,0.294,26,errand,home,19:15,3.25,29.5
0.137,0.467,65,personal,store,20:18,4.3,55.4
0.723,0.193,73,personal,home,,-1,66.7
0.606,0.495,60,social,cafe,,-1,72.6
0.436,0.357,38,errand,store,09:00,2.0,52.4
0.854,0.681,63,work,cafe,14:18,-2.7,0.0
0.455,0.667,116,study,home,,-1,114.9
0.306,0.602,29,errand,home,,-1,23.9
0.524,0.305,31,errand,outdoor,,-1,54.3
0.43,0.763,62,study,office,19:30,3.5,85.5
0.704,0.458,47,work,home,,-1,55.2
0.194,0.293,53,personal,home,,-1,43.4
0.388,0.554,79,work,office,,-1,95.2
0.694,0.431,32,health,gym,,-1,56.8
0.811,0.618,65,work,home,10:18,-11.7,0.0
0.938,0.65,70,study,office,,-1,111.9
0.635,0.574,47,health,gym,10:18,-5.7,0.0
0.473,0.685,38,health,home,13:45,-0.25,0.0
0.8,0.505,76,study,office,,-1,110.5
0.253,0.403,106,study,home,,-1,107.9
0.195,0.658,119,work,home,10:15,-1.75,0.0
0.672,0.208,49,study,home,13:15,-7.75,0.0
0.759,0.786,55,health,gym,,-1,94.2
0.419,0.797,74,study,cafe,,-1,96.0
0.474,0.822,87,social,home,,-1,94.6
0.672,0.571,133,social,cafe,,-1,156.8
0.411,0.429,34,health,home,19:45,-2.25,0.0
0.74,0.406,22,personal,cafe,,-1,32.7
0.265,0.559,36,personal,store,,-1,39.6
0.526,0.491,74,work,office,,-1,98.3
0.143,0.021,69,social,home,11:18,2.3,51.9
0.241,0.387,160,social,cafe,,-1,160.0
0.735,0.668,82,work,cafe,23:18,9.3,114.3
0.547,0.657,73,study,home,,-1,70.5
0.094,0.333,89,personal,store,15:18,9.3,78.1
0.374,0.168,36,study,cafe,09:30,0.5,37.9
0.22,0.506,75,personal,home,09:15,3.25,59.1
0.617,0.479,36,health,home,11:45,4.75,43.1
0.83,0.812,59,work,cafe,,-1,94.1
0.83,0.859,97,work,home,,-1,144.9
0.362,0.512,108,work,home,,-1,105.6
0.746,1.0,82,work,cafe,,-1,141.7
0.224,0.584,52,personal,cafe,,-1,55.8
0.0,0.622,13,errand,home,,-1,11.7
0.815,0.629,30,health,outdoor,12:00,-2.0,0.0
0.458,0.851,113,study,office,,-1,141.9
0.612,0.418,105,work,home,21:15,14.25,122.2
0.393,0.405,10,errand,outdoor,08:00,-9.0,0.0
0.092,0.345,114,social,cafe,13:00,-7.0,0.0
0.486,0.192,105,work,office,,-1,127.6
0.219,0.217,63,study,home,,-1,55.6
0.701,0.685,70,work,home,21:15,13.25,81.8
0.347,0.45,40,errand,home,22:15,4.25,39.5
0.004,0.358,82,personal,store,21:30,5.5,68.2
0.354,0.605,112,study,office,,-1,127.9
0.513,0.451,79,personal,store,,-1,77.9
0.568,0.26,99,study,home,,-1,102.8
0.114,0.886,29,personal,home,,-1,24.5
0.426,0.304,79,study,home,,-1,75.0
0.0,0.29,35,errand,home,14:45,-2.25,0.0
0.667,0.475,88,work,cafe,,-1,112.0
0.106,0.548,89,study,office,,-1,94.4
0.262,0.138,174,social,outdoor,,-1,169.3
0.131,0.352,64,personal,cafe,16:00,8.0,56.3
0.316,0.474,65,personal,store,15:00,0.0,0.0
0.21,0.714,77,work,home,,-1,67.7
0.444,0.38,21,personal,store,19:00,3.0,31.2
0.554,0.581,34,errand,store,,-1,45.1
0.573,0.758,52,work,office,,-1,71.2
0.583,0.79,88,personal,home,,-1,82.7
0.487,0.636,90,work,cafe,16:18,4.3,113.1
0.212,0.601,140,social,outdoor,08:30,1.5,130.8
0.594,0.269,21,errand,outdoor,,-1,44.8
0.274,0.287,39,personal,cafe,22:30,3.5,39.1
0.666,0.633,80,work,cafe,,-1,95.3
0.496,0.933,30,health,outdoor,15:30,-3.5,0.0
0.308,0.807,73,work,home,10:45,1.75,84.2
0.673,0.623,43,health,outdoor,,-1,78.7
0.115,0.337,21,personal,store,18:00,6.0,25.6
0.672,0.878,32,health,home,20:45,10.75,43.6
0.525,0.648,108,work,cafe,,-1,121.7
0.505,0.188,56,personal,home,,-1,47.0
0.326,0.137,61,study,cafe,,-1,67.5
0.567,0.328,97,social,outdoor,,-1,122.8
0.0,0.636,26,errand,outdoor,08:45,-13.25,0.0
0.449,0.302,82,personal,home,18:18,3.3,65.7
0.149,0.426,31,personal,home,14:18,3.3,21.4
0.828,1.0,44,health,home,08:18,-11.7,0.0
0.462,0.544,29,personal,store,,-1,39.0
0.187,0.282,138,social,outdoor,,-1,145.5
0.6,0.686,42,work,cafe,16:15,2.25,60.9
0.435,0.582,31,study,cafe,,-1,41.8
0.202,0.863,43,errand,store,,-1,51.6
0.812,0.314,51,work,office,20:15,-1.75,0.0
0.432,0.892,36,errand,home,15:15,2.25,40.7
0.433,0.305,104,social,home,,-1,104.9
0.364,0.471,41,study,cafe,12:18,-3.7,0.0
0.246,0.745,50,health,gym,09:00,-6.0,0.0
0.706,0.494,20,health,outdoor,19:18,7.3,49.9
0.759,0.748,66,work,cafe,13:15,-0.75,0.0
0.574,0.537,72,study,office,,-1,93.2
0.477,1.0,117,study,cafe,13:15,-1.75,0.0
0.464,0.595,87,personal,cafe,18:00,8.0,88.0
0.624,0.855,112,work,cafe,16:00,9.0,141.6
0.64,0.162,110,social,home,,-1,117.8
0.373,0.726,26,health,home,18:45,4.75,29.8
0.657,0.248,103,work,home,,-1,120.3
0.359,0.18,17,errand,store,,-1,27.5
0.459,0.565,46,study,cafe,23:00,9.0,54.7
0.469,0.673,58,study,home,,-1,63.6
0.711,0.634,33,health,outdoor,,-1,72.6
0.158,0.472,45,errand,outdoor,20:00,4.0,68.0
0.184,0.077,39,errand,home,17:00,3.0,25.3
0.054,0.306,16,errand,outdoor,21:18,9.3,36.9
0.48,0.203,50,personal,home,23:30,6.5,40.2
0.674,0.321,105,social,outdoor,20:45,-1.25,0.0
0.358,0.593,44,errand,outdoor,,-1,65.9
0.373,0.393,18,errand,outdoor,,-1,41.6
0.432,0.749,53,work,cafe,23:30,14.5,62.6
0.415,0.475,27,personal,home,10:45,-8.25,0.0
0.228,0.051,11,errand,outdoor,12:00,-7.0,0.0
0.757,0.529,57,work,home,,-1,73.8
0.039,0.459,44,personal,home,,-1,22.8
0.728,0.12,106,study,office,21:00,-1.0,142.2
0.684,0.495,111,study,office,,-1,150.5
0.172,0.542,22,errand,outdoor,,-1,44.6
0.697,0.893,33,health,outdoor,18:00,6.0,73.7
0.129,0.247,79,study,home,,-1,67.1
0.37,0.389,86,personal,store,,-1,89.3
0.481,0.392,154,social,home,,-1,164.9
0.067,0.035,83,social,outdoor,17:45,9.75,81.5
0.428,0.672,53,personal,cafe,,-1,59.9
0.409,0.481,50,personal,cafe,12:15,1.25,51.9
0.362,0.435,58,personal,home,12:45,-4.25,0.0
0.336,0.683,36,errand,outdoor,,-1,58.0
0.592,0.829,77,work,office,,-1,105.9
0.261,0.327,17,personal,store,,-1,17.0
0.299,0.421,175,social,home,,-1,173.7
0.474,0.412,65,social,outdoor,,-1,101.3
0.425,0.384,120,study,cafe,,-1,135.5
0.466,0.476,80,work,home,,-1,80.8
0.287,0.416,44,work,office,,-1,56.1
0.549,0.735,38,health,gym,14:30,-3.5,0.0
0.431,0.35,165,social,outdoor,,-1,186.0
0.522,0.203,97,social,home,,-1,100.4
0.723,0.598,35,health,home,,-1,46.0
0.528,0.4,109,study,cafe,,-1,131.2
0.408,1.0,112,work,office,16:15,10.25,163.6
0.868,0.72,86,work,office,,-1,137.2
0.084,0.551,41,personal,cafe,18:15,12.25,39.1
0.337,0.514,53,personal,cafe,,-1,55.9
0.014,0.493,58,personal,store,,-1,48.9
0.558,0.448,40,health,home,20:45,3.75,49.7
0.596,0.621,35,health,outdoor,,-1,57.9
0.345,0.437,73,work,cafe,19:30,13.5,85.3
0.228,0.75,84,work,home,18:00,6.0,83.6
0.525,0.428,34,health,gym,,-1,64.6
0.461,0.386,115,work,home,,-1,113.0
0.779,0.463,106,study,cafe,09:00,-7.0,0.0
0.384,0.636,109,work,office,11:15,-2.75,0.0
0.493,0.381,34,errand,outdoor,,-1,57.7
0.368,0.396,135,social,home,18:00,1.0,105.9
0.611,0.614,87,work,cafe,,-1,104.9
0.383,0.822,16,errand,outdoor,10:00,-1.0,42.7
0.12,0.555,41,study,cafe,10:18,-7.7,0.0
0.217,0.542,24,personal,home,,-1,20.5
0.161,0.039,80,personal,cafe,18:45,-0.25,0.0
0.238,0.351,93,study,office,11:18,4.3,106.4
0.0,0.139,30,errand,store,14:18,2.3,24.8
0.692,0.729,75,work,home,21:45,2.75,93.5
0.355,0.381,97,work,home,,-1,105.0
0.648,0.845,45,health,home,16:18,-5.7,0.0
0.229,0.452,30,health,outdoor,10:15,-2.75,0.0
0.682,0.508,32,study,home,,-1,31.4
0.203,0.189,89,personal,store,08:30,-13.5,0.0
0.627,0.709,48,health,gym,,-1,78.1
0.324,0.265,12,errand,store,,-1,22.7
0.532,0.65,109,work,home,,-1,121.8
0.282,0.254,36,errand,outdoor,,-1,55.0
1.0,0.411,78,work,cafe,,-1,123.3
0.226,0.46,21,personal,home,,-1,20.2
0.949,0.612,105,work,cafe,,-1,157.3
0.607,0.414,124,social,cafe,18:18,4.3,136.1
0.185,0.253,66,personal,cafe,12:00,-7.0,0.0
0.669,0.557,26,health,outdoor,,-1,52.0
0.385,0.203,30,work,cafe,,-1,40.2
0.886,0.593,115,work,home,,-1,154.7
0.565,0.488,50,study,home,,-1,53.5
0.579,0.36,79,personal,store,18:15,-3.75,0.0
0.267,0.161,40,personal,cafe,21:15,11.25,42.7
0.522,0.077,136,social,cafe,13:18,-4.7,0.0
0.45,0.365,31,personal,home,13:15,-0.75,0.0
0.755,0.252,81,work,office,,-1,113.5
0.0,0.585,86,personal,store,,-1,62.8
0.521,0.514,54,work,home,11:00,-8.0,0.0
0.159,0.361,13,errand,store,23:45,6.75,19.0
0.493,0.276,61,social,outdoor,,-1,82.9
0.61,0.681,68,work,home,17:45,6.75,67.8
0.157,0.408,53,study,cafe,23:15,3.25,56.5
0.43,0.913,74,personal,home,,-1,75.2
0.755,0.017,131,social,outdoor,,-1,142.3
0.583,0.676,69,work,office,,-1,89.1
0.079,0.317,27,personal,cafe,,-1,28.6
0.476,0.598,108,work,home,,-1,116.2
0.051,0.511,111,study,cafe,,-1,106.4
0.251,0.323,153,social,cafe,19:18,-1.7,0.0
0.629,0.417,43,errand,home,,-1,44.7
0.297,0.444,15,errand,store,17:30,4.5,19.9
0.033,0.172,44,errand,store,10:00,-4.0,0.0
0.405,0.78,61,personal,cafe,21:18,8.3,69.1
0.638,0.685,44,work,home,,-1,56.9
0.435,0.424,52,study,cafe,,-1,71.8
0.475,0.865,55,health,outdoor,,-1,98.7
0.657,0.693,51,study,office,,-1,71.8
0.236,0.544,38,errand,store,,-1,40.4
0.453,0.195,82,personal,store,,-1,69.3
0.307,0.514,92,social,home,17:00,-3.0,0.0
0.252,0.305,12,errand,outdoor,,-1,33.8
0.284,0.206,69,personal,cafe,,-1,65.4
0.203,0.814,81,work,home,,-1,77.1
0.315,0.468,43,study,cafe,,-1,47.7
0.428,0.921,54,work,home,12:18,-6.7,0.0
0.533,0.488,151,social,outdoor,18:00,2.0,156.3
0.737,0.356,94,work,home,,-1,115.1
0.238,0.17,52,personal,cafe,,-1,46.9
0.35,0.681,91,work,office,,-1,109.7
0.585,0.536,95,social,outdoor,,-1,121.8
0.525,0.189,78,social,home,21:45,15.75,72.5
0.793,0.499,54,study,cafe,11:18,-10.7,0.0
0.321,0.135,106,social,home,13:18,-6.7,0.0
0.606,0.367,93,work,cafe,12:45,-5.25,0.0
0.288,0.393,75,personal,cafe,19:15,8.25,71.0
0.425,0.553,53,personal,cafe,18:30,0.5,45.9
0.791,0.651,105,work,office,,-1,142.1
0.811,0.578,20,health,gym,,-1,43.1
0.325,0.228,41,personal,cafe,11:18,4.3,43.2
0.904,0.749,62,study,home,,-1,89.4
0.304,0.708,25,errand,store,08:15,-11.75,0.0
0.474,0.698,42,errand,home,11:00,-3.0,0.0
0.63,0.836,57,study,home,,-1,61.2
1.0,0.698,34,health,gym,,-1,75.0
0.465,0.749,38,health,gym,16:45,-4.25,0.0
0.495,0.702,52,health,home,18:45,3.75,67.1
0.649,0.561,31,health,home,10:00,-8.0,0.0
0.722,0.785,29,health,outdoor,,-1,65.2
0.361,0.548,90,personal,home,,-1,71.2
0.835,0.498,99,work,cafe,,-1,139.6
0.385,0.425,111,work,cafe,,-1,128.5
0.454,0.656,87,work,home,16:45,6.75,91.4
0.884,0.481,71,social,cafe,12:18,-2.7,0.0
0.56,0.0,99,study,home,,-1,99.6
0.0,0.566,121,social,outdoor,,-1,122.2
0.801,0.975,40,health,gym,,-1,84.0
0.0,0.366,51,personal,cafe,13:45,2.75,47.0
0.732,0.622,43,work,office,,-1,67.1
0.564,0.877,31,health,outdoor,,-1,70.8
0.476,0.631,100,work,office,14:45,8.75,127.1
0.681,0.387,31,work,cafe,,-1,46.4
0.61,0.603,38,health,outdoor,,-1,75.3
0.41,0.453,63,personal,store,16:45,3.75,61.6
0.175,0.439,18,errand,outdoor,,-1,34.6
0.914,0.511,48,work,home,,-1,73.4
0.32,0.528,98,work,home,,-1,94.7
0.44,0.517,55,health,outdoor,23:18,4.3,85.7
0.154,0.189,17,errand,store,09:45,-7.25,0.0
0.774,0.432,55,health,gym,21:45,0.75,86.2
0.357,0.436,143,social,outdoor,,-1,167.1
0.526,0.763,106,work,home,23:15,13.25,123.1
0.373,0.616,32,work,cafe,20:30,10.5,44.7
0.403,0.783,104,social,cafe,,-1,128.9
0.362,0.21,10,errand,store,19:30,9.5,20.6
0.751,0.736,93,work,office,11:18,4.3,141.3
0.736,0.263,41,personal,cafe,,-1,53.3
0.179,0.425,119,social,home,,-1,105.3
0.696,0.36,175,social,outdoor,,-1,218.3
0.283,0.448,103,study,home,23:18,1.3,85.6
0.498,0.528,34,personal,store,16:00,-2.0,0.0
0.318,0.424,75,social,cafe,,-1,81.2
0.145,0.141,39,personal,home,18:45,5.75,30.1
0.557,0.464,63,work,home,,-1,60.1
0.351,0.441,91,study,cafe,,-1,100.5
0.559,0.755,103,work,home,,-1,119.7
0.151,0.426,99,work,cafe,,-1,106.5
0.255,0.647,95,work,home,21:00,11.0,99.8
0.606,1.0,59,health,home,,-1,87.5
0.413,0.493,87,work,office,20:15,1.25,94.0
0.27,0.84,56,study,office,,-1,72.2
0.595,0.368,75,work,home,,-1,73.6
0.588,0.773,92,study,office,09:00,-9.0,0.0
0.787,0.565,59,study,cafe,,-1,84.1
0.544,0.6,56,work,office,18:18,-3.7,0.0
0.725,0.3,37,health,outdoor,,-1,72.7
0.505,0.498,17,errand,outdoor,19:00,7.0,41.1
0.284,0.584,32,errand,home,15:15,6.25,20.8
0.451,0.699,22,health,outdoor,10:30,-0.5,0.0
0.672,0.687,43,health,gym,19:00,13.0,74.3
0.171,0.655,17,errand,store,,-1,27.8
0.321,0.504,65,personal,cafe,13:18,1.3,64.2
0.699,0.275,109,study,office,,-1,140.4
0.164,0.776,79,social,cafe,11:15,-0.75,0.0
0.082,0.27,46,personal,cafe,,-1,46.3
0.637,0.612,31,health,outdoor,12:18,-2.7,0.0
0.453,0.276,158,social,home,14:18,-5.7,0.0
0.206,0.64,18,errand,outdoor,12:45,6.75,41.1
0.306,0.264,44,errand,home,16:00,-3.0,0.0
0.382,0.333,105,social,cafe,23:30,3.5,113.7
0.221,0.589,104,study,cafe,,-1,111.0
0.459,0.589,93,study,home,,-1,97.1
0.18,0.01,36,personal,cafe,22:00,12.0,31.7
0.559,0.643,40,health,outdoor,13:45,-5.25,0.0
0.134,0.448,62,personal,cafe,,-1,58.2
0.682,0.242,72,social,home,,-1,70.5
0.535,0.202,50,personal,cafe,15:00,9.0,55.0
0.411,0.71,71,work,cafe,,-1,85.4
0.496,0.397,53,study,home,,-1,49.6
0.0,0.183,57,personal,cafe,20:30,9.5,41.5
0.296,0.741,71,work,cafe,,-1,85.7
0.103,0.244,61,personal,home,,-1,41.1
0.252,0.777,26,errand,store,13:15,-1.75,0.0
0.234,0.443,125,social,outdoor,,-1,150.0
0.576,0.672,91,social,outdoor,08:30,-7.5,0.0
0.592,0.237,59,health,gym,,-1,82.9
0.227,0.286,101,social,home,08:18,-13.7,0.0
0.584,0.371,59,work,cafe,19:45,-2.25,0.0
0.909,0.245,113,social,outdoor,19:45,5.75,172.8
0.29,0.316,105,work,office,18:00,6.0,118.6
0.593,0.242,40,personal,cafe,,-1,44.7
0.501,0.361,45,study,cafe,13:30,-6.5,0.0
0.708,0.52,54,personal,home,13:00,2.0,55.8
0.241,0.512,69,personal,cafe,,-1,70.2
0.037,0.546,34,personal,home,19:18,3.3,23.1
0.097,0.73,35,work,office,16:00,-6.0,0.0
0.397,0.313,65,study,cafe,16:45,6.75,73.0
0.528,0.658,73,study,home,,-1,71.1
0.739,0.345,42,study,home,19:18,1.3,46.6
0.772,0.819,32,work,office,,-1,55.1
0.414,0.609,86,work,office,,-1,113.2
0.567,0.538,90,study,home,,-1,99.4
0.572,0.722,111,work,cafe,19:00,10.0,128.9
0.335,0.0,87,social,outdoor,,-1,95.9
0.41,0.524,115,work,office,,-1,133.4
0.661,0.602,61,work,home,,-1,72.2
0.76,0.76,119,study,cafe,,-1,155.7
0.569,0.598,145,social,cafe,09:45,1.75,142.5
0.527,0.382,45,personal,cafe,22:00,16.0,50.2
0.458,0.493,30,study,home,,-1,36.1
0.385,0.347,101,work,cafe,,-1,122.9
0.157,0.0,99,social,outdoor,,-1,97.3
0.914,0.405,29,health,outdoor,13:45,-8.25,0.0
0.898,0.498,45,health,outdoor,,-1,95.9
0.701,0.413,111,work,cafe,20:00,0.0,0.0
0.322,0.702,82,personal,cafe,,-1,75.4
0.812,0.889,29,health,gym,14:45,-0.25,0.0
0.467,0.895,116,study,cafe,,-1,147.1
0.293,0.587,87,work,cafe,,-1,100.9
0.391,0.356,122,social,home,,-1,130.0
0.132,0.468,27,personal,cafe,,-1,31.4
0.554,0.446,93,work,home,12:18,5.3,95.6
0.309,0.715,53,work,office,09:00,-12.0,0.0
0.234,0.476,96,study,home,,-1,94.0
0.627,0.495,74,social,cafe,,-1,86.8
0.564,0.838,59,health,gym,,-1,87.9
0.587,0.636,37,health,gym,16:18,10.3,67.0
0.768,0.675,32,health,outdoor,16:30,6.5,61.1
0.365,0.618,28,personal,store,,-1,31.9
0.343,0.471,17,personal,cafe,18:15,1.25,25.5
0.559,0.613,115,study,cafe,,-1,126.1
0.468,0.494,114,work,cafe,14:18,4.3,132.4
0.407,0.402,107,work,office,,-1,128.8
0.512,0.137,109,social,cafe,,-1,110.2
0.0,0.568,45,errand,outdoor,,-1,60.7
0.57,0.874,43,health,home,21:00,9.0,54.8
0.551,0.735,51,work,home,,-1,64.3
0.587,0.221,18,personal,store,16:15,10.25,25.9
0.336,1.0,37,health,outdoor,,-1,78.8
0.368,0.25,33,errand,outdoor,,-1,51.6
0.161,0.218,127,social,cafe,,-1,114.0
0.437,0.352,176,social,home,,-1,194.6
0.458,0.424,87,study,office,,-1,101.5
0.584,0.651,30,work,cafe,,-1,39.4
0.687,0.771,102,work,cafe,,-1,137.0
0.412,0.777,49,work,home,,-1,55.2
0.515,0.723,91,work,home,10:30,-10.5,0.0
0.843,0.396,53,work,home,11:30,0.5,57.7
0.072,0.522,66,personal,home,13:30,2.5,46.0
0.501,0.453,77,study,home,,-1,78.2
0.434,0.578,99,study,home,,-1,102.6
0.791,0.568,29,health,gym,13:18,-2.7,0.0
0.546,0.586,31,study,office,,-1,52.2
0.221,0.456,52,personal,cafe,,-1,51.5
0.403,0.344,13,errand,outdoor,,-1,38.7
0.378,0.498,105,social,home,,-1,97.2
0.082,0.411,44,study,office,18:18,3.3,53.1
0.532,0.937,55,health,gym,,-1,93.5
0.711,0.68,52,study,home,19:18,4.3,58.3
0.274,0.143,89,personal,store,22:18,13.3,78.7
0.514,0.57,110,work,office,20:18,6.3,143.2
0.0,0.193,15,personal,cafe,,-1,20.4
0.925,0.851,40,health,gym,,-1,85.0
0.136,0.373,47,study,home,,-1,43.8
0.623,0.234,62,personal,cafe,13:45,0.75,54.5
0.51,0.758,59,study,home,,-1,67.4
0.249,0.286,104,work,cafe,,-1,107.3
0.629,0.421,34,study,cafe,,-1,49.6
0.752,0.501,39,work,home,,-1,49.3
0.4,0.17,158,social,outdoor,,-1,175.0
0.305,0.339,81,personal,home,19:00,4.0,65.6
0.378,0.443,107,work,cafe,10:00,-2.0,0.0
0.595,0.833,111,work,home,16:15,9.25,129.1
0.468,0.489,76,study,office,,-1,100.6
0.829,0.818,120,work,home,,-1,164.6
0.276,0.563,38,errand,outdoor,,-1,55.3
0.64,0.724,73,work,office,21:00,12.0,99.3
0.438,0.366,113,social,cafe,,-1,127.4
0.717,0.733,115,work,cafe,,-1,149.7
0.237,0.221,114,social,outdoor,15:18,9.3,132.8
0.651,0.331,29,personal,cafe,,-1,35.7
0.227,0.0,163,social,home,19:45,10.75,131.1
0.289,0.512,70,personal,home,,-1,57.9
0.469,0.757,25,personal,home,,-1,26.2
0.048,0.167,22,personal,store,,-1,25.6
0.192,0.574,109,work,cafe,,-1,105.3
0.158,0.688,32,errand,store,,-1,34.2
0.451,0.557,53,personal,store,18:30,6.5,56.0
0.61,0.492,40,health,outdoor,20:45,4.75,66.2
0.357,0.37,35,work,office,14:15,3.25,48.4
0.935,0.88,33,study,cafe,09:30,3.5,59.4
0.291,0.46,32,errand,store,,-1,37.9
0.384,0.606,31,work,office,,-1,50.4
0.276,0.353,10,errand,outdoor,,-1,35.0
0.314,0.426,37,study,office,,-1,54.1
0.264,0.3,63,personal,home,08:15,2.25,51.2
0.432,0.553,49,work,home,15:15,-2.75,0.0
0.289,1.0,93,social,outdoor,,-1,132.9
0.386,0.347,137,social,outdoor,,-1,159.2
0.517,0.579,52,work,home,,-1,60.4
0.136,0.579,66,personal,store,,-1,53.6
0.803,0.459,116,work,home,,-1,152.5
0.078,0.489,69,personal,store,,-1,53.6
0.86,0.557,78,work,home,,-1,101.5
0.566,0.322,28,personal,store,22:45,9.75,42.5
0.985,0.998,75,work,cafe,21:00,5.0,147.8
0.0,0.439,54,personal,cafe,,-1,44.2
0.0,0.499,29,errand,outdoor,,-1,47.7
0.065,0.439,81,personal,cafe,16:15,3.25,66.0
0.435,0.574,89,study,home,19:45,-0.25,0.0
0.34,0.692,50,study,home,14:18,3.3,47.8
0.44,0.719,66,work,cafe,,-1,76.9
0.585,0.304,75,work,office,16:18,5.3,98.3
0.227,0.751,107,study,cafe,,-1,118.4
0.49,0.441,75,study,office,,-1,95.7
0.272,0.556,30,errand,outdoor,08:30,-9.5,0.0
0.781,0.699,98,work,home,,-1,123.4
0.683,0.588,79,study,home,,-1,85.7
0.766,0.658,53,personal,cafe,19:18,-2.7,0.0
0.535,0.246,20,health,gym,,-1,39.0
0.584,0.517,103,study,home,17:15,10.25,103.4
0.248,0.346,88,study,home,13:15,3.25,82.6
0.431,0.102,169,social,outdoor,,-1,185.7
0.446,0.647,83,study,office,18:15,2.25,105.2
0.542,0.669,102,study,home,14:15,4.25,111.6
0.537,0.254,68,work,home,21:15,10.25,72.1
0.272,0.667,31,work,cafe,23:00,15.0,37.6
0.483,0.077,150,social,outdoor,,-1,161.4
0.481,0.567,106,work,cafe,22:18,3.3,127.4
0.176,0.305,39,errand,store,18:30,7.5,41.7
0.017,0.417,45,errand,store,17:18,3.3,45.0
0.39,0.415,44,personal,home,19:18,13.3,34.3
0.644,0.923,42,health,home,,-1,53.7
0.623,0.242,69,personal,cafe,10:30,-8.5,0.0
0.677,1.0,44,health,gym,20:15,2.25,92.2
0.286,0.053,160,social,home,23:00,2.0,111.8
0.345,0.836,90,work,cafe,,-1,115.5
0.178,0.621,45,work,cafe,09:30,-8.5,0.0
0.286,0.628,51,work,office,,-1,64.3
0.742,0.23,35,work,office,10:45,-7.25,0.0
0.324,0.378,70,personal,store,20:00,-1.0,65.8
0.186,0.28,64,study,office,22:45,5.75,73.4
0.594,0.273,31,personal,cafe,,-1,30.4
0.36,0.271,135,social,home,18:00,-1.0,132.7
0.394,0.339,80,personal,store,,-1,74.4
0.069,0.417,89,personal,cafe,19:15,0.25,0.0
0.413,0.14,88,social,cafe,23:15,13.25,96.2
0.466,0.839,112,work,office,23:30,8.5,143.8
0.582,0.33,60,study,cafe,21:30,5.5,72.6
0.539,0.527,76,work,office,19:18,8.3,100.6
0.285,0.433,62,personal,store,,-1,61.2
0.443,0.703,108,work,home,,-1,119.9
0.588,0.395,35,study,cafe,22:30,2.5,44.1
0.423,0.567,75,work,cafe,09:15,2.25,91.7
0.24,0.173,30,personal,cafe,18:00,-1.0,28.0
0.143,0.42,44,personal,cafe,18:00,6.0,40.5
0.663,0.242,27,personal,home,13:45,0.75,28.0
0.05,0.529,26,errand,outdoor,11:15,-2.75,0.0
0.986,0.55,42,health,outdoor,08:30,-5.5,0.0
0.693,0.507,76,work,home,23:45,12.75,97.6
0.269,0.637,101,study,office,,-1,113.3
0.55,0.481,34,personal,store,,-1,39.4
0.446,0.75,54,health,gym,11:15,0.25,0.0
0.542,0.723,66,work,home,23:15,11.25,69.7
0.388,0.894,27,health,home,,-1,32.4
0.607,0.489,102,work,office,,-1,130.2
0.437,0.763,46,health,outdoor,18:00,0.0,0.0
0.376,1.0,104,study,home,,-1,127.6
0.634,0.464,88,study,cafe,,-1,113.1
0.177,0.473,69,personal,store,,-1,61.3
0.421,0.382,173,social,home,,-1,183.3
0.471,0.364,147,social,cafe,14:45,-7.25,0.0
0.498,0.6,71,study,office,,-1,91.8
0.523,0.749,54,work,cafe,,-1,70.9
0.586,0.538,164,social,home,19:30,2.5,152.6
0.507,0.513,38,personal,cafe,15:00,-4.0,0.0
0.566,0.971,46,health,home,11:18,2.3,66.9
0.353,0.634,74,study,home,,-1,69.5
0.649,0.464,55,health,gym,,-1,87.7
0.186,0.393,18,errand,outdoor,,-1,38.6
0.486,0.369,38,work,office,,-1,61.1
0.526,0.55,31,work,office,17:15,4.25,55.0
0.436,0.579,120,work,home,,-1,130.8
0.102,0.506,20,personal,home,,-1,14.9
0.5,0.533,51,personal,home,12:30,-7.5,0.0
0.374,0.116,11,errand,store,12:18,4.3,19.3
0.73,0.803,34,health,home,20:18,8.3,43.9
0.238,0.535,64,personal,home,14:45,0.75,50.2
0.444,0.639,73,study,home,,-1,74.6
0.976,0.615,103,work,home,,-1,157.3
0.585,0.487,49,work,office,10:45,-5.25,0.0
0.595,0.667,42,work,cafe,14:18,7.3,59.9
0.666,0.473,97,social,home,13:18,-0.7,0.0
0.834,0.565,20,health,home,14:18,-3.7,0.0
0.901,0.473,38,health,home,,-1,57.9
0.376,0.499,54,personal,home,22:15,15.25,43.7
0.238,0.103,11,errand,outdoor,,-1,34.9
0.583,0.792,60,work,cafe,,-1,81.1
0.178,0.669,46,personal,cafe,19:00,8.0,46.7
0.318,0.264,115,social,home,19:15,0.25,0.0
0.386,0.733,70,study,home,,-1,72.7
0.46,0.331,83,social,outdoor,22:30,13.5,113.3
0.38,0.274,34,errand,store,10:45,0.75,33.5
0.254,0.68,78,personal,store,15:15,0.25,0.0
0.196,0.473,37,errand,store,20:18,2.3,33.4
0.264,0.494,31,errand,outdoor,,-1,52.7
0.437,0.582,42,study,office,,-1,55.3
0.51,0.555,90,study,office,,-1,120.2
0.119,0.433,39,study,cafe,,-1,39.6
0.178,0.346,17,errand,store,,-1,20.9
0.483,0.216,30,personal,home,,-1,25.9
0.589,0.773,66,work,cafe,16:18,7.3,85.2
0.324,0.743,12,errand,home,20:18,3.3,11.4
0.566,0.495,41,errand,store,,-1,46.9
0.276,0.498,41,health,gym,19:30,6.5,62.4
0.518,0.25,177,social,cafe,,-1,167.9
0.759,0.702,57,health,outdoor,16:00,-6.0,0.0
0.453,0.804,86,work,home,,-1,97.1
0.127,0.369,31,personal,store,22:15,11.25,33.9
0.398,0.321,29,health,outdoor,,-1,58.7
0.658,0.485,43,errand,home,,-1,40.0
0.497,0.452,156,social,outdoor,22:18,0.3,0.0
0.762,0.693,32,study,cafe,09:00,3.0,55.7
0.362,0.184,40,personal,cafe,,-1,37.4
0.582,0.515,172,social,cafe,11:00,-10.0,0.0
0.369,0.256,67,personal,store,18:45,10.75,66.0
0.746,0.677,53,health,gym,21:18,5.3,85.0
0.408,0.246,26,personal,store,,-1,32.4
0.438,0.777,86,work,office,08:18,-7.7,0.0
0.692,0.536,26,personal,cafe,,-1,38.6
0.561,0.611,42,work,home,,-1,43.5
0.662,0.442,37,work,cafe,,-1,53.3
0.581,0.765,62,work,cafe,08:00,-10.0,0.0
0.131,0.143,37,personal,cafe,13:30,-2.5,0.0
0.335,0.331,55,study,office,21:15,5.25,66.0
0.668,0.0,26,personal,cafe,22:18,3.3,28.3
0.611,0.345,105,work,home,18:15,0.25,0.0
1.0,0.365,21,health,gym,21:15,6.25,54.4
0.844,0.45,107,study,home,,-1,136.1
0.764,0.688,52,health,home,,-1,72.0
0.511,0.613,31,study,home,19:15,-0.75,0.0
0.315,0.82,69,work,home,11:15,-2.75,0.0
0.618,0.561,17,errand,outdoor,,-1,42.0
0.433,0.692,83,study,cafe,,-1,96.2
0.023,0.707,59,health,gym,,-1,77.6
0.852,0.73,47,health,gym,14:30,1.5,87.3
0.225,0.406,43,study,home,10:15,-10.75,0.0
0.713,0.322,87,personal,home,14:45,-7.25,0.0
0.874,0.556,50,health,gym,23:18,5.3,92.0
0.609,0.553,84,work,home,,-1,88.4
0.667,0.376,98,social,outdoor,,-1,130.8
0.595,0.199,29,errand,outdoor,23:30,13.5,51.2
0.659,0.72,35,study,office,16:30,6.5,59.3
0.884,0.729,44,personal,store,,-1,58.9
0.404,0.573,69,social,outdoor,,-1,97.5
0.198,0.196,40,health,outdoor,,-1,62.8
0.499,0.953,59,health,gym,,-1,96.3
0.465,0.984,24,personal,home,11:30,-0.5,0.0
0.494,0.355,39,study,office,11:18,0.3,43.6
0.293,0.452,111,work,office,,-1,129.8
0.434,0.502,42,study,cafe,,-1,59.2
0.775,0.099,95,work,cafe,,-1,120.8
0.265,0.202,79,personal,cafe,13:15,-1.75,0.0
0.591,0.377,84,work,office,,-1,109.7
0.321,0.681,110,study,office,,-1,130.4
0.339,0.139,152,social,cafe,,-1,143.4
0.129,0.381,24,errand,home,21:00,7.0,22.0
0.619,0.093,43,study,cafe,,-1,61.0
0.785,0.304,67,work,office,23:45,13.75,97.9
0.477,0.278,71,study,home,20:18,9.3,71.2
0.33,0.468,168,social,home,,-1,162.7
0.61,0.999,28,health,gym,,-1,51.7
0.663,0.772,21,health,outdoor,13:00,-5.0,0.0
0.575,0.392,23,personal,home,,-1,26.0
0.375,0.746,17,errand,outdoor,,-1,39.2
0.607,0.427,166,social,outdoor,21:00,7.0,180.5
0.257,0.242,140,social,outdoor,,-1,151.2
0.528,0.552,28,health,outdoor,08:15,2.25,62.3
0.916,0.333,50,work,office,11:18,-0.7,0.0
0.319,0.56,60,study,office,22:00,0.0,0.0
0.0,0.446,52,personal,store,,-1,49.3
0.453,0.497,104,work,cafe,12:00,-9.0,0.0
0.612,0.31,150,social,outdoor,,-1,165.0
0.322,0.593,40,errand,outdoor,,-1,62.3
0.275,0.338,43,errand,home,,-1,30.7
0.0,0.595,40,errand,store,,-1,36.9
0.474,0.388,50,health,home,16:45,-2.25,0.0
0.257,0.261,100,study,cafe,15:00,-3.0,0.0
0.184,0.437,35,errand,store,,-1,32.6
0.328,0.585,94,social,cafe,15:18,-3.7,0.0
0.342,0.909,104,work,cafe,14:18,-0.7,0.0
0.295,0.4,101,study,home,08:18,-5.7,0.0
0.578,0.491,72,study,office,,-1,93.5
0.209,0.805,22,errand,store,,-1,31.0
0.402,0.666,98,study,cafe,14:45,-0.25,0.0
0.613,0.259,68,social,home,,-1,69.9
0.691,0.607,49,health,home,15:30,2.5,63.4
0.733,0.217,119,work,cafe,12:00,-2.0,0.0
0.096,0.565,18,personal,home,14:30,-6.5,0.0
0.255,0.32,38,errand,outdoor,15:30,-1.5,0.0
0.704,0.524,21,personal,cafe,22:15,2.25,35.0
0.441,0.796,35,errand,home,23:18,8.3,34.1
0.432,0.478,48,study,cafe,15:00,0.0,0.0
0.546,0.507,87,personal,home,20:30,6.5,81.9
0.371,0.41,28,personal,home,,-1,25.9
0.547,0.674,95,study,cafe,,-1,106.8
0.636,0.675,26,health,home,,-1,26.3
0.288,0.398,148,social,outdoor,14:18,5.3,171.9
0.273,0.443,46,study,office,,-1,59.0
0.561,0.442,116,study,home,,-1,125.1
0.393,0.424,119,social,cafe,22:18,11.3,125.3
0.576,0.683,21,health,home,12:18,4.3,23.7
0.431,0.706,11,errand,store,,-1,17.4
0.322,0.153,56,personal,store,,-1,48.5
0.111,0.717,66,work,home,12:00,-5.0,0.0
0.557,0.067,88,work,cafe,13:00,-7.0,0.0
0.016,0.377,33,errand,home,15:00,-6.0,0.0
0.409,0.418,51,study,cafe,,-1,67.5
0.326,0.772,40,health,outdoor,09:30,1.5,72.0
0.273,0.537,82,work,office,22:00,11.0,96.1
0.648,0.359,26,personal,home,23:00,17.0,27.9
0.702,0.952,34,health,gym,,-1,75.3
0.344,0.733,34,study,home,20:45,10.75,35.0
0.475,0.687,35,health,outdoor,,-1,63.1
0.753,0.069,90,personal,home,,-1,77.2
0.607,0.0,83,social,cafe,,-1,84.0
0.776,1.0,28,health,home,10:18,1.3,52.6
0.764,0.666,93,study,cafe,,-1,118.7
0.274,0.698,22,errand,outdoor,13:15,0.25,42.9
0.148,0.524,37,errand,outdoor,,-1,52.8
0.697,0.549,49,health,gym,,-1,80.4
0.38,0.325,77,personal,store,,-1,76.9
0.166,0.546,36,errand,outdoor,12:30,-7.5,0.0
0.085,0.542,81,personal,home,18:15,3.25,58.9
0.602,0.115,79,personal,store,,-1,76.4
0.156,0.469,42,errand,store,,-1,46.3
0.602,0.766,107,study,office,17:30,10.5,124.0
0.494,0.516,33,health,gym,15:00,5.0,65.2
0.537,0.852,90,work,cafe,,-1,122.8
0.598,0.789,57,health,outdoor,,-1,97.9
0.0,0.347,29,personal,store,,-1,23.4
0.352,0.478,136,social,outdoor,10:30,1.5,153.0
0.65,0.325,11,errand,store,18:45,-2.25,0.0
0.185,0.216,36,personal,store,,-1,34.8
0.826,0.452,40,work,home,,-1,52.3
0.269,0.329,23,personal,cafe,,-1,29.5
0.188,0.562,57,personal,home,16:30,3.5,40.6
0.445,0.613,65,work,cafe,10:15,2.25,86.0
0.519,0.566,78,work,cafe,,-1,98.6
0.476,0.311,62,personal,store,19:30,-1.5,0.0
0.473,0.356,30,study,cafe,,-1,37.5
0.015,0.691,15,errand,outdoor,,-1,35.9
0.488,0.603,32,personal,store,22:45,5.75,34.4
0.446,0.529,26,personal,store,,-1,35.4
0.367,0.097,129,social,home,,-1,112.4
0.813,0.759,44,health,home,,-1,59.4
0.385,0.161,33,study,office,22:00,5.0,39.8
0.562,0.562,36,health,outdoor,10:30,-0.5,0.0
0.369,0.756,29,errand,home,23:30,2.5,27.7
0.763,1.0,60,study,cafe,10:18,3.3,94.5
0.506,0.591,42,study,cafe,22:45,2.75,58.1
0.758,0.674,73,work,office,,-1,110.4
0.04,0.213,70,personal,store,19:15,9.25,52.8
0.94,0.552,107,work,office,,-1,180.3
0.581,0.187,64,study,office,,-1,78.8
0.2,0.287,54,health,home,22:18,12.3,59.7
0.543,0.168,87,study,office,,-1,111.0
0.49,1.0,42,work,home,,-1,54.8
0.105,0.709,88,personal,home,23:15,3.25,53.5
0.0,0.151,44,errand,home,22:45,10.75,29.9
0.261,0.143,39,errand,store,18:15,7.25,35.0
0.498,0.335,105,social,home,16:45,10.75,107.7
0.325,0.38,79,personal,store,08:45,2.75,74.8
0.394,0.461,37,errand,outdoor,08:45,-3.25,0.0
0.836,0.56,59,work,home,,-1,74.6
0.448,0.652,60,personal,store,11:18,4.3,59.7
0.977,0.39,31,health,gym,20:00,14.0,68.4
0.433,0.0,85,personal,cafe,,-1,74.4
0.288,0.345,38,errand,outdoor,,-1,56.2
0.522,0.34,37,errand,outdoor,08:18,0.3,42.0
0.548,0.638,29,errand,store,,-1,34.7
0.594,0.693,41,work,cafe,20:30,6.5,56.0
0.664,0.502,86,study,home,,-1,97.6
0.0,0.085,19,personal,store,,-1,15.0
0.073,0.229,13,errand,store,,-1,18.1
0.518,0.647,38,work,office,19:18,8.3,59.3
0.33,0.854,15,errand,home,,-1,11.3
0.119,0.297,50,study,office,13:00,-8.0,0.0
0.254,0.542,112,work,home,,-1,111.2
0.671,0.532,79,work,cafe,08:45,1.75,101.4
0.522,0.387,15,errand,outdoor,,-1,39.7
0.385,0.486,36,study,office,15:18,-4.7,0.0
0.054,0.423,62,personal,store,,-1,51.9
0.746,0.813,26,health,gym,12:45,1.75,60.3
0.527,0.458,29,errand,outdoor,12:30,-7.5,0.0
0.556,0.993,23,health,outdoor,11:45,4.75,56.0
0.593,0.397,120,work,cafe,,-1,134.6
0.584,0.661,51,work,cafe,,-1,65.7
0.142,0.44,117,study,cafe,,-1,113.4
0.686,0.516,78,personal,cafe,,-1,86.5
0.224,0.254,35,errand,outdoor,,-1,50.2
0.318,0.674,30,errand,outdoor,,-1,55.0
0.255,0.49,54,work,office,,-1,69.6
0.578,0.726,42,personal,store,09:00,3.0,53.5
0.545,0.869,99,work,cafe,21:00,7.0,128.4
0.556,0.49,55,personal,store,,-1,57.1
0.335,0.59,87,personal,store,,-1,83.0
1.0,0.382,56,work,cafe,11:00,0.0,0.0
0.942,0.689,27,health,outdoor,,-1,63.1
0.366,0.312,14,errand,outdoor,,-1,36.9
0.304,0.351,13,errand,home,,-1,8.6
0.596,0.461,92,social,outdoor,,-1,120.7
0.402,0.586,48,personal,home,,-1,44.4
0.75,0.326,65,study,cafe,13:00,-6.0,0.0
0.073,0.571,104,work,office,,-1,104.2
0.424,0.482,66,personal,home,09:30,2.5,63.5
0.725,0.512,75,personal,home,13:00,-1.0,72.8
0.133,0.247,11,errand,home,18:00,-3.0,0.0
0.45,0.481,48,study,home,,-1,58.9
0.259,0.384,42,errand,outdoor,11:30,4.5,59.5
0.126,0.276,43,errand,store,21:45,10.75,41.0
0.23,0.465,35,work,cafe,15:00,-1.0,40.6
0.774,0.167,57,personal,store,12:00,3.0,59.3
0.148,0.658,57,study,office,19:30,-1.5,0.0
0.047,0.418,48,personal,home,21:18,8.3,30.5
0.663,0.745,41,work,office,,-1,60.1
0.319,0.0,71,personal,cafe,,-1,61.7
0.481,0.524,81,study,cafe,,-1,93.3
0.457,0.437,108,work,home,12:18,-2.7,0.0
0.322,0.622,49,work,home,,-1,47.1
0.21,0.362,55,personal,cafe,,-1,55.8
0.366,0.445,36,errand,home,,-1,28.3
0.174,0.411,45,personal,cafe,,-1,43.2
0.561,0.505,88,personal,store,,-1,86.0
0.583,0.0,125,social,home,,-1,108.4
0.425,0.188,171,social,home,09:15,-2.75,0.0
0.329,0.322,50,work,cafe,,-1,60.9
0.414,0.505,106,study,home,,-1,109.4
0.839,0.813,36,health,home,,-1,56.9
0.711,0.685,112,study,office,21:15,15.25,140.3
0.436,0.424,129,social,home,,-1,138.9
1.0,1.0,49,health,home,16:18,-5.7,0.0
0.462,0.634,17,errand,outdoor,09:45,3.75,39.3
0.355,0.337,52,health,gym,10:45,2.75,76.4
0.951,0.473,35,health,outdoor,21:45,15.75,80.3
0.674,0.574,65,study,cafe,21:30,4.5,75.9
0.4,0.649,35,errand,store,,-1,37.0
0.622,0.684,29,health,gym,17:30,-4.5,0.0
0.807,0.74,33,work,office,,-1,61.2
0.762,0.881,92,work,home,19:30,4.5,125.1
0.286,0.706,85,study,cafe,14:15,-4.75,0.0
0.412,0.52,77,personal,cafe,11:15,-10.75,0.0
0.667,0.387,53,work,cafe,22:30,9.5,71.4
0.401,0.364,37,personal,home,10:00,0.0,0.0
0.407,0.111,109,social,outdoor,,-1,124.9
0.365,0.333,55,work,office,16:18,-3.7,0.0
0.263,0.824,105,work,office,22:15,6.25,122.9
1.0,0.358,54,work,office,12:00,-10.0,0.0
0.702,0.289,39,work,home,16:15,10.25,46.1
0.771,0.542,117,work,home,23:18,14.3,168.9
0.585,0.455,63,social,home,22:45,3.75,66.2
0.326,0.737,33,health,gym,08:18,0.3,39.7
0.416,0.435,74,personal,cafe,,-1,74.7
0.383,0.492,74,personal,store,,-1,79.1
0.45,0.314,16,errand,store,14:18,2.3,21.4
0.694,0.507,105,study,office,15:15,-3.75,0.0
0.649,0.569,93,study,cafe,,-1,107.9
0.619,0.115,75,personal,home,,-1,61.3
0.305,0.864,30,work,home,12:45,-9.25,0.0
0.11,0.45,30,errand,outdoor,,-1,48.1
0.393,0.767,84,work,home,,-1,99.7
0.808,0.913,62,work,office,,-1,113.0
0.497,0.584,114,social,home,21:00,3.0,106.6
0.722,0.675,39,work,cafe,13:18,-1.7,0.0
0.711,0.961,113,work,home,,-1,151.9
0.482,0.42,84,work,home,08:18,-11.7,0.0
0.313,0.962,43,health,outdoor,,-1,78.4
0.229,0.734,72,personal,cafe,10:00,-6.0,0.0
0.0,0.39,41,errand,home,,-1,30.7
0.336,0.082,74,work,cafe,09:15,-12.75,0.0
0.567,0.588,31,work,office,11:18,-9.7,0.0
0.364,0.337,22,errand,home,17:45,1.75,21.9
0.53,0.69,37,health,outdoor,,-1,70.1
0.585,0.567,70,work,home,,-1,80.9
0.595,0.44,77,work,office,10:30,2.5,100.6
0.593,0.761,56,health,gym,16:15,-4.75,0.0
0.495,0.597,38,work,office,,-1,54.0
0.724,0.623,95,work,home,16:15,-2.75,0.0
0.775,0.247,92,work,cafe,19:18,6.3,126.9
0.693,0.582,59,health,outdoor,08:18,-9.7,0.0
0.863,0.71,95,work,home,12:18,6.3,125.0
0.33,0.419,74,personal,store,,-1,68.4
0.7,0.769,73,work,home,10:00,-8.0,0.0
0.495,0.615,18,personal,store,,-1,26.3
0.394,0.269,82,personal,home,,-1,72.2
0.232,0.653,53,work,cafe,10:45,-7.25,0.0
0.646,0.561,111,work,office,22:45,6.75,136.6
0.796,0.716,120,social,home,,-1,153.5
0.225,0.451,90,social,home,19:45,11.75,80.2
0.0,0.306,80,personal,cafe,,-1,58.9
0.151,0.383,13,errand,store,12:45,-4.25,0.0
0.475,0.613,50,work,office,,-1,69.2
0.262,0.555,30,personal,store,,-1,35.7
0.214,0.671,102,study,office,09:18,-5.7,0.0
0.3,0.493,41,study,cafe,18:18,6.3,50.1
0.569,0.519,14,errand,store,08:30,-10.5,0.0
0.574,0.365,48,work,home,,-1,47.3
0.409,0.656,92,work,office,,-1,108.3
0.662,0.538,73,study,office,,-1,95.9
0.347,0.28,14,errand,outdoor,21:15,10.25,40.3
0.557,0.302,23,errand,home,15:15,-2.75,0.0
0.853,0.628,104,study,office,14:15,-1.75,0.0
0.378,0.481,145,social,outdoor,19:45,10.75,174.2
0.32,0.892,80,study,cafe,11:45,5.75,95.0
0.307,0.382,163,social,outdoor,,-1,176.8
0.507,0.475,32,personal,store,21:18,13.3,43.0
0.537,0.478,119,study,office,,-1,145.7
0.134,0.0,146,social,cafe,22:30,10.5,114.4
0.251,0.259,112,study,office,,-1,126.5
0.543,0.556,130,social,home,,-1,132.8
0.442,0.879,72,study,home,,-1,86.3
0.602,0.642,57,study,office,,-1,69.3
0.034,0.58,111,work,home,,-1,96.6
0.836,0.827,31,health,gym,23:15,1.25,69.4
0.108,0.029,74,social,outdoor,11:15,-3.75,0.0
0.7,0.477,43,work,home,,-1,56.2
0.642,0.798,34,health,gym,,-1,59.3
0.202,0.482,113,social,outdoor,,-1,119.0
0.246,0.308,31,personal,home,,-1,27.0
0.649,0.457,17,personal,home,21:30,8.5,15.9
0.214,0.739,37,personal,home,,-1,33.3
0.259,0.445,70,personal,store,11:00,-9.0,0.0
0.561,0.399,100,study,office,,-1,124.9
0.571,0.655,54,work,cafe,,-1,66.1
0.563,0.632,172,social,cafe,,-1,191.8
0.347,0.0,58,personal,cafe,,-1,58.0
0.465,0.923,45,health,gym,,-1,81.1
0.318,0.408,126,social,cafe,16:45,4.75,135.2
0.639,0.344,76,study,cafe,,-1,95.2
0.0,0.363,161,social,outdoor,09:18,1.3,120.8
0.23,0.191,60,personal,home,,-1,45.2
0.624,0.225,61,personal,cafe,,-1,64.4
0.0,0.512,82,personal,home,,-1,65.0
0.336,0.17,38,personal,home,,-1,28.0
0.651,0.495,88,work,office,,-1,110.6
1.0,0.405,64,work,office,,-1,113.5
0.906,0.529,83,work,home,,-1,118.3
0.523,0.294,105,study,home,12:18,0.3,0.0
0.173,0.238,23,personal,cafe,09:00,-8.0,0.0
0.078,0.817,68,work,cafe,12:18,-8.7,0.0
0.098,0.721,78,personal,home,,-1,54.7
0.249,0.633,48,personal,home,,-1,38.2
0.519,0.393,53,work,cafe,,-1,64.1
0.523,0.0,53,study,home,16:30,8.5,43.8
0.613,0.388,77,study,office,,-1,94.2
0.343,0.27,83,study,home,,-1,83.4
0.792,0.47,96,study,cafe,,-1,133.5
0.15,0.208,61,personal,store,,-1,43.9
0.45,0.221,117,social,home,08:00,-3.0,0.0
0.673,0.835,72,study,cafe,11:30,-4.5,0.0
0.287,0.672,110,study,home,20:15,-1.75,0.0
0.48,0.474,107,work,home,10:30,3.5,112.4
1.0,0.443,29,health,home,22:15,1.25,45.7
0.144,0.248,40,errand,outdoor,,-1,62.2
1.0,0.563,70,work,home,10:00,-1.0,111.3
0.321,0.525,124,social,outdoor,18:00,12.0,142.5
0.426,0.049,27,personal,store,,-1,27.7
0.666,0.567,49,work,home,12:30,1.5,56.4
0.519,0.335,15,errand,home,10:45,1.75,11.6
0.827,0.641,36,work,cafe,,-1,53.4
0.411,0.256,62,personal,store,,-1,65.0
0.584,0.573,44,errand,home,,-1,39.7
0.169,0.462,160,social,cafe,11:45,-6.25,0.0
0.047,0.155,45,errand,home,23:30,14.5,33.2
0.294,0.621,79,study,home,23:15,7.25,85.7
0.544,0.819,36,health,gym,10:18,-3.7,0.0
0.14,0.214,68,personal,home,,-1,49.9
0.522,0.656,76,work,office,11:45,-0.25,0.0
0.674,0.0,84,social,outdoor,,-1,112.1
0.028,0.433,30,errand,home,,-1,22.0
0.875,0.465,117,work,home,,-1,162.1
0.462,0.697,53,health,outdoor,23:45,15.75,89.7
0.149,0.221,28,errand,home,,-1,26.6
0.366,0.0,32,personal,home,,-1,21.3
0.58,0.511,117,work,office,16:30,-2.5,0.0
0.243,0.265,46,personal,home,18:18,8.3,39.3
0.287,0.831,112,study,cafe,,-1,130.0
0.606,0.714,55,health,home,22:00,12.0,61.8
0.451,0.429,58,personal,store,12:45,2.75,65.4
0.837,0.831,85,work,cafe,08:30,-13.5,0.0
0.38,0.511,97,work,home,,-1,97.2
0.389,0.649,112,study,cafe,08:00,-1.0,121.6
0.256,0.586,43,health,outdoor,,-1,67.4
0.275,0.24,15,personal,home,19:00,2.0,9.2
0.331,0.781,29,health,gym,,-1,53.3
0.862,0.397,50,study,home,15:15,2.25,59.5
0.303,0.699,36,study,home,,-1,33.3
0.737,0.396,33,health,outdoor,19:18,1.3,65.0
0.496,0.351,49,personal,store,,-1,53.5
0.444,0.315,65,personal,store,13:15,-4.75,0.0
0.552,0.853,36,health,gym,,-1,64.4
0.858,0.449,25,errand,outdoor,11:30,-5.5,0.0
0.483,0.216,157,social,cafe,13:18,-1.7,0.0
0.248,0.523,28,errand,outdoor,22:45,2.75,53.3
0.334,0.278,27,personal,home,10:30,0.5,21.5
0.0,0.298,35,errand,home,,-1,21.4
0.82,0.529,93,work,cafe,09:18,-11.7,0.0
0.534,0.433,63,personal,cafe,11:18,-10.7,0.0
0.603,0.484,79,personal,store,,-1,77.2
0.446,0.57,16,errand,home,11:45,-2.25,0.0
0.573,0.591,115,study,cafe,23:30,5.5,126.9
0.382,0.776,86,work,office,12:00,5.0,112.4
0.487,0.483,119,work,home,,-1,127.1
0.543,0.916,113,study,office,16:00,5.0,145.6
0.565,0.799,32,work,home,,-1,31.5
0.819,0.825,108,work,cafe,20:15,1.25,148.6
0.396,0.334,31,errand,store,11:15,0.25,29.1
0.327,0.78,78,personal,store,,-1,78.6
0.327,0.423,19,errand,outdoor,18:30,-2.5,0.0
0.31,0.627,46,health,gym,,-1,68.5
0.151,0.056,34,errand,outdoor,15:15,9.25,49.1
0.4,0.383,42,errand,outdoor,,-1,65.2
0.193,0.374,122,social,cafe,22:15,16.25,113.0
0.331,0.708,115,work,office,08:30,-12.5,0.0
0.56,0.55,80,study,office,09:30,-8.5,0.0
0.382,0.982,54,personal,cafe,21:45,12.75,63.4
0.343,0.726,39,work,home,,-1,40.3
0.627,0.49,109,work,cafe,18:30,3.5,128.7
0.209,0.639,28,personal,cafe,,-1,33.4
0.669,0.686,54,health,gym,08:18,-2.7,0.0
0.762,0.696,58,personal,cafe,20:30,2.5,68.9
0.33,0.11,91,social,home,,-1,79.1
0.735,0.0,93,social,outdoor,,-1,112.6
0.187,0.52,135,social,outdoor,14:15,-7.75,0.0
0.412,0.621,34,personal,store,,-1,41.7
0.402,1.0,61,work,office,16:15,8.25,94.1
0.62,0.224,54,personal,cafe,09:00,-1.0,53.1
0.438,0.384,76,study,office,17:30,7.5,88.9
0.49,0.329,89,study,home,17:00,9.0,87.1
0.468,0.534,80,work,cafe,,-1,86.4
0.427,0.494,41,personal,home,,-1,34.6
0.054,0.57,67,personal,store,10:15,-3.75,0.0
0.488,0.443,77,personal,home,20:45,6.75,62.8
0.185,0.632,52,work,home,11:30,0.5,37.0
0.442,0.595,37,study,cafe,12:18,5.3,45.5
0.634,0.34,156,social,outdoor,,-1,193.2
0.593,0.819,89,study,cafe,19:30,12.5,107.8
0.575,0.439,17,errand,outdoor,,-1,41.5
0.396,0.092,87,social,home,,-1,77.8
0.616,0.671,61,work,office,18:00,-2.0,0.0
0.4,0.78,117,work,home,,-1,133.4
0.608,0.512,91,study,office,17:45,-1.25,0.0
0.554,0.735,89,work,office,20:15,10.25,111.2
0.569,0.58,50,personal,home,13:00,2.0,42.4
0.181,0.352,17,errand,store,,-1,26.0
0.551,0.549,33,study,office,,-1,47.4
0.301,0.418,109,work,cafe,09:18,2.3,121.4
0.442,0.602,71,work,home,14:18,7.3,69.9
0.355,0.444,77,study,home,15:15,-2.75,0.0
0.635,0.521,20,health,home,11:15,-7.75,0.0
0.396,0.269,25,personal,home,09:15,-11.75,0.0
0.234,0.338,21,errand,store,,-1,29.2
0.231,0.294,58,study,office,,-1,67.7
0.265,0.394,17,personal,store,,-1,17.9
0.272,0.284,27,personal,cafe,10:00,3.0,37.7
0.462,0.412,13,errand,home,,-1,16.7
0.454,0.268,102,study,office,10:45,1.75,116.5
0.524,0.591,57,personal,home,17:00,8.0,48.5
0.369,0.891,92,study,cafe,16:45,1.75,119.2
0.249,0.62,111,work,home,14:30,-2.5,0.0
0.129,0.334,54,study,cafe,20:00,4.0,54.8
0.542,0.827,101,work,home,19:00,3.0,131.5
0.705,0.504,86,work,cafe,15:45,-6.25,0.0
0.684,0.654,56,health,home,,-1,73.2
0.667,0.684,39,study,office,23:30,10.5,64.2
0.085,0.627,43,errand,outdoor,,-1,57.5
0.221,0.681,16,errand,outdoor,11:00,4.0,36.4
0.542,0.471,19,personal,store,11:30,-1.5,0.0
0.262,0.442,104,work,home,,-1,104.3
0.454,0.597,70,work,office,14:18,0.3,0.0
0.45,0.317,27,errand,outdoor,,-1,48.6
0.577,0.364,85,work,cafe,21:00,6.0,99.3
0.573,0.478,89,study,office,19:30,3.5,111.4
0.255,0.245,48,study,home,21:15,7.25,50.1
0.588,0.596,44,study,home,,-1,42.7
0.868,0.498,86,work,home,,-1,118.7
0.373,0.659,117,study,home,23:30,1.5,101.3
0.141,0.891,11,errand,store,20:30,2.5,23.3
0.0,0.744,119,work,home,20:00,12.0,96.9
0.043,0.512,10,errand,home,,-1,10.8
0.135,0.862,92,work,cafe,,-1,103.3
0.405,0.678,80,work,home,18:00,12.0,87.6
0.555,0.398,23,health,gym,,-1,46.6
0.327,0.712,105,work,office,,-1,123.6
0.268,0.534,56,study,home,16:45,-2.25,0.0
0.153,0.051,16,errand,store,,-1,21.6
0.629,0.734,32,health,gym,12:15,-9.75,0.0
0.0,0.509,35,errand,home,,-1,23.7
0.283,0.92,89,personal,home,,-1,77.1
0.576,0.495,34,work,cafe,,-1,47.8
0.249,0.71,55,personal,store,,-1,55.2
0.27,0.203,18,errand,store,,-1,24.2
0.372,0.627,107,study,office,,-1,121.7
0.665,0.208,23,errand,home,,-1,18.0
0.139,0.216,39,errand,store,14:45,-1.25,0.0
0.468,0.564,114,work,office,21:30,3.5,149.8
0.701,0.944,68,study,office,,-1,105.4
0.388,0.413,15,errand,store,,-1,31.9
0.671,0.411,167,social,outdoor,17:18,1.3,148.7
0.531,0.684,65,study,office,14:45,3.75,80.6
0.195,0.602,83,social,home,08:00,-9.0,0.0
0.83,0.245,85,work,office,,-1,120.1
0.581,0.798,47,health,outdoor,23:15,14.25,84.7
0.686,0.489,79,work,cafe,08:00,-5.0,0.0
0.427,0.897,48,health,gym,,-1,84.3
0.415,0.439,88,social,cafe,,-1,108.3
0.582,0.456,78,study,office,,-1,103.6
0.365,0.664,111,work,home,,-1,111.3
0.425,0.685,105,work,home,21:00,-1.0,115.6
0.571,0.287,23,errand,store,13:15,-4.75,0.0
0.633,0.912,22,health,outdoor,18:15,12.25,56.9
0.468,0.869,90,work,office,,-1,130.1
0.678,0.234,36,study,home,,-1,39.5
0.42,0.929,82,study,office,,-1,109.6
0.421,0.438,150,social,home,23:15,8.25,156.6
0.348,0.368,47,work,office,23:15,15.25,68.3
0.881,0.708,111,work,office,,-1,179.6
0.599,0.701,50,work,office,,-1,69.4
0.275,0.283,105,social,outdoor,,-1,122.3
0.22,0.308,74,study,home,,-1,71.3
0.236,0.683,53,work,cafe,,-1,60.0
0.741,0.626,119,study,office,20:18,2.3,159.8
0.598,0.72,97,work,office,13:15,-8.75,0.0
0.637,0.819,30,study,cafe,21:18,7.3,44.6
0.585,0.573,66,work,office,10:45,-2.25,0.0
0.618,0.753,22,health,home,14:45,8.75,24.6
0.69,0.85,34,work,home,,-1,46.5
0.0,0.472,27,errand,home,,-1,12.8
0.851,0.275,161,social,home,,-1,203.6
0.26,0.838,119,study,cafe,17:30,-0.5,0.0
0.425,0.625,103,work,office,20:18,6.3,126.4
0.677,0.529,119,work,home,17:00,11.0,141.2
0.507,0.499,43,errand,store,09:15,-3.75,0.0
0.206,0.256,66,personal,cafe,,-1,62.0
0.243,0.21,35,errand,outdoor,23:15,17.25,59.5
0.803,0.499,44,study,office,08:18,-10.7,0.0
0.0,0.0,47,personal,home,,-1,26.9
0.496,0.48,81,study,home,17:45,8.75,86.1
0.625,0.586,26,health,outdoor,13:45,-6.25,0.0
0.627,0.549,52,health,outdoor,,-1,82.2
0.291,0.401,43,errand,home,,-1,33.7
0.439,0.603,162,social,outdoor,15:30,-5.5,0.0
0.518,0.609,35,study,home,,-1,40.0
0.557,0.491,108,study,cafe,,-1,115.9
0.036,0.538,26,errand,outdoor,15:30,-0.5,0.0
0.172,0.491,18,personal,store,16:30,-3.5,0.0
0.228,0.365,146,social,cafe,,-1,147.8
0.395,0.448,39,personal,home,11:00,5.0,28.9
0.289,0.409,99,study,home,,-1,88.7
0.494,0.576,71,personal,cafe,,-1,75.0
0.784,0.206,22,personal,store,10:45,-6.25,0.0
0.771,0.534,55,work,office,,-1,89.0
0.737,0.743,38,health,home,,-1,46.7
0.503,0.79,102,work,home,19:45,4.75,115.5
0.386,0.695,45,personal,cafe,18:45,9.75,47.0
0.335,0.653,54,health,outdoor,,-1,84.0
0.274,0.353,27,personal,store,,-1,34.6
0.763,0.677,63,social,cafe,22:15,12.25,79.4
0.382,0.507,85,personal,home,23:15,12.25,79.2
0.481,0.615,13,errand,outdoor,16:15,-5.75,0.0
0.329,0.53,52,health,home,,-1,60.8
0.88,0.584,82,study,cafe,,-1,120.4
0.806,0.56,81,study,office,23:18,8.3,115.2
0.272,0.487,55,personal,cafe,08:15,-8.75,0.0
0.412,0.557,40,health,home,17:15,4.25,45.5
0.358,0.277,22,errand,outdoor,19:00,3.0,44.2
0.359,0.457,58,personal,home,,-1,52.0
0.511,0.465,127,social,outdoor,23:30,9.5,157.3
0.815,0.532,94,work,cafe,,-1,131.1
0.433,0.541,103,work,office,,-1,119.7
0.395,1.0,43,health,outdoor,,-1,86.2
0.455,0.505,51,study,office,,-1,69.2
0.087,0.441,50,work,cafe,18:00,6.0,64.8
0.102,0.948,13,errand,home,,-1,10.6
0.222,0.251,43,errand,outdoor,,-1,62.5
0.405,0.333,89,social,cafe,23:15,13.25,90.0
0.798,0.553,33,personal,cafe,,-1,47.6
0.335,0.422,38,work,office,,-1,58.5
0.242,0.865,110,study,home,12:00,3.0,127.8
0.029,0.645,46,personal,cafe,,-1,42.6
0.473,0.489,91,work,office,17:15,11.25,114.9
0.477,0.9,24,health,outdoor,22:30,8.5,61.0
0.559,0.53,69,social,home,,-1,72.1
0.237,0.324,27,errand,outdoor,23:18,15.3,47.8
0.497,0.549,33,errand,outdoor,,-1,49.3
0.417,0.235,61,personal,home,17:30,-2.5,0.0
0.122,0.0,14,errand,outdoor,19:15,7.25,35.1
0.447,0.489,43,work,office,22:18,13.3,62.1
0.351,0.43,60,study,office,12:15,-8.75,0.0
0.448,0.448,78,study,home,,-1,77.0
0.698,0.16,35,personal,store,21:18,5.3,41.5
0.296,0.678,19,errand,outdoor,,-1,40.6
0.903,0.725,116,work,office,21:45,14.75,185.6
0.383,0.651,101,work,home,,-1,116.7
0.624,0.807,25,health,home,19:30,8.5,32.6
0.795,0.876,46,study,home,,-1,59.8
0.403,0.152,134,social,outdoor,,-1,147.7
0.736,0.49,66,study,office,,-1,94.4
0.36,0.415,44,errand,store,,-1,56.5
0.403,0.286,70,personal,cafe,,-1,76.8
0.645,0.318,88,study,office,17:15,-2.75,0.0
0.512,0.497,57,work,cafe,16:45,0.75,61.7
0.249,0.709,35,work,office,19:00,-3.0,0.0
0.592,0.667,92,study,office,,-1,117.0
0.177,0.714,43,study,home,,-1,39.2
0.536,0.333,119,study,office,10:30,-5.5,0.0
0.366,0.278,28,personal,cafe,09:18,0.3,28.6
0.022,0.594,32,errand,store,13:45,4.75,37.1
0.513,0.517,24,errand,home,,-1,15.3
0.16,0.697,88,personal,home,,-1,71.5
0.449,0.569,143,social,outdoor,22:45,13.75,165.5
0.534,0.659,107,study,office,,-1,124.6
0.211,0.408,34,errand,outdoor,,-1,48.7
0.776,0.794,46,health,outdoor,,-1,90.7
0.913,0.928,21,personal,home,12:45,4.75,31.2
0.694,0.206,88,study,office,,-1,115.4
0.237,0.188,62,personal,cafe,17:15,7.25,55.6
0.429,0.348,74,personal,home,22:30,10.5,70.3
0.572,0.572,111,work,office,08:15,-11.75,0.0
0.751,0.245,35,work,cafe,,-1,47.2
0.537,0.556,96,work,cafe,13:00,1.0,103.3
0.764,0.614,72,work,home,10:45,4.75,86.4
0.948,0.315,58,work,office,15:00,7.0,104.2
0.455,0.729,13,errand,home,,-1,13.7
0.428,0.372,80,personal,home,,-1,71.1
0.195,0.398,41,errand,store,13:00,-9.0,0.0
0.571,0.311,42,errand,outdoor,14:15,-5.75,0.0
0.134,0.279,86,personal,cafe,,-1,76.2
0.585,0.785,20,health,home,,-1,23.8
0.278,0.575,85,personal,store,16:15,-0.75,0.0
0.422,0.567,36,study,cafe,13:18,3.3,51.7
0.767,0.718,47,health,gym,,-1,84.4
0.323,0.497,62,personal,cafe,,-1,65.2
0.562,0.12,83,personal,cafe,,-1,71.4
0.323,0.193,28,errand,home,20:18,10.3,20.5
0.305,0.915,46,study,office,09:30,0.5,55.1
0.091,0.287,44,personal,home,,-1,35.3
0.113,0.485,41,errand,outdoor,11:45,-3.25,0.0
0.372,0.359,77,study,cafe,22:45,11.75,93.3
0.46,1.0,25,health,outdoor,12:45,5.75,58.3
0.67,0.27,42,personal,home,20:18,7.3,31.3
0.551,0.458,68,work,home,,-1,74.6
0.522,0.577,96,study,office,,-1,110.7
0.204,0.246,30,personal,home,,-1,23.7
0.772,0.522,114,work,office,15:18,-5.7,0.0
0.108,0.186,36,personal,store,23:45,8.75,31.8
0.376,0.766,54,personal,home,,-1,49.4
0.462,0.0,45,study,home,12:45,-4.25,0.0
0.625,0.81,93,social,home,20:45,0.75,81.6
0.299,0.568,15,errand,outdoor,15:00,-5.0,0.0
0.275,0.212,112,social,outdoor,20:18,4.3,121.5
0.39,0.044,24,personal,cafe,12:15,-0.75,0.0
0.453,0.576,132,social,cafe,,-1,144.8
0.676,0.146,80,social,outdoor,15:15,-6.75,0.0
0.514,0.3,126,social,cafe,,-1,139.0
0.621,0.304,20,errand,outdoor,11:15,-6.75,0.0
0.799,0.459,35,work,office,,-1,60.2
0.249,0.253,32,personal,home,,-1,26.1
0.311,0.189,88,social,outdoor,23:18,1.3,94.0
0.824,0.494,108,work,office,,-1,156.9
0.436,0.594,43,health,home,,-1,51.7
0.551,0.8,106,work,cafe,,-1,136.2
0.551,0.258,15,errand,home,21:15,6.25,17.4
0.67,0.657,33,work,home,,-1,36.8
0.584,0.585,108,work,home,,-1,125.6
0.295,0.546,21,errand,store,,-1,31.7
0.598,0.606,58,personal,cafe,11:30,-5.5,0.0
0.411,0.518,75,personal,home,13:00,6.0,70.9
0.493,0.789,58,study,cafe,,-1,79.7
0.396,0.847,92,work,cafe,15:18,-3.7,0.0
0.53,0.498,105,work,home,14:15,5.25,106.1
0.458,0.591,33,work,home,19:18,7.3,35.2
0.4,0.578,102,work,cafe,,-1,115.4
0.297,0.753,173,social,outdoor,,-1,202.4
0.881,0.561,94,study,office,15:00,8.0,140.3
0.433,0.858,98,study,office,,-1,130.5
0.399,0.418,84,personal,home,,-1,74.0
0.892,0.784,37,study,cafe,11:30,3.5,65.5
0.511,0.585,24,errand,store,11:00,-6.0,0.0
0.625,0.762,103,study,cafe,16:15,3.25,130.4
0.607,0.216,25,personal,cafe,18:45,1.75,34.0
0.225,0.489,38,errand,outdoor,23:18,2.3,57.2
0.846,0.551,99,social,outdoor,,-1,162.1
0.357,0.411,77,personal,store,20:30,8.5,77.9
0.222,0.201,125,social,cafe,23:45,9.75,114.5
0.201,0.335,26,errand,store,,-1,27.6
0.354,0.422,47,personal,store,,-1,51.3
0.77,0.727,87,work,office,21:15,11.25,130.1
0.779,0.74,56,health,gym,,-1,103.2
0.557,0.456,47,study,cafe,,-1,62.1
0.751,0.751,115,study,home,,-1,141.8
0.401,0.765,78,work,office,,-1,98.0
0.749,0.623,175,social,home,12:15,-7.75,0.0
0.268,0.349,41,errand,store,14:15,-7.75,0.0
0.477,0.308,45,work,cafe,20:15,13.25,53.1
0.645,0.657,94,work,office,,-1,116.4
0.477,0.098,75,work,home,11:18,-3.7,0.0
0.701,0.615,47,health,outdoor,,-1,78.3
0.38,0.517,135,social,outdoor,15:00,2.0,144.7
0.853,0.789,51,health,outdoor,16:00,-5.0,0.0
0.169,0.342,81,personal,store,11:00,5.0,73.7
0.713,0.647,115,work,home,,-1,140.5
0.506,0.499,60,study,home,17:18,3.3,65.6
0.586,0.536,57,personal,store,12:18,1.3,60.3
0.379,0.348,155,social,cafe,17:15,3.25,162.2
0.033,0.647,64,study,cafe,23:00,2.0,65.1
0.608,0.412,59,study,home,19:45,12.75,62.1
0.333,0.555,102,work,cafe,,-1,121.9
0.655,0.774,46,study,cafe,,-1,66.6
0.59,0.267,67,study,office,20:30,0.5,62.9
0.86,0.813,71,study,cafe,,-1,104.4
1.0,0.851,114,study,cafe,22:30,16.5,181.2
0.663,0.293,35,health,home,14:18,-6.7,0.0
0.345,0.594,65,personal,store,12:00,-8.0,0.0
0.373,0.554,80,work,cafe,,-1,103.8
0.337,0.424,17,errand,store,18:45,9.75,23.6
0.256,0.406,44,personal,cafe,12:15,3.25,40.3
0.65,0.477,109,work,cafe,,-1,135.4
0.713,0.559,49,work,home,,-1,58.7
0.88,0.787,29,health,gym,15:00,-6.0,0.0
0.555,0.621,36,health,gym,23:45,17.75,56.4
0.55,0.769,43,health,gym,11:45,-4.25,0.0
0.648,0.362,28,personal,store,21:18,1.3,34.0
0.792,0.378,46,work,office,13:18,2.3,79.5
0.311,0.704,13,errand,outdoor,09:45,0.75,32.6
0.703,0.85,47,study,cafe,18:18,10.3,72.2
0.71,1.0,43,health,outdoor,19:18,6.3,96.4
0.412,0.434,109,work,office,,-1,134.4
0.714,0.457,83,study,home,,-1,92.9
0.069,0.694,45,errand,store,16:15,-2.75,0.0
0.054,0.817,89,study,office,,-1,96.1
0.546,0.348,79,study,office,,-1,100.9
0.754,0.383,48,work,cafe,20:45,4.75,61.5
0.512,0.798,53,work,home,11:45,4.75,66.3
0.793,0.586,101,work,cafe,14:45,0.75,101.0
0.217,0.287,17,errand,outdoor,,-1,41.1
0.473,0.645,99,study,cafe,,-1,110.0
0.689,0.372,39,work,cafe,,-1,57.4
0.402,0.25,16,personal,store,,-1,21.6
0.423,0.254,39,personal,store,,-1,40.9
0.573,0.524,31,study,cafe,18:30,-1.5,0.0
0.553,0.321,84,personal,cafe,,-1,82.5
0.102,0.543,117,social,outdoor,11:45,0.75,0.0
0.668,0.908,55,health,outdoor,,-1,102.8
0.702,0.521,31,errand,home,,-1,32.8
0.526,0.438,35,personal,store,23:15,10.25,40.4
0.495,0.523,34,work,office,19:15,9.25,45.1
0.576,0.385,76,work,cafe,20:30,8.5,94.5
0.651,0.722,100,study,cafe,,-1,125.6
0.511,0.539,64,personal,cafe,,-1,65.5
0.56,0.524,109,study,home,14:00,-7.0,0.0
0.435,0.904,37,work,office,20:30,2.5,56.2
0.52,0.538,129,social,home,,-1,124.2
0.438,0.39,15,personal,home,22:45,8.75,13.1
0.469,0.866,86,work,home,20:00,9.0,100.0
0.369,0.355,75,personal,home,,-1,68.9
0.17,0.206,103,social,cafe,,-1,90.8
0.426,0.482,30,study,home,,-1,35.2
0.327,0.407,36,errand,home,,-1,33.8
0.689,0.476,37,personal,store,,-1,46.1
0.327,0.467,118,study,cafe,,-1,127.7
0.39,0.559,35,errand,store,10:15,0.25,34.0
0.355,0.424,23,personal,cafe,14:00,4.0,27.4
0.051,0.207,171,social,cafe,,-1,151.0
0.52,0.614,35,personal,store,,-1,40.8
0.53,0.6,41,health,home,,-1,43.7
0.748,0.35,90,work,home,21:00,8.0,102.4
0.571,0.303,117,work,cafe,,-1,138.6
0.548,0.75,30,study,home,,-1,29.4
0.417,0.514,83,study,office,21:00,7.0,99.1
0.481,0.746,39,work,office,,-1,51.1
0.677,0.931,65,work,cafe,,-1,103.1
0.153,0.324,91,study,cafe,20:15,5.25,87.7
0.021,0.536,64,study,home,12:30,-0.5,0.0
0.475,0.079,46,personal,store,13:00,-3.0,0.0
0.507,0.403,94,work,home,,-1,108.8
0.294,0.376,99,social,home,20:15,1.25,80.2
0.7,0.864,57,health,home,19:15,1.25,79.7
0.924,0.631,97,work,cafe,11:00,-3.0,0.0
0.46,0.946,50,health,outdoor,,-1,94.3
0.144,0.475,91,social,cafe,18:18,2.3,87.9
0.415,0.262,91,social,outdoor,,-1,113.9
0.463,0.605,33,work,office,16:15,2.25,50.4
0.476,0.456,112,work,cafe,18:15,4.25,129.3
0.71,0.651,11,errand,outdoor,,-1,36.5
0.514,0.799,58,work,office,23:18,15.3,83.9
0.76,0.412,81,work,cafe,,-1,106.6
0.406,0.509,82,personal,cafe,10:15,-1.75,0.0
0.378,0.434,20,personal,home,,-1,15.5
0.277,0.479,11,errand,store,09:45,-11.25,0.0
0.529,0.512,54,work,cafe,,-1,72.4
0.192,0.382,30,errand,outdoor,,-1,46.8
0.9,0.813,25,health,gym,22:15,14.25,58.4
0.482,0.508,38,study,cafe,,-1,45.3
0.261,0.647,24,errand,store,15:45,-2.25,0.0
0.668,0.295,91,work,cafe,,-1,113.1
0.462,0.558,89,personal,cafe,16:30,7.5,93.8
0.648,0.504,123,social,outdoor,16:45,-0.25,0.0
0.496,0.31,25,personal,home,,-1,22.4
0.49,0.813,40,personal,home,15:45,7.75,35.7
0.385,0.722,100,work,cafe,,-1,118.3
0.237,0.556,148,social,outdoor,19:00,3.0,163.5
0.692,0.645,20,health,gym,,-1,43.8
0.368,1.0,29,health,home,23:18,1.3,34.9
0.72,0.818,51,work,cafe,,-1,83.1
0.59,0.313,83,study,office,,-1,105.1
0.965,0.392,80,work,cafe,,-1,129.0
0.352,1.0,80,study,home,,-1,89.1
0.0,0.617,80,personal,cafe,08:45,-7.25,0.0
0.313,0.312,109,study,office,,-1,126.8
0.315,0.672,75,personal,home,19:00,9.0,57.9
0.222,0.275,20,personal,cafe,09:15,-3.75,0.0
0.303,0.051,48,personal,store,,-1,39.3
0.401,0.736,65,work,cafe,,-1,89.3
0.444,0.532,26,personal,cafe,,-1,39.1
0.677,0.479,100,social,home,18:00,6.0,104.2
0.089,0.469,141,social,home,13:18,5.3,112.2
0.819,0.773,97,work,cafe,17:45,5.75,146.4
0.249,0.47,65,work,home,,-1,69.2
0.42,0.681,39,work,cafe,,-1,53.1
1.0,0.818,56,health,outdoor,,-1,120.4
0.237,1.0,57,health,outdoor,,-1,91.9
0.243,0.277,75,personal,home,,-1,55.5
0.296,0.629,36,errand,home,,-1,29.2
0.189,0.83,96,work,cafe,,-1,110.5
0.434,0.567,56,study,cafe,23:30,11.5,69.9
0.412,0.523,69,study,office,,-1,90.1
0.286,0.576,44,errand,home,16:30,9.5,33.6
0.118,0.35,24,errand,home,12:15,3.25,23.2
0.755,0.916,22,health,gym,,-1,60.0
0.416,0.43,95,work,cafe,,-1,109.3
0.164,0.93,58,personal,home,,-1,47.8
0.242,0.351,68,work,office,,-1,84.7
0.382,0.4,60,social,outdoor,,-1,88.5
0.085,0.172,30,personal,cafe,,-1,28.6
0.869,0.414,116,work,cafe,18:00,6.0,171.3
0.414,0.762,24,health,home,08:18,-4.7,0.0
0.405,0.439,67,work,home,,-1,73.4
0.35,0.398,81,social,outdoor,,-1,104.4
0.759,0.625,78,personal,home,09:15,1.25,70.1
0.181,0.964,29,health,home,,-1,33.0
0.443,0.956,84,study,home,09:18,-11.7,0.0
0.671,0.626,31,health,outdoor,,-1,68.9
0.191,0.57,15,errand,home,,-1,12.7
0.539,0.534,84,work,cafe,09:30,-11.5,0.0
0.159,0.095,26,errand,store,08:00,-3.0,0.0
0.709,0.74,40,personal,cafe,,-1,50.6
0.216,0.711,35,personal,store,16:30,-2.5,0.0
0.772,0.488,56,work,home,08:18,-9.7,0.0
0.362,0.376,89,social,outdoor,,-1,117.0
0.52,0.264,120,social,outdoor,,-1,132.6
0.437,0.474,34,health,home,,-1,38.1
0.701,0.534,68,study,cafe,,-1,87.4
0.655,0.66,67,work,office,09:30,-5.5,0.0
0.026,0.059,67,personal,store,09:30,-7.5,0.0
0.178,0.339,151,social,outdoor,14:18,6.3,157.7
0.356,0.389,106,study,home,13:45,7.75,118.9
0.807,0.528,79,work,office,13:18,-2.7,0.0
0.247,0.746,111,study,cafe,,-1,118.1
0.325,0.574,38,study,cafe,,-1,45.4
0.752,0.632,101,work,office,,-1,139.1
0.686,0.812,96,study,home,,-1,120.2
0.148,0.45,52,personal,home,20:18,8.3,43.3
0.298,0.427,52,health,home,14:18,3.3,55.0
0.463,0.993,50,work,office,,-1,81.9
0.213,0.506,61,personal,cafe,,-1,57.4
0.653,0.354,62,personal,home,,-1,57.4
0.605,0.789,76,work,cafe,,-1,93.8
0.514,0.351,79,personal,home,13:30,1.5,74.1
0.138,0.46,53,personal,store,19:15,3.25,52.3
0.622,0.897,49,health,outdoor,09:30,3.5,86.6
0.394,0.568,101,work,home,,-1,109.7
0.187,0.521,51,health,home,,-1,53.5
0.017,0.582,43,health,home,,-1,39.7
0.469,0.348,118,work,office,,-1,138.3
0.498,0.549,60,personal,home,14:15,-5.75,0.0
0.461,0.517,156,social,cafe,,-1,156.8
0.263,0.11,12,errand,home,,-1,4.3
0.63,0.446,48,health,outdoor,20:00,8.0,81.8
0.24,0.922,68,work,office,20:00,12.0,90.5
0.306,0.558,119,study,office,,-1,128.9
0.226,0.017,29,personal,store,,-1,25.7
0.398,0.339,105,work,cafe,19:18,13.3,124.4
0.405,0.614,25,health,outdoor,13:15,-5.75,0.0
0.0,0.274,15,personal,home,15:00,-4.0,0.0
0.78,0.721,108,study,cafe,13:18,3.3,149.2
0.328,0.347,34,personal,home,09:00,-3.0,0.0
0.488,0.526,36,health,home,12:15,2.25,34.8
0.272,0.612,48,personal,home,21:00,4.0,39.2
0.218,0.324,16,errand,store,,-1,23.7
0.111,0.58,40,errand,store,14:00,5.0,38.4
0.735,0.329,119,work,home,,-1,145.7
0.228,0.541,92,social,home,08:00,2.0,87.0
0.237,0.595,50,personal,cafe,23:30,5.5,49.2
0.807,0.481,118,work,cafe,,-1,161.6
0.366,0.275,15,errand,home,,-1,16.7
0.295,0.768,97,social,home,21:30,6.5,96.2
0.701,0.618,117,study,office,13:00,0.0,0.0
0.669,0.72,104,work,cafe,19:18,8.3,128.7
0.632,0.56,61,personal,cafe,12:00,0.0,0.0
0.46,0.272,172,social,outdoor,21:30,14.5,209.4
0.28,0.58,92,study,office,,-1,106.9
0.608,0.734,33,study,home,14:15,-6.75,0.0
0.61,0.035,64,work,office,18:18,10.3,74.3
0.226,0.34,61,personal,cafe,21:45,15.75,61.2
0.51,0.353,60,personal,home,20:18,2.3,59.1
0.676,0.528,38,health,outdoor,,-1,73.8
0.738,0.589,45,health,outdoor,11:18,4.3,83.3
0.322,0.297,62,study,home,,-1,60.3
0.531,0.753,52,personal,home,,-1,48.2
0.53,0.755,68,work,home,21:18,2.3,78.6
0.389,0.536,63,personal,cafe,,-1,67.9
0.41,0.338,96,study,office,,-1,114.8
0.904,0.937,39,work,home,22:15,5.25,63.3
0.487,0.305,104,study,home,20:45,14.75,111.0
0.41,0.848,69,work,cafe,,-1,93.4
0.543,0.794,58,study,home,11:00,-5.0,0.0
0.0,0.428,38,errand,store,,-1,30.8
0.714,0.719,120,study,home,12:18,-0.7,0.0
0.523,0.438,101,work,cafe,22:15,14.25,119.6
0.375,0.511,27,personal,home,,-1,26.6
0.623,0.789,23,health,outdoor,23:00,9.0,50.5
0.624,0.277,151,social,outdoor,,-1,188.5
0.249,0.13,58,personal,store,12:00,-4.0,0.0
0.5,0.166,58,study,cafe,,-1,73.2
0.422,0.462,58,personal,home,12:15,-8.75,0.0
0.242,0.401,74,personal,cafe,,-1,66.3
0.547,0.393,45,work,cafe,14:30,4.5,53.3
0.703,0.653,110,study,office,,-1,138.9
0.408,0.517,44,personal,cafe,,-1,52.1
0.532,0.246,66,personal,cafe,10:45,-3.25,0.0
0.703,0.471,32,work,home,13:18,-4.7,0.0
0.375,0.72,44,health,outdoor,,-1,78.6
0.319,0.393,106,work,cafe,19:18,0.3,0.0
0.584,0.347,57,personal,home,10:45,-3.25,0.0
0.416,0.662,120,study,home,,-1,133.3
0.487,0.068,149,social,cafe,,-1,151.0
0.357,0.315,148,social,cafe,11:30,-10.5,0.0
0.543,0.926,28,health,gym,22:00,5.0,60.5
0.265,0.648,40,errand,outdoor,,-1,54.6
0.411,0.975,31,health,gym,,-1,61.8
0.0,0.687,44,errand,outdoor,,-1,55.0
0.39,0.343,126,social,home,,-1,126.2
0.445,0.0,74,personal,store,15:30,2.5,66.1
0.9,0.0,22,personal,home,19:15,12.25,25.5
0.427,0.354,35,work,office,,-1,56.3
0.199,0.332,51,personal,store,,-1,52.8
0.478,1.0,39,health,outdoor,12:30,-2.5,0.0
0.493,0.218,104,social,cafe,,-1,124.9
0.383,0.577,62,work,cafe,16:15,-3.75,0.0
0.464,0.134,155,social,home,,-1,165.4
0.828,0.28,72,study,office,,-1,107.9
0.603,0.667,45,study,home,,-1,49.6
0.131,0.176,39,personal,cafe,23:18,13.3,39.5
0.747,0.598,73,study,home,,-1,87.1
0.637,0.614,36,health,home,20:18,-0.7,0.0
0.904,0.815,25,health,outdoor,,-1,68.6
0.318,0.673,144,social,home,,-1,139.7
0.036,0.762,14,errand,store,,-1,20.9
0.647,0.134,72,social,outdoor,15:18,8.3,90.2
0.171,0.486,19,errand,home,,-1,12.6
0.141,0.05,66,personal,cafe,10:00,-1.0,52.2
0.481,0.172,21,personal,store,14:15,3.25,24.4
0.536,0.656,27,personal,cafe,20:30,13.5,35.0
0.233,0.163,38,personal,home,,-1,31.9
0.532,1.0,44,health,home,20:30,-0.5,0.0
0.251,0.225,44,errand,store,,-1,46.0
0.505,0.716,52,personal,store,,-1,60.1
0.292,0.674,30,study,home,10:00,-7.0,0.0
0.277,0.454,45,study,home,17:45,-3.25,0.0
0.668,0.495,90,work,cafe,21:00,11.0,115.7
0.178,0.652,45,study,home,08:15,1.25,37.7
0.358,0.719,77,personal,store,,-1,72.2
0.323,0.415,15,errand,store,08:18,2.3,25.9
0.437,0.521,93,study,cafe,19:00,-1.0,106.4
0.521,0.41,114,work,home,09:30,-7.5,0.0
0.562,0.453,67,study,cafe,08:18,-2.7,0.0
0.448,0.186,60,social,cafe,,-1,70.1
0.376,0.367,60,social,cafe,16:30,2.5,70.8
0.616,0.537,37,work,office,,-1,55.5
0.424,0.349,49,personal,cafe,18:00,11.0,54.7
1.0,0.716,22,health,gym,12:18,-2.7,0.0
0.808,0.415,72,work,cafe,,-1,100.6
0.792,0.91,42,health,outdoor,10:18,-10.7,0.0
0.489,0.412,116,study,cafe,,-1,127.6
0.809,0.69,114,work,home,12:15,-9.75,0.0
0.48,0.381,64,personal,cafe,19:30,-0.5,0.0
0.377,0.517,85,study,cafe,16:18,2.3,92.6
0.731,0.724,92,study,office,12:30,1.5,114.6
0.115,0.389,20,personal,store,22:18,0.3,22.0
0.493,0.737,70,study,office,,-1,96.1
0.183,0.572,117,study,office,,-1,105.6
0.641,0.484,124,social,cafe,,-1,136.8
0.535,0.104,76,personal,home,,-1,56.0
0.346,0.168,82,social,home,21:15,6.25,74.5
0.539,0.186,49,personal,home,08:18,1.3,39.9
0.089,0.444,26,errand,home,,-1,21.7
0.461,0.233,119,work,home,22:00,1.0,90.2
0.539,0.648,58,personal,home,,-1,52.6
0.254,0.251,58,personal,store,10:00,-4.0,0.0
0.548,0.132,29,personal,store,,-1,32.8
0.421,0.411,32,health,home,,-1,38.4
0.1,0.536,69,personal,home,,-1,51.2
0.49,0.53,83,personal,cafe,,-1,80.5
0.316,0.899,25,health,gym,19:30,6.5,50.1
0.567,0.656,92,social,outdoor,,-1,119.7
0.141,0.722,11,errand,outdoor,,-1,34.5
0.289,0.583,30,errand,outdoor,,-1,53.2
0.381,0.563,78,work,home,,-1,88.5
0.826,0.679,54,work,office,,-1,86.7
0.522,0.229,39,work,cafe,,-1,48.4
0.669,0.652,77,personal,home,18:15,7.25,73.4
0.553,0.355,74,work,cafe,,-1,90.6
0.548,0.664,36,study,home,14:00,4.0,41.9
0.489,0.385,137,social,outdoor,,-1,170.8
0.113,0.786,45,errand,store,,-1,42.0
0.784,0.853,56,health,outdoor,23:45,6.75,108.9
0.766,0.822,54,health,gym,,-1,100.8
0.381,0.252,39,work,office,16:15,-1.75,0.0
0.234,0.459,11,errand,home,,-1,5.3
0.806,0.523,54,work,office,,-1,86.5
0.138,0.579,60,personal,store,16:30,2.5,56.3
0.675,0.541,100,social,home,,-1,109.5
0.465,0.357,75,study,office,,-1,87.1
0.604,0.996,21,health,gym,,-1,45.4
0.819,0.707,33,work,cafe,16:45,3.75,54.1
0.734,0.988,97,work,home,14:15,-6.75,0.0
0.152,0.71,94,social,cafe,22:15,6.25,97.1
0.604,0.749,107,work,home,,-1,122.3
0.745,0.784,71,study,cafe,,-1,94.6
0.465,0.41,50,work,office,,-1,71.9
0.296,0.443,34,personal,cafe,10:30,2.5,43.7
0.403,0.463,84,study,cafe,10:45,4.75,99.1
0.619,0.512,56,study,office,,-1,78.5
0.654,0.647,120,work,cafe,,-1,147.3
0.629,1.0,28,health,home,,-1,44.2
0.331,0.603,57,study,cafe,15:15,6.25,70.9
0.781,0.566,44,personal,store,08:00,-6.0,0.0
0.392,0.0,29,errand,outdoor,15:15,7.25,51.5
0.414,0.241,63,personal,home,,-1,50.0
0.604,0.0,17,errand,store,,-1,24.2
0.742,0.0,169,social,home,,-1,167.9
0.656,0.534,38,study,cafe,,-1,52.1
0.043,0.451,32,errand,outdoor,09:45,-1.25,0.0
0.371,0.153,25,personal,cafe,,-1,27.4
0.192,0.628,39,personal,home,,-1,31.9
0.464,0.052,82,social,cafe,10:45,0.75,58.5
0.0,0.417,89,personal,cafe,09:15,-12.75,0.0
0.469,0.444,37,study,home,,-1,35.4
0.72,0.613,82,study,home,10:18,-9.7,0.0
0.562,0.019,70,social,outdoor,16:45,1.75,86.4
0.808,0.476,79,work,home,,-1,98.3
0.007,0.62,40,study,office,12:15,4.25,45.9
0.482,0.281,36,personal,store,,-1,37.0
0.36,0.498,72,work,office,,-1,88.9
0.458,0.39,105,work,home,,-1,117.7
0.792,0.71,100,work,office,23:15,9.25,140.6
0.715,0.682,53,health,outdoor,,-1,98.7
0.0,0.305,45,errand,outdoor,,-1,58.0
0.442,0.416,66,personal,home,12:00,-2.0,0.0
0.427,0.164,44,personal,home,,-1,35.2
0.675,0.296,16,errand,outdoor,,-1,39.3
0.148,0.49,41,errand,outdoor,,-1,55.6
0.0,0.466,74,study,office,,-1,70.9
0.575,0.889,42,study,office,,-1,65.7
0.527,0.655,79,work,home,16:15,-0.75,0.0
0.129,0.173,33,personal,cafe,,-1,36.7
0.711,0.574,41,health,home,23:00,5.0,49.1
0.506,0.638,34,study,home,,-1,38.8
0.311,0.407,26,errand,store,18:18,12.3,31.7
0.659,0.536,75,study,cafe,23:18,2.3,95.7
0.744,0.167,95,study,home,,-1,105.4
0.593,0.75,108,work,office,,-1,130.5
0.452,0.31,72,personal,store,16:18,-1.7,0.0
0.819,0.617,23,health,gym,,-1,56.3
0.049,0.264,40,errand,store,14:45,-6.25,0.0
0.871,0.653,62,personal,cafe,09:30,-6.5,0.0
0.518,0.125,172,social,outdoor,09:30,-0.5,0.0
0.538,0.298,72,study,cafe,,-1,80.3
0.696,0.642,38,personal,home,,-1,37.8
0.159,0.619,65,personal,store,16:30,-1.5,0.0
0.718,0.554,48,study,home,23:18,12.3,54.7
0.743,0.26,21,personal,store,,-1,29.7
0.614,0.679,53,work,home,,-1,57.7
0.304,0.464,156,social,home,,-1,149.2
0.563,0.731,82,study,home,22:30,16.5,94.4
0.283,0.551,70,personal,cafe,20:45,11.75,64.8
0.618,0.958,51,health,gym,12:30,1.5,92.8
0.53,0.851,103,work,home,11:45,-9.25,0.0
0.541,0.325,25,personal,cafe,,-1,30.8
0.091,0.7,12,errand,store,13:00,0.0,0.0
0.675,0.293,48,personal,cafe,20:15,5.25,52.4
0.154,0.658,43,personal,store,12:00,-2.0,0.0
0.585,0.828,43,study,office,,-1,58.7
0.373,0.125,38,personal,home,15:30,-1.5,0.0
0.562,0.338,29,errand,home,14:15,2.25,24.4
0.426,0.41,40,work,home,23:18,8.3,45.3
0.311,0.677,37,health,gym,,-1,56.7
0.457,0.05,161,social,outdoor,,-1,167.9
0.3,0.109,118,social,cafe,,-1,107.9
0.72,0.171,82,personal,cafe,,-1,87.6
0.384,0.251,69,study,home,,-1,76.6
0.304,0.448,36,errand,outdoor,14:00,-2.0,0.0
0.264,0.304,117,study,home,,-1,120.0
0.4,0.399,74,personal,cafe,12:15,1.25,70.1
0.549,0.0,11,errand,home,,-1,3.4
0.282,0.844,27,health,home,,-1,27.5
0.166,0.814,27,errand,outdoor,,-1,53.4
0.513,0.827,117,work,office,,-1,157.5
0.364,0.996,64,study,cafe,,-1,85.4
0.675,0.897,51,health,outdoor,17:18,11.3,100.4
0.328,0.817,42,health,outdoor,20:18,9.3,74.2
0.566,0.793,81,study,cafe,,-1,99.5
0.696,0.624,109,work,office,21:45,14.75,156.5
0.686,0.655,45,health,home,21:30,6.5,58.7
0.343,0.521,32,work,home,18:45,7.75,30.8
0.619,0.464,54,health,gym,,-1,85.3
0.335,0.361,123,social,home,13:18,-4.7,0.0
1.0,0.254,32,work,home,,-1,50.0
0.57,0.31,44,personal,cafe,14:18,3.3,45.7
0.741,0.577,109,work,home,23:00,11.0,129.7
0.549,0.565,15,errand,store,20:30,2.5,23.3
0.395,0.854,112,work,office,,-1,147.4
0.734,0.519,56,personal,cafe,,-1,60.6
1.0,0.811,52,health,home,,-1,90.6
0.408,0.602,99,work,cafe,,-1,120.7
0.332,0.57,39,errand,home,,-1,34.6
0.488,0.777,43,errand,home,14:45,-3.25,0.0
0.592,0.416,75,social,cafe,20:30,7.5,89.4
0.334,0.128,112,social,home,10:18,4.3,93.9
0.71,0.344,108,work,home,08:30,-5.5,0.0
0.641,0.433,180,social,cafe,22:00,2.0,169.4
0.566,0.433,24,personal,cafe,,-1,28.0
0.447,0.438,113,work,cafe,,-1,138.3
0.255,0.424,26,personal,store,,-1,33.9
0.729,0.344,65,study,cafe,22:45,2.75,92.2
0.63,0.432,28,health,outdoor,18:30,9.5,56.5
0.195,0.612,51,personal,home,,-1,42.1
0.73,0.5,69,personal,home,,-1,71.8
0.028,0.151,18,personal,store,22:00,8.0,24.9
0.819,0.332,39,health,home,,-1,46.9
0.405,0.605,15,personal,store,,-1,24.9
0.413,0.558,36,study,office,,-1,47.9
0.517,0.101,60,personal,store,16:45,0.75,46.9
0.028,0.184,38,errand,store,16:45,-3.25,0.0
0.73,0.336,39,personal,store,17:15,10.25,44.0
1.0,0.44,56,work,home,18:30,12.5,84.0
0.435,0.305,40,work,home,09:45,1.75,43.3
0.389,0.528,160,social,cafe,,-1,175.5
0.489,0.086,75,social,home,,-1,68.3
0.389,0.241,84,personal,home,,-1,67.3
0.617,0.495,140,social,outdoor,,-1,162.7
0.68,0.762,45,health,home,,-1,62.5
0.369,0.864,31,errand,outdoor,09:30,-10.5,0.0
0.499,0.502,50,work,cafe,,-1,70.3
0.305,0.491,21,errand,store,,-1,27.3
0.255,0.0,39,personal,store,,-1,44.0
0.819,0.596,93,study,office,,-1,130.8
0.41,0.484,135,social,home,23:00,17.0,138.4
0.464,0.739,37,health,home,18:45,5.75,43.3
0.629,0.441,101,work,cafe,19:15,12.25,118.1
0.754,0.669,55,health,outdoor,17:18,7.3,93.3
0.411,0.536,118,study,office,21:00,9.0,134.6
0.416,0.698,74,work,home,,-1,81.1
0.423,0.46,45,errand,outdoor,11:18,-3.7,0.0
0.403,0.475,59,personal,cafe,,-1,65.1
0.502,0.132,50,personal,home,,-1,38.0
0.164,0.527,56,work,home,19:18,11.3,48.8
0.475,0.524,35,personal,store,11:00,0.0,0.0
0.532,0.426,103,social,outdoor,19:18,-2.7,0.0
0.227,0.439,47,personal,store,,-1,43.5
0.102,0.356,33,errand,store,,-1,32.5
0.764,0.545,31,personal,home,,-1,26.6
0.231,0.136,22,errand,home,,-1,18.2
0.409,0.604,42,errand,outdoor,08:30,-9.5,0.0
0.496,0.429,35,errand,store,17:00,10.0,43.9
0.351,0.714,26,errand,store,,-1,35.2
0.721,0.687,94,study,home,,-1,109.2
0.509,0.82,50,work,home,22:18,3.3,55.4
0.282,0.883,45,work,cafe,12:18,6.3,67.5
0.306,0.613,27,errand,store,10:15,-6.75,0.0
0.595,0.561,15,personal,store,,-1,22.1
0.553,0.402,39,work,home,08:00,-6.0,0.0
0.239,0.271,21,personal,home,,-1,12.7
0.569,0.474,109,study,home,09:15,2.25,122.6
0.418,0.114,129,social,cafe,,-1,119.2
0.198,0.47,24,errand,home,,-1,15.9
0.693,0.3,63,study,home,,-1,72.3
0.427,0.153,108,social,outdoor,15:15,1.25,118.1
0.276,0.373,89,personal,home,10:45,-7.25,0.0
0.114,0.538,39,errand,outdoor,11:18,-3.7,0.0
0.322,0.528,74,work,office,16:00,10.0,98.9
0.996,0.626,74,work,cafe,,-1,120.2
0.758,0.371,30,errand,store,22:30,11.5,40.4
0.316,0.682,54,work,home,,-1,59.9
0.609,0.07,18,errand,home,21:45,10.75,9.6
0.678,0.579,20,health,home,19:15,1.25,22.0
0.555,0.155,32,personal,store,,-1,31.7
0.671,0.66,96,work,office,,-1,131.6
0.388,0.74,10,errand,home,,-1,8.9
0.598,0.456,113,work,cafe,21:15,12.25,124.9
0.33,0.586,35,work,office,22:30,5.5,44.1
0.73,1.0,48,health,gym,20:45,1.75,99.3
0.551,0.58,45,health,home,,-1,49.9
0.455,0.471,58,health,gym,,-1,89.1
0.003,0.485,11,errand,store,16:18,8.3,13.3
0.454,0.191,57,personal,cafe,,-1,54.8
0.273,0.287,84,personal,cafe,,-1,84.4
0.548,0.297,99,study,home,,-1,102.3
0.171,0.445,23,personal,store,,-1,27.5
0.541,0.538,69,study,office,13:00,1.0,77.7
0.238,0.751,90,study,office,17:45,4.75,104.3
0.571,0.608,33,health,outdoor,23:18,16.3,64.1
0.107,0.609,44,errand,home,,-1,37.0
0.494,0.411,50,personal,home,,-1,43.7
0.284,0.956,64,work,office,,-1,86.9
0.574,0.43,40,work,home,,-1,45.4
0.431,0.249,63,personal,store,,-1,65.4
0.364,0.459,15,personal,home,,-1,17.7
0.231,0.17,74,personal,store,,-1,64.6
0.661,0.409,69,study,office,13:30,-5.5,0.0
0.603,0.406,48,personal,store,22:00,2.0,52.6
0.851,0.468,49,personal,home,12:18,-8.7,0.0
0.578,0.574,45,health,home,,-1,47.1
0.347,0.76,91,work,home,,-1,107.6
0.16,0.502,19,errand,home,15:15,0.25,16.2
0.731,0.721,30,work,cafe,21:15,7.25,48.0
0.466,0.282,157,social,cafe,,-1,157.4
0.408,0.644,91,work,cafe,,-1,106.4
0.0,0.263,38,errand,home,,-1,27.6
0.432,0.664,72,work,home,,-1,78.0
0.452,0.816,74,work,cafe,20:30,9.5,89.0
0.553,0.595,103,work,office,08:45,2.75,132.8
0.255,0.822,52,work,cafe,23:18,2.3,67.5
0.32,0.501,89,personal,home,08:00,-9.0,0.0
0.335,0.211,12,errand,home,20:18,11.3,12.2
0.671,1.0,39,health,gym,23:45,11.75,77.1
0.34,0.487,141,social,home,13:00,0.0,0.0
0.84,0.49,114,study,home,,-1,144.8
0.277,0.382,78,personal,home,10:18,-2.7,0.0
0.371,0.361,163,social,outdoor,08:30,-6.5,0.0
0.344,0.627,85,work,office,,-1,105.7
0.168,0.13,63,personal,cafe,,-1,52.9
0.455,0.89,22,health,gym,12:00,-5.0,0.0
0.557,0.399,77,study,office,11:00,-7.0,0.0
0.768,0.45,44,errand,outdoor,,-1,71.7
0.607,0.487,51,health,home,,-1,61.5
0.133,0.617,32,errand,home,19:45,2.75,25.9
0.752,0.561,42,work,cafe,,-1,59.8
0.69,0.615,114,study,cafe,,-1,141.2
0.64,0.861,24,health,gym,23:45,10.75,54.3
0.573,0.878,49,study,home,,-1,56.9
0.404,0.693,13,errand,home,22:45,8.75,6.5
0.343,0.425,114,social,outdoor,17:15,-3.75,0.0
0.256,0.702,96,social,outdoor,,-1,114.9
0.661,0.398,86,study,cafe,10:30,-11.5,0.0
0.77,0.377,54,work,home,22:15,2.25,72.0
0.41,0.376,110,social,home,19:15,10.25,111.2
0.28,0.652,42,errand,outdoor,15:15,0.25,0.0
0.651,0.642,40,study,home,,-1,42.5
0.577,0.479,41,work,office,13:18,-5.7,0.0
0.273,0.349,79,personal,cafe,,-1,83.3
0.0,0.865,60,health,gym,18:45,6.75,73.1
0.386,0.724,39,personal,home,,-1,29.1
0.678,0.574,52,study,office,18:18,-2.7,0.0
0.357,0.61,75,personal,store,09:15,-4.75,0.0
0.104,0.304,48,personal,cafe,15:15,-4.75,0.0
0.725,0.385,80,work,cafe,,-1,108.5
0.425,0.281,96,social,home,09:45,-5.25,0.0
0.381,0.173,52,personal,store,,-1,49.3
0.333,0.258,18,personal,store,22:15,12.25,24.6
0.747,0.676,83,work,cafe,,-1,116.3
0.604,0.896,32,work,cafe,,-1,50.2
0.453,0.565,24,personal,store,10:30,3.5,30.6
0.404,0.285,25,personal,store,09:30,-7.5,0.0
0.956,0.607,31,health,gym,17:18,2.3,66.1
0.178,0.282,11,errand,outdoor,12:45,-7.25,0.0
0.191,0.236,75,personal,store,21:15,8.25,73.1
0.315,0.389,72,personal,store,,-1,70.5
0.479,0.713,37,health,outdoor,,-1,70.0
0.703,0.608,54,work,office,,-1,80.0
0.658,0.909,73,work,office,13:30,-7.5,0.0
0.448,0.419,51,health,gym,13:30,-0.5,0.0
0.596,0.467,39,work,office,11:18,1.3,62.2
0.416,0.503,49,personal,home,20:30,14.5,41.9
0.272,0.375,84,study,cafe,12:45,-9.25,0.0
0.348,0.657,149,social,home,21:15,9.25,142.9
0.637,0.46,48,health,home,,-1,53.4
0.532,0.244,26,errand,outdoor,08:15,-7.75,0.0
0.596,0.67,65,personal,home,08:45,-2.25,0.0
0.428,0.955,95,work,office,,-1,129.3
0.614,0.522,68,work,cafe,23:00,12.0,91.4
0.045,0.538,88,personal,home,,-1,55.9
0.534,0.593,34,errand,home,10:15,-6.75,0.0
0.442,0.881,34,work,office,19:45,6.75,58.5
0.356,0.272,23,personal,cafe,,-1,32.8
0.441,0.401,84,social,outdoor,,-1,113.5
0.442,0.657,76,personal,home,13:15,-4.75,0.0
0.661,0.522,46,study,cafe,,-1,59.2
0.322,0.287,57,work,office,23:45,15.75,66.2
0.742,0.506,30,work,home,21:18,5.3,33.7
0.382,0.671,14,errand,store,18:15,3.25,25.1
0.67,0.732,115,study,office,13:15,1.25,128.3
0.402,0.602,67,personal,home,,-1,62.0
0.245,0.456,60,personal,store,,-1,59.5
0.681,0.096,42,work,office,,-1,55.5
0.348,0.307,42,errand,home,,-1,37.0
0.653,0.423,89,work,cafe,16:00,9.0,113.1
0.873,0.952,71,work,home,22:00,14.0,117.2
0.293,0.529,47,personal,store,,-1,48.4
0.561,0.482,112,work,office,21:15,9.25,142.8
0.656,0.42,120,work,cafe,,-1,156.8
0.631,0.381,64,personal,home,,-1,57.3
0.243,0.369,11,errand,home,,-1,6.1
0.498,0.615,33,study,cafe,15:00,2.0,43.5
0.611,0.263,44,study,cafe,09:45,-11.25,0.0
0.62,0.714,34,work,cafe,20:45,10.75,42.8
0.348,0.521,65,work,office,,-1,85.1
0.769,0.981,27,health,home,,-1,44.6
0.702,0.457,17,personal,store,,-1,28.3
0.747,0.392,88,study,home,14:00,6.0,107.9
0.411,0.657,52,personal,store,,-1,50.6
0.291,0.137,30,personal,store,12:45,-8.25,0.0
0.188,0.105,113,social,home,18:00,-3.0,0.0
0.857,0.585,49,work,home,09:30,-7.5,0.0
0.342,0.316,96,social,cafe,08:00,0.0,0.0
0.302,0.453,42,errand,store,15:15,6.25,49.5
0.554,0.786,100,study,office,16:00,-5.0,0.0
0.556,0.716,72,personal,store,,-1,74.0
0.722,0.69,111,study,home,,-1,127.9
0.741,0.324,55,work,cafe,,-1,71.4
0.464,0.766,57,work,cafe,,-1,80.6
0.392,0.376,131,social,home,,-1,133.9
0.66,0.627,94,work,cafe,23:15,4.25,118.3
0.613,0.527,31,work,home,,-1,36.3
0.407,0.5,81,study,home,20:30,4.5,87.4
0.195,0.653,50,personal,home,,-1,38.9
0.266,0.567,24,errand,store,,-1,33.0
0.737,0.219,91,social,home,,-1,101.1
0.588,0.571,116,work,office,,-1,142.9
0.112,0.141,88,personal,home,16:30,-2.5,0.0
0.333,0.193,28,personal,store,,-1,30.1
0.574,0.5,31,personal,store,,-1,40.4
0.87,0.184,35,personal,home,16:45,1.75,39.9
0.0,0.203,29,errand,home,20:18,9.3,22.2
0.267,0.742,13,errand,home,09:45,-5.25,0.0
0.26,0.389,88,social,home,21:30,10.5,75.9
0.0,0.217,32,errand,outdoor,21:45,7.75,43.8
0.321,0.473,55,health,home,,-1,54.9
0.453,0.583,108,work,home,11:18,-0.7,0.0
0.442,0.331,20,personal,home,08:15,-5.75,0.0
0.466,0.515,42,errand,outdoor,14:30,5.5,63.1
0.129,0.777,38,errand,home,17:00,11.0,33.7
0.537,0.28,76,work,office,15:18,-4.7,0.0
0.0,0.481,29,errand,home,,-1,12.4
0.872,0.706,97,work,home,,-1,143.1
0.741,0.638,96,work,home,,-1,114.0
0.831,0.43,50,study,home,,-1,62.0
0.326,0.307,58,personal,cafe,,-1,66.0
0.473,0.261,36,personal,cafe,,-1,40.2
0.226,0.207,55,personal,store,12:45,6.75,53.0
0.389,0.406,13,errand,home,23:45,8.75,14.6
0.16,0.4,113,social,home,17:00,1.0,69.0
0.697,0.733,89,work,office,,-1,121.1
0.305,0.411,85,personal,cafe,,-1,78.1
0.649,0.45,115,work,home,,-1,129.8
0.903,0.811,75,study,office,17:45,6.75,127.1
0.657,0.207,10,errand,outdoor,,-1,35.0
0.632,0.197,13,errand,store,18:30,5.5,25.2
0.633,0.733,26,health,home,15:00,6.0,34.5
0.671,0.352,62,social,home,18:18,2.3,69.0
0.14,0.637,30,errand,store,,-1,35.5
0.72,0.57,21,personal,home,,-1,25.2
0.457,0.612,112,work,office,,-1,133.8
0.593,0.591,159,social,outdoor,,-1,183.8
0.551,0.216,23,errand,home,,-1,22.8
0.463,0.79,35,personal,home,12:45,-2.25,0.0
0.654,0.195,123,social,cafe,,-1,127.0
0.192,0.63,116,study,home,08:18,-13.7,0.0
0.37,0.979,43,health,gym,19:00,-1.0,74.6
0.417,0.29,122,social,outdoor,19:45,13.75,145.0
0.44,0.465,157,social,cafe,16:30,1.5,114.0
0.498,0.477,25,personal,home,,-1,21.3
0.444,0.475,32,health,outdoor,10:30,-6.5,0.0
0.736,0.627,88,work,cafe,14:30,-0.5,0.0
0.887,0.353,35,personal,home,,-1,43.2
0.324,0.652,25,health,gym,,-1,46.4
0.423,0.983,44,health,gym,11:00,-10.0,0.0
0.568,0.497,74,study,office,16:00,-1.0,86.2
0.585,0.53,26,personal,cafe,23:30,15.5,31.3
0.876,0.842,54,study,home,09:30,-10.5,0.0
0.884,1.0,24,health,outdoor,,-1,71.0
0.837,0.666,86,study,home,,-1,103.8
0.448,0.622,97,study,cafe,,-1,119.5
0.583,0.609,87,study,home,,-1,98.2
0.614,0.653,73,work,cafe,,-1,98.9
0.137,0.197,22,errand,outdoor,,-1,38.7
0.588,0.781,17,personal,cafe,,-1,24.6
0.584,0.316,18,personal,store,,-1,28.7
0.388,0.543,97,study,office,,-1,124.5
0.318,0.538,53,health,gym,23:00,3.0,76.8
0.134,0.887,10,errand,outdoor,12:45,-8.25,0.0
0.39,0.596,99,work,home,,-1,107.6
0.51,0.842,42,errand,home,,-1,40.6
0.425,0.543,45,errand,store,13:45,7.75,50.2
0.605,0.314,40,errand,outdoor,14:45,5.75,54.5
0.47,0.727,105,work,home,,-1,122.4
0.192,0.469,21,personal,home,,-1,18.1
0.833,0.746,47,health,home,14:45,0.75,59.6
0.487,0.674,64,study,office,,-1,77.8
0.461,0.845,42,study,home,,-1,50.5
0.411,0.522,80,social,outdoor,,-1,100.1
0.3,0.709,28,personal,store,21:15,15.25,34.9
0.571,0.44,50,work,office,,-1,67.7
0.46,0.044,19,errand,home,,-1,20.0
0.337,0.405,37,errand,store,,-1,35.9
0.108,0.328,29,errand,home,,-1,18.6
0.187,0.566,86,work,cafe,,-1,93.6
0.762,0.343,84,work,office,10:00,4.0,120.9
0.813,0.837,99,work,home,,-1,139.6
0.94,0.562,68,study,cafe,,-1,107.7
0.482,0.58,31,work,office,,-1,49.5
0.408,0.052,145,social,outdoor,,-1,159.8
0.177,0.867,58,health,home,,-1,70.2
0.497,0.501,58,study,cafe,23:00,17.0,74.2
0.121,0.23,35,work,cafe,,-1,41.7
0.287,0.418,65,social,cafe,10:15,-0.75,0.0
0.519,0.404,80,work,cafe,12:30,0.5,0.0
0.904,0.814,36,health,outdoor,,-1,80.8
0.309,0.118,36,personal,cafe,,-1,37.8
0.246,0.721,105,work,cafe,15:15,1.25,99.5
0.367,0.555,22,health,outdoor,,-1,51.2
0.375,0.998,44,health,gym,,-1,76.9
0.677,0.391,67,work,home,22:00,9.0,76.8
0.595,0.872,39,work,home,,-1,53.0
0.596,0.566,30,errand,home,,-1,25.0
0.324,0.786,44,study,home,,-1,49.1
0.118,0.149,61,personal,cafe,,-1,48.0
0.802,0.485,92,work,office,23:18,11.3,138.5
0.116,0.422,56,study,cafe,,-1,55.9
0.288,0.52,57,health,home,,-1,62.9
0.212,0.464,86,personal,cafe,19:15,11.25,76.9
0.358,0.369,51,personal,cafe,,-1,46.9
0.02,0.756,16,errand,home,,-1,8.8
0.337,0.664,23,errand,store,,-1,25.9
0.583,0.549,78,work,home,16:15,-0.75,0.0
0.282,0.112,42,errand,outdoor,20:45,-1.25,0.0
0.242,0.459,39,study,cafe,,-1,41.9
0.781,0.316,22,health,home,,-1,30.0
0.232,0.267,37,errand,store,15:00,2.0,39.9
0.0,0.265,110,social,home,,-1,91.0
0.699,0.737,31,health,gym,,-1,64.1
0.58,0.724,45,health,outdoor,,-1,74.0
0.244,0.0,52,personal,cafe,10:15,-2.75,0.0
0.212,0.495,177,social,cafe,13:15,-1.75,0.0
0.116,0.499,23,personal,store,18:18,8.3,30.5
0.535,0.482,36,work,home,10:30,-4.5,0.0
0.26,0.547,117,social,outdoor,13:45,-8.25,0.0
0.572,0.756,66,study,office,09:30,1.5,86.8
0.651,0.393,67,personal,home,,-1,56.0
0.511,0.653,73,work,home,,-1,85.1
0.287,0.089,96,social,cafe,15:00,3.0,92.1
0.679,0.121,12,errand,outdoor,,-1,34.4
0.59,0.609,42,study,home,,-1,40.5
0.431,0.192,36,errand,outdoor,22:15,13.25,57.3
0.499,0.741,35,study,office,17:00,-4.0,0.0
1.0,0.298,40,study,office,,-1,73.3
0.321,0.769,11,errand,outdoor,14:30,8.5,34.1
0.449,0.595,109,study,cafe,,-1,125.8
0.859,0.846,97,study,cafe,17:00,11.0,140.3
0.362,0.612,57,personal,home,,-1,49.9
0.411,0.22,29,personal,home,,-1,21.3
0.143,0.34,19,errand,home,,-1,9.8
0.833,0.549,113,work,cafe,14:18,8.3,144.3
0.435,0.375,106,study,home,,-1,100.8
0.415,0.613,179,social,outdoor,11:18,-7.7,0.0
0.556,0.377,35,work,home,15:45,5.75,36.5
0.332,0.509,18,errand,home,21:18,9.3,14.5
0.358,0.688,107,work,cafe,19:18,0.3,0.0
0.262,0.551,27,errand,store,,-1,33.8
0.49,0.596,75,study,office,21:18,12.3,94.4
0.432,0.533,101,social,home,10:15,3.25,101.5
0.492,0.863,96,study,home,15:18,-4.7,0.0
0.714,0.184,124,social,home,,-1,139.0
0.545,0.311,59,personal,store,,-1,65.3
0.556,0.513,95,work,cafe,,-1,119.3
0.264,0.519,16,personal,home,19:18,2.3,11.9
0.455,0.949,51,work,office,,-1,83.9
0.289,0.56,50,personal,home,21:00,4.0,36.9
0.581,0.225,31,study,office,,-1,47.1
0.433,0.96,43,study,office,14:45,4.75,62.7
0.701,0.738,37,errand,outdoor,15:15,-3.75,0.0
0.661,0.427,51,health,home,,-1,64.2
0.233,0.818,80,work,home,,-1,81.9
0.267,0.451,25,errand,home,19:00,2.0,18.1
0.371,0.068,70,personal,cafe,,-1,69.1
0.423,0.363,71,work,cafe,,-1,81.4
0.422,0.388,88,personal,home,,-1,74.9
0.408,0.469,54,personal,cafe,12:30,-7.5,0.0
0.701,0.629,106,work,cafe,,-1,142.7
0.26,0.533,17,personal,home,12:15,-0.75,0.0
0.339,0.021,63,social,cafe,,-1,64.5
0.407,0.323,25,personal,cafe,,-1,32.4
0.628,0.342,83,social,cafe,,-1,95.5
0.582,0.491,159,social,outdoor,,-1,184.8
0.459,0.282,171,social,home,,-1,160.7
0.672,0.76,119,work,office,,-1,151.2
0.526,0.376,74,personal,store,16:00,-5.0,0.0
0.456,0.552,18,errand,home,16:45,-1.25,0.0
0.721,0.662,102,study,home,,-1,113.6
0.265,0.341,56,personal,cafe,10:18,-6.7,0.0
1.0,0.89,49,health,home,17:00,3.0,86.7
0.236,0.392,82,work,office,13:00,1.0,79.2
0.232,0.0,50,personal,home,11:15,0.25,0.0
0.78,0.532,39,health,outdoor,,-1,78.5
0.432,0.544,92,work,home,23:00,1.0,86.4
0.359,0.608,93,work,office,,-1,120.4
0.903,0.565,116,work,home,,-1,160.9
0.398,0.575,30,study,cafe,,-1,48.2
0.637,0.544,117,work,office,,-1,144.1
0.6,0.331,97,work,cafe,21:45,6.75,116.3
0.541,0.642,101,work,cafe,23:15,4.25,118.0
0.41,0.628,44,work,home,,-1,57.1
0.055,0.145,26,personal,cafe,,-1,24.1
0.294,0.16,50,personal,cafe,12:15,-2.75,0.0
0.454,0.343,45,errand,outdoor,,-1,62.9
0.564,0.535,42,personal,home,16:45,-1.25,0.0
0.718,0.661,66,work,cafe,,-1,81.3
0.125,0.458,41,errand,store,14:45,-7.25,0.0
0.543,0.174,89,work,home,,-1,87.1
0.828,0.682,42,work,home,13:30,5.5,55.2
0.719,0.883,25,health,gym,20:30,0.5,52.6
0.677,0.829,78,work,home,,-1,95.2
0.257,0.593,92,work,home,,-1,94.9
0.137,0.724,34,study,office,13:18,-6.7,0.0
0.536,0.0,67,personal,store,,-1,64.5
0.618,0.513,36,study,cafe,13:45,-2.25,0.0
0.66,0.75,58,work,office,,-1,75.9
0.363,0.787,66,study,cafe,,-1,84.6
1.0,0.619,70,social,outdoor,16:15,9.25,128.0
0.0,0.202,31,personal,home,,-1,18.5
0.208,0.149,33,personal,store,12:45,-7.25,0.0
0.174,0.41,12,errand,outdoor,,-1,36.8
0.128,0.4,35,errand,store,,-1,35.6
0.499,0.535,15,errand,outdoor,11:30,-3.5,0.0
0.611,0.546,62,work,home,21:15,14.25,65.3
0.119,0.075,53,personal,store,,-1,54.6
0.418,0.63,69,study,home,,-1,73.9
0.364,0.779,48,study,office,,-1,66.0
0.523,0.369,35,personal,home,09:18,-12.7,0.0
0.664,0.849,72,work,office,,-1,106.5
0.662,0.727,29,health,gym,10:45,-11.25,0.0
0.283,0.26,18,personal,cafe,,-1,26.0
0.613,0.314,43,personal,store,,-1,51.2
0.218,0.295,12,errand,outdoor,,-1,33.8
0.619,0.547,84,work,office,15:00,2.0,110.0
0.441,0.355,91,work,office,20:18,11.3,110.2
0.342,0.663,42,health,gym,11:18,-7.7,0.0
0.0,0.612,57,study,cafe,,-1,52.3
0.266,0.317,154,social,outdoor,,-1,173.4
0.926,0.511,119,work,cafe,11:00,3.0,183.7
0.66,0.738,39,health,home,21:15,1.25,49.1
0.293,0.096,16,personal,cafe,,-1,19.0
0.29,0.081,89,personal,home,,-1,64.3
1.0,0.74,101,work,home,,-1,161.5
0.345,0.302,69,personal,cafe,,-1,73.8
0.586,0.815,30,errand,store,20:00,14.0,43.9
0.648,0.872,119,study,home,,-1,150.4
0.268,0.357,56,study,office,,-1,68.3
0.279,0.314,38,study,home,19:45,8.75,36.2
0.494,0.404,140,social,outdoor,,-1,167.4
0.588,0.399,60,work,office,,-1,82.2
0.827,0.323,113,work,office,23:45,3.75,171.0
0.595,0.994,45,work,home,14:18,7.3,57.9
0.552,0.747,36,health,gym,,-1,58.9
0.13,0.823,15,personal,store,09:18,-2.7,0.0
0.582,0.393,47,study,cafe,,-1,60.2
0.685,0.801,38,study,home,,-1,45.7
0.403,0.345,68,personal,home,20:45,-1.25,0.0
0.467,1.0,28,health,outdoor,,-1,61.3
0.166,0.301,18,personal,cafe,,-1,22.6
0.454,0.327,26,errand,home,12:18,-9.7,0.0
0.724,0.748,100,work,cafe,19:15,7.25,135.0
0.323,0.344,51,personal,store,10:45,3.75,51.2
0.395,0.467,84,work,cafe,,-1,98.3
0.085,0.542,49,personal,cafe,,-1,40.7
0.269,0.494,75,personal,home,10:00,-3.0,0.0
0.443,0.771,55,health,gym,,-1,82.0
0.188,0.94,114,study,office,21:45,1.75,117.0
0.546,0.659,65,work,home,,-1,68.4
0.441,0.745,111,study,home,22:30,1.5,94.3
0.355,0.481,86,personal,store,,-1,91.5
0.181,0.401,74,study,home,11:00,-10.0,0.0
0.232,0.411,82,personal,home,17:45,9.75,68.9
0.101,0.289,29,errand,store,10:45,1.75,28.6
0.025,0.306,108,study,home,19:00,9.0,83.7
0.457,0.584,25,errand,outdoor,12:30,-8.5,0.0
0.601,0.573,78,personal,store,,-1,77.8
0.275,0.52,100,work,home,12:30,-1.5,0.0
0.514,0.786,66,work,cafe,15:18,3.3,80.6
0.681,0.659,113,work,home,,-1,135.1
0.185,0.321,50,personal,store,,-1,48.7
0.649,0.457,73,work,cafe,23:00,1.0,79.3
0.625,0.677,60,health,home,12:00,-6.0,0.0
0.448,0.287,119,study,home,,-1,130.8
0.37,0.244,79,social,home,,-1,72.6
0.199,0.306,14,errand,home,18:18,-0.7,0.0
0.741,0.629,56,health,outdoor,20:00,14.0,101.5
0.454,0.544,60,work,cafe,,-1,74.9
0.441,0.858,95,work,home,10:18,2.3,114.7
0.362,0.491,29,errand,home,19:18,6.3,23.0
0.512,0.333,117,study,cafe,16:45,8.75,140.0
0.749,0.452,27,personal,cafe,,-1,37.0
0.431,0.505,109,social,home,,-1,103.7
0.616,0.58,102,work,home,,-1,110.3
0.53,0.602,58,health,gym,,-1,85.7
0.42,0.85,58,personal,cafe,22:30,15.5,64.8
0.594,0.553,50,health,home,14:45,0.75,45.2
0.238,0.392,51,personal,cafe,,-1,49.5
0.371,0.77,77,personal,store,18:18,8.3,79.4
0.715,0.926,26,health,outdoor,19:15,12.25,60.8
0.539,0.513,114,work,home,16:45,-4.25,0.0
0.427,0.709,35,work,home,,-1,40.7
0.499,0.454,104,work,home,20:00,11.0,109.7
0.005,0.601,25,health,home,,-1,22.0
0.328,0.428,59,personal,store,,-1,61.6
0.956,0.864,22,health,outdoor,16:15,-0.75,0.0
0.469,0.95,112,work,home,13:45,2.75,136.0
0.757,0.689,80,study,home,,-1,98.4
0.231,0.62,81,study,cafe,19:30,8.5,83.2
0.325,0.139,16,errand,store,15:18,-4.7,0.0
0.003,0.505,42,errand,home,09:18,-10.7,0.0
0.484,0.66,60,health,outdoor,,-1,96.7
0.395,0.39,106,study,home,11:15,-9.75,0.0
0.803,0.569,22,health,home,09:18,-12.7,0.0
0.269,0.671,53,work,cafe,14:45,7.75,60.2
0.678,0.774,39,personal,home,13:00,3.0,38.6
0.249,0.62,42,personal,store,,-1,40.6
0.311,0.28,54,personal,home,15:15,9.25,49.7
0.958,0.609,43,health,home,09:00,-7.0,0.0
0.415,0.449,96,study,office,,-1,117.4
0.22,0.786,144,social,home,12:18,3.3,129.6
0.44,0.124,153,social,outdoor,,-1,168.4
0.416,0.597,72,personal,home,,-1,61.6
0.399,0.695,108,study,home,,-1,119.4
0.078,0.375,33,errand,outdoor,10:45,-6.25,0.0
0.633,0.498,108,social,cafe,08:45,-8.25,0.0
0.191,0.594,24,personal,cafe,10:00,3.0,31.5
0.481,0.38,56,work,home,,-1,58.2
0.706,0.9,105,work,cafe,13:18,-3.7,0.0
0.609,1.0,47,health,home,19:00,1.0,72.8
0.32,0.438,177,social,cafe,,-1,166.1
0.336,0.847,53,health,outdoor,13:30,4.5,82.8
0.774,0.423,23,personal,store,,-1,29.3
0.725,0.468,108,work,cafe,10:15,2.25,135.9
0.272,0.031,36,personal,home,22:45,10.75,22.7
0.408,0.869,40,work,home,,-1,50.7
0.7,0.724,83,work,office,,-1,116.8
0.439,0.474,37,errand,outdoor,21:00,13.0,61.3
0.428,0.247,31,errand,home,18:00,11.0,26.7
0.775,0.9,53,health,gym,,-1,102.1
0.476,0.626,17,errand,store,13:15,-0.75,0.0
0.752,0.735,23,health,home,,-1,34.5
0.512,0.521,43,health,outdoor,,-1,70.7
0.443,0.502,65,study,cafe,,-1,77.0
0.391,0.211,113,study,office,,-1,122.4
0.422,0.186,74,social,home,17:15,4.25,68.7
0.577,0.326,96,study,home,,-1,92.2
0.633,0.82,28,health,gym,,-1,56.0
0.367,0.375,133,social,home,,-1,134.2
0.45,0.458,59,personal,home,,-1,50.3
0.088,0.209,71,personal,store,,-1,56.8
0.123,0.501,115,work,home,08:00,-4.0,0.0
0.018,0.481,20,errand,store,23:30,2.5,26.2
0.601,0.578,31,work,cafe,,-1,39.9
0.396,0.286,88,social,cafe,,-1,97.0
0.652,0.792,60,health,gym,,-1,95.2
0.73,0.674,39,health,gym,14:18,0.3,52.2
0.404,0.301,11,errand,store,21:15,-0.75,0.0
0.24,0.385,34,errand,home,,-1,25.0
0.11,0.718,77,personal,cafe,17:15,7.25,61.8
0.63,0.787,106,work,home,22:45,3.75,130.3
0.699,0.466,54,health,home,22:30,7.5,64.1
0.464,0.566,80,study,office,20:15,11.25,102.7
0.215,0.538,59,work,office,,-1,75.0
0.605,0.482,11,errand,store,22:45,8.75,23.5
0.485,0.244,94,social,cafe,,-1,93.2
0.0,0.71,39,errand,outdoor,,-1,54.1
0.073,0.374,27,personal,cafe,,-1,33.3
0.118,0.274,69,personal,cafe,,-1,57.5
0.441,0.267,10,errand,home,,-1,6.4
0.488,1.0,40,health,gym,,-1,71.8
0.323,0.5,32,personal,cafe,,-1,33.5
0.724,0.355,102,study,home,,-1,130.3
0.591,0.301,150,social,home,,-1,143.3
0.458,0.321,46,work,cafe,12:30,6.5,59.0
0.553,0.339,42,errand,outdoor,12:00,-1.0,63.3
0.392,0.281,74,personal,home,,-1,62.4
0.54,0.358,28,errand,outdoor,,-1,51.5
0.18,0.719,49,personal,store,,-1,50.4
0.337,0.553,56,personal,home,,-1,41.2
0.487,0.645,101,work,office,19:45,12.75,119.8
0.26,0.446,22,personal,cafe,,-1,30.2
0.386,1.0,112,work,cafe,18:18,3.3,157.3
0.473,0.285,34,personal,cafe,,-1,41.0
0.66,0.63,34,work,cafe,,-1,46.0
0.168,0.732,105,study,home,,-1,92.5
0.171,0.492,120,study,cafe,13:00,-1.0,105.9
0.604,0.687,29,health,gym,14:30,3.5,52.4
0.327,0.805,45,health,gym,,-1,73.5
0.384,0.276,33,errand,outdoor,,-1,52.6
0.627,0.231,89,personal,cafe,,-1,89.1
0.767,0.685,97,work,cafe,22:00,5.0,126.1
0.721,0.404,115,social,home,13:30,-0.5,0.0
0.381,0.368,22,errand,store,11:15,1.25,32.1
0.045,0.21,34,personal,home,,-1,23.7
0.302,0.194,62,social,outdoor,,-1,80.8
0.435,0.5,105,social,home,,-1,107.4
0.437,0.294,57,study,home,,-1,61.0
0.347,0.557,110,study,home,,-1,114.9
0.171,0.827,72,social,home,21:18,14.3,63.4
0.264,0.45,70,personal,cafe,,-1,69.1
0.588,0.391,35,work,cafe,,-1,44.8
0.206,0.0,79,social,cafe,,-1,73.1
0.446,0.276,29,personal,store,15:30,-0.5,0.0
0.475,0.386,75,personal,cafe,,-1,78.6
0.868,0.525,85,work,home,,-1,118.0
0.0,0.148,100,social,outdoor,,-1,100.5
0.58,0.12,55,study,office,,-1,68.2
0.325,0.966,54,work,home,15:45,7.75,66.9
0.445,0.674,67,study,cafe,,-1,75.5
0.137,0.442,13,errand,store,,-1,18.4
0.269,0.649,11,errand,outdoor,19:18,-2.7,0.0
0.587,0.448,20,health,outdoor,22:45,0.75,48.6
0.163,0.17,35,personal,home,23:00,10.0,27.2
0.632,0.573,98,work,cafe,15:18,6.3,116.8
0.036,0.4,17,personal,home,10:30,-6.5,0.0
0.247,0.264,15,personal,cafe,11:30,5.5,19.7
0.675,0.482,150,social,outdoor,,-1,179.4
0.538,0.558,42,health,gym,14:30,6.5,66.5
0.445,0.161,83,personal,home,,-1,66.9
0.282,0.438,41,study,office,,-1,54.2
0.623,0.055,54,work,home,09:00,0.0,0.0
0.39,0.221,33,personal,cafe,22:15,16.25,33.7
0.27,0.628,24,personal,store,10:30,1.5,24.4
0.359,0.017,17,personal,cafe,,-1,24.5
0.573,0.311,35,study,cafe,19:00,-1.0,50.6
0.397,0.199,69,social,home,,-1,72.2
0.209,0.409,10,errand,outdoor,18:00,8.0,35.0
0.548,0.235,74,social,cafe,,-1,83.8
0.142,0.378,18,errand,store,22:00,16.0,19.8
0.472,0.307,36,personal,store,,-1,36.3
0.651,0.617,55,health,gym,13:00,7.0,86.1
0.538,0.581,134,social,cafe,,-1,148.3
0.519,0.567,48,work,cafe,14:30,7.5,56.9
0.347,0.31,60,personal,cafe,,-1,57.6
0.568,0.801,38,health,gym,,-1,68.5
0.444,0.976,58,health,outdoor,,-1,95.9
0.451,0.489,30,study,cafe,,-1,39.5
0.223,0.154,89,personal,store,16:30,0.5,0.0
0.534,1.0,20,health,home,20:30,-1.5,0.0
0.435,0.529,23,personal,cafe,,-1,31.8
0.199,0.282,75,study,home,,-1,67.2
0.463,0.356,77,work,cafe,,-1,94.4
0.489,1.0,93,work,home,08:00,0.0,0.0
0.393,1.0,115,work,office,,-1,168.6
0.487,0.228,93,study,home,,-1,92.7
0.023,0.459,27,errand,outdoor,13:30,3.5,39.0
0.652,0.782,58,health,home,,-1,77.3
0.621,0.449,44,errand,outdoor,,-1,67.5
0.483,0.771,74,study,office,17:18,-1.7,0.0
0.543,0.583,35,errand,store,11:15,-2.75,0.0
0.449,0.69,79,study,cafe,10:45,3.75,95.9
0.534,0.536,77,personal,home,12:15,-6.75,0.0
0.387,0.303,74,personal,home,,-1,61.2
0.25,0.483,65,social,home,,-1,55.7
0.49,0.679,56,health,outdoor,,-1,81.9
0.72,0.239,99,study,home,,-1,118.5
0.449,0.355,23,personal,store,,-1,32.7
0.438,0.521,24,health,gym,10:18,-1.7,0.0
0.192,0.359,47,personal,cafe,,-1,49.4
0.276,0.209,26,personal,cafe,09:18,-9.7,0.0
0.429,0.394,98,study,office,,-1,118.2
0.306,0.242,38,errand,outdoor,,-1,57.9
0.515,0.572,80,work,home,08:00,-4.0,0.0
0.486,0.286,40,errand,store,18:30,4.5,51.1
0.482,0.741,82,work,office,,-1,102.1
0.695,0.748,87,study,office,23:18,14.3,118.9
0.436,0.625,20,health,home,18:00,8.0,20.6
0.367,0.537,25,personal,store,13:00,5.0,26.6
0.307,0.468,62,social,cafe,10:30,-9.5,0.0
0.204,0.314,28,errand,store,,-1,36.4
0.577,0.674,51,personal,home,,-1,43.1
0.28,0.373,93,study,office,,-1,112.6
0.171,0.107,44,errand,home,,-1,23.9
0.217,0.437,31,personal,cafe,20:15,3.25,33.7
0.001,0.387,42,errand,store,17:45,-0.25,0.0
0.824,0.422,89,work,cafe,09:18,-7.7,0.0
0.376,0.261,152,social,home,10:45,-0.25,0.0
0.808,0.946,102,work,office,,-1,173.0
0.839,0.836,43,study,home,,-1,65.0
0.517,0.683,49,work,cafe,,-1,61.6
0.258,0.343,74,personal,cafe,15:45,-2.25,0.0
0.567,0.497,31,errand,home,,-1,28.5
0.713,0.497,61,work,cafe,14:00,-3.0,0.0
0.122,0.615,89,study,office,17:30,11.5,100.7
0.849,0.504,42,health,gym,,-1,83.7
0.13,0.284,78,work,office,16:15,7.25,80.4
0.714,0.564,40,health,outdoor,,-1,79.4
0.617,0.486,109,work,home,,-1,128.3
0.233,0.993,103,study,cafe,,-1,125.7
0.415,0.207,88,personal,store,,-1,82.6
0.417,0.488,40,errand,home,,-1,36.6
0.38,0.604,90,work,home,,-1,96.0
0.0,0.336,32,errand,outdoor,,-1,48.5
0.101,0.365,46,personal,cafe,,-1,43.4
0.461,0.275,59,health,gym,,-1,89.8
0.268,0.474,42,errand,outdoor,,-1,58.2
0.538,0.477,93,work,cafe,09:18,-11.7,0.0
0.426,0.283,27,personal,home,,-1,26.6
0.355,0.668,25,health,gym,11:15,3.25,51.8
0.349,0.189,65,personal,store,,-1,64.2
0.317,0.127,152,social,outdoor,13:00,7.0,151.1
0.185,0.449,48,personal,cafe,08:45,0.75,38.3
0.637,0.912,60,health,gym,23:45,6.75,98.9
0.669,0.755,27,health,home,15:45,-6.25,0.0
0.321,0.333,29,errand,store,,-1,32.2
0.505,0.734,50,health,outdoor,,-1,85.0
0.318,0.479,30,personal,home,,-1,30.0
0.648,0.419,22,errand,outdoor,10:30,-0.5,0.0
0.712,0.525,66,social,home,19:45,7.75,79.3
0.415,0.587,59,work,cafe,23:18,15.3,68.2
0.642,0.316,23,errand,outdoor,,-1,48.6
0.629,0.731,83,work,cafe,21:15,14.25,99.7
0.679,0.629,37,health,outdoor,,-1,71.2
0.306,0.4,39,errand,outdoor,13:30,3.5,58.3
0.377,0.127,32,errand,store,,-1,27.7
0.566,0.72,54,work,cafe,16:30,8.5,68.2
0.299,0.019,65,social,outdoor,,-1,74.7
0.595,0.652,92,work,office,,-1,116.3
0.112,0.426,37,errand,store,,-1,39.6
0.438,0.212,73,personal,home,,-1,55.3
0.28,0.782,69,work,home,,-1,68.7
0.44,0.481,32,errand,home,,-1,29.9
0.705,0.557,80,social,cafe,,-1,93.6
0.374,0.697,38,errand,store,16:45,3.75,45.4
0.536,0.245,105,work,office,,-1,129.9
0.885,0.41,47,work,office,,-1,78.1
0.323,0.564,32,work,cafe,,-1,41.9
0.458,0.516,66,study,office,11:15,0.25,0.0
0.439,0.089,136,social,cafe,,-1,122.2
0.495,0.681,90,work,home,16:00,7.0,106.3
0.294,0.0,172,social,home,,-1,139.7
0.554,0.238,49,personal,cafe,11:00,5.0,57.6
0.429,0.531,40,errand,outdoor,12:18,-5.7,0.0
1.0,0.727,97,work,office,19:15,0.25,0.0
0.0,0.69,32,personal,store,,-1,28.5
0.076,0.431,39,errand,store,,-1,40.5
0.613,0.478,81,study,office,,-1,93.4
0.481,0.342,64,personal,home,20:30,3.5,53.5
0.439,1.0,102,work,cafe,,-1,157.0
0.0,0.246,70,personal,store,21:15,1.25,57.4
0.443,0.537,58,study,cafe,20:15,2.25,76.6
0.293,0.742,51,health,outdoor,23:45,7.75,86.4
0.294,0.582,16,personal,cafe,10:15,-3.75,0.0
0.457,0.678,71,work,office,,-1,91.4
0.605,0.583,115,work,cafe,13:18,-4.7,0.0
0.409,1.0,24,health,gym,,-1,48.7
0.576,0.427,47,personal,cafe,,-1,52.1
0.488,0.132,90,personal,home,18:18,3.3,69.6
0.79,0.48,30,health,gym,16:18,5.3,53.8
0.0,0.129,98,social,outdoor,,-1,90.5
0.398,0.339,96,social,home,22:00,3.0,103.1
0.475,0.707,67,study,home,,-1,73.0
0.625,0.493,105,work,cafe,,-1,124.9
0.58,0.469,118,social,outdoor,15:45,-0.25,0.0
0.791,0.952,73,work,office,12:00,-2.0,0.0
0.512,0.406,23,personal,home,13:18,2.3,20.9
0.072,0.258,19,personal,home,,-1,13.5
0.055,0.87,69,social,home,,-1,68.9
0.239,0.875,36,work,office,,-1,54.7
0.461,0.774,83,work,office,17:30,0.5,0.0
0.428,0.642,33,errand,home,23:45,9.75,31.6
0.874,0.479,40,health,outdoor,13:00,-2.0,0.0
0.414,0.972,97,work,home,,-1,113.4
0.472,0.0,50,work,home,09:18,-3.7,0.0
0.709,0.851,53,work,cafe,,-1,84.3
0.31,0.957,81,work,cafe,23:18,17.3,104.6
0.221,0.485,32,personal,cafe,14:00,-3.0,0.0
0.477,0.383,58,personal,cafe,,-1,53.6
0.533,0.52,57,study,office,,-1,73.4
0.257,0.473,34,personal,store,16:15,-3.75,0.0
0.665,0.88,61,study,cafe,16:18,8.3,89.2
0.556,0.884,52,study,office,,-1,72.1
0.511,0.278,50,study,office,08:30,-1.5,0.0
0.367,0.356,106,study,home,,-1,115.6
0.363,0.705,56,study,home,11:45,5.75,62.7
0.056,0.632,34,errand,home,10:00,-6.0,0.0
0.347,0.357,89,personal,home,,-1,67.1
0.532,0.167,111,social,cafe,,-1,119.5
0.717,0.873,105,work,cafe,23:45,16.75,136.4
0.949,0.982,39,health,gym,,-1,90.8
0.56,0.916,79,work,cafe,,-1,108.0
0.388,0.403,58,health,gym,,-1,88.1
0.65,0.626,24,health,gym,,-1,50.0
0.404,0.0,91,social,outdoor,20:00,9.0,101.3
0.493,0.567,70,work,office,19:15,5.25,90.5
0.356,0.253,119,social,outdoor,,-1,139.2
0.228,0.772,67,personal,store,,-1,65.1
0.224,0.785,110,work,home,,-1,110.5
0.388,0.594,44,work,office,10:18,-11.7,0.0
0.054,0.33,87,personal,home,20:18,3.3,55.2
0.298,0.319,49,personal,home,12:45,2.75,43.6
0.249,0.49,154,social,cafe,,-1,142.9
0.307,0.796,86,study,office,,-1,107.9
0.401,0.105,40,errand,store,,-1,44.4
0.67,0.238,69,personal,home,08:45,-11.25,0.0
0.514,0.681,45,personal,home,,-1,38.9
0.411,0.394,19,personal,home,17:15,3.25,8.7
0.363,0.83,101,work,cafe,,-1,126.9
0.488,0.329,39,work,office,15:18,-0.7,0.0
0.694,0.433,101,study,cafe,13:45,5.75,127.1
0.696,0.877,67,work,home,,-1,88.2
0.445,0.655,87,study,home,,-1,94.3
0.548,0.791,47,study,cafe,22:15,11.25,65.7
0.322,0.552,14,errand,home,12:18,3.3,13.6
0.528,0.465,86,work,cafe,,-1,105.6
0.545,0.437,99,work,office,15:00,-1.0,119.4
0.417,0.401,64,work,home,,-1,76.5
0.597,0.002,90,work,cafe,15:00,-2.0,0.0
0.636,0.668,31,health,gym,,-1,58.6
0.427,0.15,150,social,home,,-1,145.9
0.541,0.491,43,study,cafe,16:18,-4.7,0.0
0.555,0.446,36,work,office,09:00,2.0,49.2
0.207,0.33,15,errand,store,20:30,2.5,21.6
0.0,0.69,50,personal,home,,-1,26.2
0.59,0.77,41,health,outdoor,,-1,70.3
0.131,0.467,151,social,outdoor,08:45,-0.25,0.0
0.499,0.666,71,social,outdoor,14:45,-1.25,0.0
0.266,0.212,47,personal,cafe,12:15,1.25,45.9
0.299,0.62,17,errand,home,,-1,16.0
0.522,0.301,40,personal,store,20:15,-0.75,0.0
0.694,1.0,38,health,outdoor,11:15,-6.75,0.0
0.477,0.5,44,health,outdoor,,-1,74.2
0.228,0.209,85,personal,store,11:45,4.75,70.2
0.499,0.425,66,personal,cafe,22:15,12.25,73.9
0.582,0.27,90,work,office,19:18,10.3,114.6
0.295,1.0,84,work,home,,-1,104.4
0.486,0.611,52,study,home,13:45,3.75,58.4
0.3,0.573,51,personal,store,,-1,48.0
0.436,0.568,102,work,home,,-1,105.0
0.149,0.67,99,social,home,14:30,2.5,89.8
0.771,0.446,44,personal,home,,-1,46.0
0.502,0.317,40,work,cafe,,-1,48.7
0.134,0.733,26,errand,outdoor,,-1,38.8
0.565,0.764,88,work,home,,-1,93.8
0.53,0.739,75,work,cafe,,-1,92.2
0.392,0.224,17,personal,home,,-1,16.1
0.565,0.582,57,work,office,17:45,8.75,79.4
0.53,0.436,39,health,home,,-1,43.6
0.674,0.381,53,study,cafe,,-1,72.1
0.404,0.58,81,personal,store,,-1,79.9
0.349,0.664,77,study,office,21:00,6.0,96.1
0.23,1.0,52,health,home,11:18,-3.7,0.0
0.684,0.583,38,study,office,,-1,59.3
0.0,0.712,10,errand,home,,-1,7.0
0.834,0.791,56,health,home,,-1,80.7
0.645,0.105,56,personal,cafe,,-1,57.3
0.073,0.234,32,personal,cafe,21:30,11.5,28.6
0.512,0.586,76,personal,home,,-1,72.3
0.855,0.173,62,work,office,,-1,91.8
0.526,0.235,104,study,office,,-1,117.9
0.728,0.766,58,work,home,,-1,72.9
0.223,0.664,54,personal,home,14:18,7.3,43.2
0.825,0.734,111,work,home,10:45,-0.25,0.0
0.441,0.552,36,study,home,,-1,41.3
0.3,0.164,72,personal,store,23:18,2.3,62.1
0.208,1.0,39,health,outdoor,09:30,-8.5,0.0
0.167,0.523,56,personal,cafe,,-1,52.0
0.348,0.81,58,health,outdoor,,-1,96.7
0.361,0.778,110,study,cafe,19:18,1.3,106.9
0.311,0.489,29,errand,store,,-1,34.8
0.552,0.413,35,work,home,16:45,5.75,38.6
0.374,0.815,43,health,gym,22:30,12.5,80.1
0.568,0.583,47,study,cafe,,-1,66.0
0.514,0.695,22,health,home,,-1,22.6
0.314,0.646,133,social,cafe,,-1,136.9
0.266,0.629,66,personal,store,,-1,59.4
0.422,0.697,37,personal,store,,-1,45.5
0.795,0.641,55,work,home,,-1,77.3
0.525,0.685,72,work,home,,-1,79.5
0.205,0.284,86,social,home,,-1,77.7
0.331,0.078,109,study,home,,-1,90.8
0.46,0.596,73,work,office,21:15,5.25,89.7
0.679,0.267,82,study,cafe,,-1,99.0
0.0,0.538,36,errand,outdoor,,-1,50.4
0.226,0.915,62,personal,cafe,,-1,67.5
0.732,0.231,16,errand,outdoor,,-1,41.7
0.553,0.594,82,work,home,11:45,-2.25,0.0
0.579,0.354,86,work,home,14:00,-1.0,85.1
0.038,0.29,44,personal,home,,-1,29.9
0.405,0.172,178,social,cafe,16:15,6.25,187.4
0.422,0.0,28,personal,store,,-1,34.4
0.615,0.496,101,work,home,20:45,11.75,104.5
0.0,0.544,34,errand,outdoor,,-1,45.3
1.0,0.611,33,health,outdoor,,-1,78.5
0.242,0.536,36,work,office,,-1,47.8
0.402,0.826,12,errand,home,,-1,10.2
0.062,0.384,14,errand,home,,-1,14.7
0.593,0.996,36,health,outdoor,19:30,5.5,73.0
0.147,0.969,60,health,outdoor,,-1,89.0
0.291,0.381,132,social,outdoor,,-1,148.8
0.567,1.0,54,health,gym,17:00,1.0,93.3
0.624,0.633,88,work,cafe,,-1,100.1
0.319,0.426,64,study,cafe,18:15,1.25,77.7
0.709,0.255,55,work,home,,-1,69.6
0.49,0.481,64,study,cafe,,-1,79.9
0.259,0.183,44,personal,store,19:45,2.75,45.6
0.584,0.211,57,study,office,20:45,11.75,71.0
0.248,0.461,21,personal,cafe,13:15,0.25,18.9
0.784,0.825,51,health,outdoor,,-1,106.7
0.603,0.373,72,work,cafe,09:00,-8.0,0.0
0.643,0.933,76,work,cafe,,-1,107.7
0.439,0.235,110,work,cafe,19:30,-0.5,0.0
0.989,0.639,32,work,cafe,18:45,4.75,54.5
0.612,0.387,72,personal,cafe,,-1,74.9
0.728,0.991,54,health,outdoor,,-1,111.6
0.551,0.762,58,health,outdoor,12:45,2.75,87.8
0.458,0.281,15,errand,outdoor,,-1,42.4
0.014,0.326,39,errand,outdoor,,-1,48.7
0.266,0.592,70,work,cafe,19:00,7.0,77.0
0.782,0.265,88,work,cafe,,-1,117.5
0.936,0.242,153,social,home,16:00,4.0,188.7
0.498,0.054,67,social,outdoor,,-1,88.4
0.474,0.406,161,social,home,11:30,-10.5,0.0
0.9,0.72,63,work,office,,-1,104.4
0.467,0.669,62,work,cafe,,-1,75.0
0.634,0.552,143,social,cafe,10:45,-0.25,0.0
0.222,0.254,32,errand,store,20:30,8.5,38.9
0.247,0.62,64,personal,home,17:30,-2.5,0.0
0.807,0.304,154,social,cafe,,-1,202.7
0.473,0.682,62,work,home,,-1,62.2
0.355,0.554,173,social,home,,-1,156.7
0.414,0.45,91,study,office,14:15,-5.75,0.0
0.408,0.851,31,personal,home,15:00,1.0,31.6
0.263,0.378,71,personal,store,,-1,61.5
0.678,0.498,72,work,home,,-1,84.5
0.151,0.236,102,work,home,16:00,-1.0,81.6
0.294,0.325,25,errand,home,,-1,21.3
0.427,0.453,87,personal,cafe,,-1,78.2
0.65,0.274,64,personal,cafe,18:00,6.0,67.4
0.974,0.159,30,study,office,,-1,58.9
0.562,0.313,91,study,home,,-1,91.9
0.317,0.54,45,errand,outdoor,10:45,4.75,66.8
0.644,0.866,34,study,cafe,,-1,50.3
0.753,0.708,62,work,cafe,20:15,7.25,88.5
0.556,0.664,25,health,gym,23:30,7.5,47.3
0.554,0.596,82,work,office,,-1,103.9
0.125,0.157,25,errand,store,13:15,-7.75,0.0
0.338,0.758,63,work,office,,-1,87.3
0.177,0.456,106,social,cafe,,-1,103.3
0.86,0.285,71,study,home,23:30,9.5,95.5
0.112,0.455,24,errand,home,,-1,15.4
0.403,0.475,71,work,office,,-1,92.3
0.072,0.627,81,personal,home,,-1,50.9
0.596,0.359,45,errand,store,,-1,56.8
0.316,0.342,16,errand,home,,-1,17.5
0.45,0.545,71,work,office,10:45,2.75,88.2
0.724,0.954,57,health,outdoor,11:15,-9.75,0.0
0.077,0.378,86,personal,home,17:00,11.0,58.2
0.378,0.113,26,errand,home,21:18,6.3,18.3
0.286,0.396,80,personal,store,,-1,79.7
0.18,0.0,159,social,cafe,08:15,-8.75,0.0
0.389,0.63,35,health,home,13:00,-6.0,0.0
0.585,0.591,26,personal,cafe,19:00,3.0,31.5
0.832,0.604,116,social,outdoor,16:15,5.25,173.0
0.416,0.242,77,work,home,,-1,88.8
0.341,0.607,52,study,cafe,12:15,-6.75,0.0
0.745,0.526,120,study,cafe,,-1,150.6
0.37,0.112,163,social,outdoor,,-1,173.6
0.556,0.651,98,study,home,,-1,103.8
0.64,0.729,47,health,gym,,-1,77.3
0.373,0.438,39,study,cafe,,-1,53.9
0.307,1.0,25,health,gym,23:00,12.0,48.9
0.416,0.604,67,personal,store,22:00,14.0,74.5
0.408,0.429,20,personal,home,09:30,3.5,18.7
0.0,0.515,71,personal,home,19:45,6.75,47.8
0.508,0.443,35,personal,store,09:45,-2.25,0.0
0.309,0.524,44,personal,home,15:00,4.0,38.3
0.563,0.54,43,study,cafe,13:30,7.5,56.1
0.252,0.662,31,work,home,08:00,-10.0,0.0
0.487,0.578,33,health,outdoor,13:00,-1.0,65.1
0.122,0.012,34,errand,store,13:15,-0.75,0.0
0.659,0.681,85,work,cafe,18:18,0.3,0.0
0.727,0.604,72,work,home,19:18,12.3,90.3
0.536,0.918,114,study,office,,-1,158.6
0.52,0.615,77,work,home,,-1,81.5
0.502,0.088,63,personal,home,,-1,47.2
0.323,0.75,32,personal,cafe,16:00,-5.0,0.0
0.566,0.602,31,work,home,21:18,8.3,38.5
0.504,0.892,51,work,home,,-1,62.8
0.309,0.262,30,personal,home,15:45,7.75,24.1
0.744,0.396,100,work,home,11:30,-2.5,0.0
0.39,0.781,41,health,home,,-1,49.8
0.313,0.264,69,personal,store,23:30,7.5,59.3
0.426,0.411,58,study,home,,-1,62.2
0.266,0.647,13,errand,outdoor,,-1,44.5
0.609,0.767,54,study,cafe,18:15,-2.75,0.0
0.59,0.46,118,work,office,,-1,150.0
0.58,0.544,84,work,cafe,,-1,106.3
0.724,0.876,20,health,outdoor,,-1,51.4
0.643,0.256,103,social,cafe,23:15,7.25,112.8
0.027,0.363,19,errand,outdoor,23:30,13.5,35.2
0.483,0.405,59,health,gym,,-1,90.7
0.355,0.455,20,personal,store,12:15,-9.75,0.0
0.639,0.521,144,social,outdoor,,-1,179.8
0.764,0.643,56,study,cafe,,-1,76.1
0.617,0.337,106,social,cafe,21:15,13.25,115.4
0.39,0.105,15,personal,home,,-1,13.8
0.546,0.641,56,study,home,,-1,57.2
0.45,0.338,74,study,cafe,,-1,89.4
0.766,0.577,31,work,cafe,,-1,50.4
0.29,0.43,170,social,cafe,09:30,-10.5,0.0
0.291,0.131,81,personal,cafe,,-1,71.2
0.347,0.657,96,work,cafe,15:15,-5.75,0.0
0.507,0.282,97,social,outdoor,,-1,125.2
0.998,0.464,45,study,home,20:30,11.5,62.6
0.487,0.267,20,personal,home,,-1,19.5
0.301,0.686,37,study,cafe,,-1,45.8
1.0,0.714,42,study,office,,-1,78.1
0.301,0.0,76,study,cafe,17:00,1.0,64.7
0.518,0.18,47,work,cafe,,-1,62.0
0.635,0.489,65,personal,home,19:15,8.25,61.9
0.201,0.386,65,personal,cafe,08:18,-10.7,0.0
0.608,0.579,18,personal,cafe,16:45,9.75,20.0
0.381,0.701,26,errand,store,15:18,2.3,36.6
0.637,0.486,75,study,cafe,,-1,92.3
0.551,0.618,70,work,cafe,16:30,-0.5,0.0
0.376,0.633,96,study,home,,-1,104.0
0.465,0.418,11,errand,outdoor,,-1,33.9
0.381,0.496,84,study,home,,-1,86.9
0.453,0.688,42,health,gym,16:18,0.3,49.9
0.497,0.3,84,social,outdoor,21:18,5.3,112.2
0.449,0.577,115,work,cafe,,-1,145.9
0.563,0.371,66,personal,home,,-1,59.3
0.52,0.684,60,personal,cafe,,-1,64.0
0.479,0.647,66,work,cafe,,-1,78.5
0.844,1.0,67,work,home,,-1,109.5
0.375,0.043,117,social,cafe,13:30,-7.5,0.0
0.089,0.278,79,personal,cafe,19:00,9.0,65.2
0.776,0.707,54,work,office,,-1,82.6
0.614,0.584,65,work,home,,-1,67.8
0.125,0.95,83,work,home,09:15,-1.75,0.0
0.387,0.482,26,errand,outdoor,22:15,8.25,50.6
0.323,0.507,51,personal,cafe,23:00,16.0,57.7
